date,open,close,high,low,vol
2023-03-23,38.846,41.376,41.986,38.456,91274.0
2023-03-24,41.376,39.936,41.696,39.416,68106.0
2023-03-27,39.856,40.256,40.556,39.456,45838.0
2023-03-28,39.836,38.386,39.956,38.256,56094.0
2023-03-29,38.406,39.026,39.476,38.406,41895.0
2023-03-30,38.916,39.756,40.696,38.636,68979.0
2023-03-31,39.926,40.156,41.746,39.576,48039.0
2023-04-03,39.766,38.976,39.766,37.806,91716.0
2023-04-04,38.906,38.076,38.906,37.806,68650.0
2023-04-06,38.126,39.856,40.256,37.816,86315.0
2023-04-07,40.476,40.006,42.056,39.836,85531.0
2023-04-10,39.976,39.956,41.056,39.136,71568.0
2023-04-11,40.116,39.426,40.116,38.686,49000.0
2023-04-12,39.256,39.506,39.696,38.706,50268.0
2023-04-13,39.406,38.136,39.406,37.906,47152.0
2023-04-14,38.446,38.246,38.806,37.736,33919.0
2023-04-17,38.046,37.196,38.246,36.866,43238.0
2023-04-18,37.136,37.906,38.526,36.666,49481.0
2023-04-19,37.656,37.906,38.546,37.266,36510.0
2023-04-20,37.736,40.156,40.386,37.556,78382.0
2023-04-21,40.356,38.026,41.686,37.856,85714.0
2023-04-24,38.006,37.826,39.626,37.256,55349.0
2023-04-25,37.636,36.516,38.006,35.976,58123.0
2023-04-26,36.246,35.546,37.086,35.336,40649.0
2023-04-27,35.556,35.216,36.026,34.876,36896.0
2023-04-28,34.986,35.706,36.036,34.986,28702.0
2023-05-04,35.506,33.816,35.636,33.436,59679.0
2023-05-05,33.746,32.776,33.746,32.536,41695.0
2023-05-08,32.586,33.076,33.246,32.556,29222.0
2023-05-09,32.976,32.516,33.386,32.476,28836.0
2023-05-10,32.476,32.156,32.736,31.906,27559.0
2023-05-11,32.206,31.866,32.486,31.816,25324.0
2023-05-12,31.946,31.546,32.146,31.506,16973.0
2023-05-15,31.516,31.976,31.976,31.136,18992.0
2023-05-16,31.976,31.576,32.146,31.516,18202.0
2023-05-17,31.746,31.616,31.806,31.316,15271.0
2023-05-18,31.856,33.226,33.256,31.856,56685.0
2023-05-19,33.056,32.826,33.076,32.346,34594.0
2023-05-22,32.746,32.666,33.426,32.566,27057.0
2023-05-23,32.396,32.586,33.006,32.316,17046.0
2023-05-24,32.316,32.576,32.976,32.156,19992.0
2023-05-25,32.396,32.976,33.046,32.326,27578.0
2023-05-26,33.036,33.016,33.216,32.476,25908.0
2023-05-29,33.046,33.496,34.036,33.046,31287.0
2023-05-30,33.366,34.076,34.076,32.886,27576.0
2023-05-31,34.256,33.926,34.546,33.646,25701.0
2023-06-01,34.126,33.996,34.896,33.926,33967.0
2023-06-02,34.106,33.916,34.836,33.896,27865.0
2023-06-05,34.016,34.556,34.756,33.886,29688.0
2023-06-06,34.636,33.456,34.726,33.416,29642.0
2023-06-07,33.736,33.716,34.416,33.466,25675.0
2023-06-08,33.206,32.256,33.366,31.706,49872.0
2023-06-09,32.456,33.686,33.726,32.256,41275.0
2023-06-12,33.686,33.696,33.926,33.266,28621.0
2023-06-13,33.556,33.966,34.526,33.256,31025.0
2023-06-14,34.106,34.536,34.806,33.546,38015.0
2023-06-15,34.806,35.456,36.726,34.806,90454.0
2023-06-16,34.766,36.446,36.556,34.336,72574.0
2023-06-19,37.086,37.256,37.586,36.296,94342.0
2023-06-20,36.756,36.346,36.876,35.906,59967.0
2023-06-21,36.066,35.556,36.256,35.516,39450.0
2023-06-26,35.906,35.466,36.656,35.266,58748.0
2023-06-27,35.996,35.126,35.996,34.476,43018.0
2023-06-28,35.006,34.586,35.106,33.956,31273.0
2023-06-29,34.376,34.726,34.936,34.256,23095.0
2023-06-30,34.716,35.766,36.106,34.556,38443.0
2023-07-03,35.756,35.596,36.066,35.276,31266.0
2023-07-04,36.256,35.596,37.546,35.566,60026.0
2023-07-05,35.746,34.816,35.976,34.596,38334.0
2023-07-06,34.826,34.806,35.686,34.546,30685.0
2023-07-07,34.656,34.256,34.696,33.906,26902.0
2023-07-10,34.406,34.536,34.636,34.176,17154.0
2023-07-11,35.276,35.306,36.256,35.076,40187.0
2023-07-12,35.006,33.776,35.326,33.776,38660.0
2023-07-13,33.806,33.996,34.106,33.606,18578.0
2023-07-14,34.006,35.806,36.976,34.006,76982.0
2023-07-17,35.486,35.326,35.936,35.036,33978.0
2023-07-18,35.156,34.116,35.316,34.066,37191.0
2023-07-19,34.246,34.016,34.356,33.766,19502.0
2023-07-20,34.156,33.136,34.176,33.056,25673.0
2023-07-21,33.206,32.966,33.256,32.756,14480.0
2023-07-24,32.956,33.276,33.636,32.656,13213.0
2023-07-25,33.436,33.826,34.096,33.356,18678.0
2023-07-26,33.756,33.666,34.006,33.576,14500.0
2023-07-27,33.706,33.506,33.896,33.436,13601.0
2023-07-28,33.396,33.886,33.956,32.976,19677.0
2023-07-31,33.956,33.746,34.036,33.616,19350.0
2023-08-01,33.746,33.576,33.886,33.356,14386.0
2023-08-02,33.366,33.576,33.796,33.366,11221.0
2023-08-03,33.556,33.306,33.706,33.286,11979.0
2023-08-04,33.346,33.846,33.856,33.266,17917.0
2023-08-07,33.816,33.496,34.026,33.456,15076.0
2023-08-08,33.286,32.776,33.656,32.776,17398.0
2023-08-09,32.786,31.856,32.876,31.776,23944.0
2023-08-10,31.946,31.816,32.076,31.766,11457.0
2023-08-11,31.986,31.426,31.986,31.296,14821.0
2023-08-14,31.366,31.796,31.816,31.086,9292.0
2023-08-15,31.846,31.386,31.996,31.296,11081.0
2023-08-16,31.436,30.956,31.536,30.846,9522.0
2023-08-17,30.916,31.346,31.416,30.756,8648.0
2023-08-18,31.466,30.876,31.536,30.866,8691.0
2023-08-21,30.726,30.836,31.336,30.726,9848.0
2023-08-22,30.928,31.178,31.188,30.448,13485.0
2023-08-23,31.128,29.908,31.128,29.878,15382.0
2023-08-24,29.918,30.338,30.788,29.898,11711.0
2023-08-25,30.108,29.228,30.298,29.008,15310.0
2023-08-28,31.218,30.418,31.518,30.288,20799.0
2023-08-29,30.538,31.368,31.568,30.358,21377.0
2023-08-30,31.468,31.538,31.908,31.438,15743.0
2023-08-31,31.498,31.678,31.808,31.478,12368.0
2023-09-01,31.678,31.518,31.798,31.378,12110.0
2023-09-04,31.518,32.118,32.128,31.418,16758.0
2023-09-05,32.098,32.138,32.278,31.928,12060.0
2023-09-06,31.928,32.458,32.498,31.818,14311.0
2023-09-07,32.478,31.868,32.498,31.868,11290.0
2023-09-08,31.718,32.188,32.308,31.558,11332.0
2023-09-11,32.398,32.518,32.798,32.048,15663.0
2023-09-12,32.648,32.978,33.148,32.468,18630.0
2023-09-13,32.938,32.518,33.018,32.268,14129.0
2023-09-14,32.618,32.698,33.288,32.528,15919.0
2023-09-15,32.778,32.698,32.948,32.328,15263.0
2023-09-18,32.928,33.368,33.918,32.838,31624.0
2023-09-19,33.218,32.368,33.238,32.028,22895.0
2023-09-20,32.258,31.798,32.868,31.718,20716.0
2023-09-21,31.718,31.768,32.248,31.578,15582.0
2023-09-22,31.538,32.658,32.698,31.538,20273.0
2023-09-25,33.138,33.028,33.658,32.838,25606.0
2023-09-26,32.918,32.438,33.098,32.318,17853.0
2023-09-27,32.228,32.718,32.778,32.218,17576.0
2023-09-28,32.568,32.988,33.148,32.568,15247.0
2023-10-09,32.978,33.238,33.548,32.818,23735.0
2023-10-10,33.228,33.338,33.518,33.228,15139.0
2023-10-11,33.368,33.388,33.728,33.268,15643.0
2023-10-12,33.558,33.648,33.878,33.368,19574.0
2023-10-13,33.658,33.418,33.658,33.088,19735.0
2023-10-16,33.408,33.038,33.468,32.838,18483.0
2023-10-17,33.028,32.858,33.178,32.418,16784.0
2023-10-18,32.758,32.358,32.818,32.218,17253.0
2023-10-19,32.408,31.718,32.608,31.668,15559.0
2023-10-20,31.558,31.218,32.018,31.128,15868.0
2023-10-23,30.968,30.168,31.118,30.068,20856.0
2023-10-24,30.248,29.808,30.678,29.518,17297.0
2023-10-25,30.228,30.148,30.488,29.728,14544.0
2023-10-26,30.068,30.808,30.818,29.938,16022.0
2023-10-27,30.628,31.038,31.128,30.478,13975.0
2023-10-30,30.888,31.248,31.298,30.498,15050.0
2023-10-31,30.548,29.528,30.858,29.278,32894.0
2023-11-01,29.318,28.368,29.668,28.268,38503.0
2023-11-02,28.328,27.758,28.398,27.668,26419.0
2023-11-03,27.718,28.448,28.668,27.708,25511.0
2023-11-06,28.618,28.968,28.998,28.518,27233.0
2023-11-07,28.978,29.298,29.568,28.718,27829.0
2023-11-08,29.278,29.278,29.518,28.898,26063.0
2023-11-09,29.228,29.198,29.378,29.038,15783.0
2023-11-10,29.058,29.098,29.308,28.928,13625.0
2023-11-13,29.228,29.468,29.488,29.028,17459.0
2023-11-14,29.458,29.568,29.618,29.288,15396.0
2023-11-15,29.718,29.458,29.798,29.218,16387.0
2023-11-16,29.628,29.538,31.008,29.478,38374.0
2023-11-17,29.898,31.618,32.158,29.528,84504.0
2023-11-20,30.818,30.428,30.918,29.878,91768.0
2023-11-21,30.228,29.988,30.338,29.858,54831.0
2023-11-22,29.858,29.408,30.028,29.368,35593.0
2023-11-23,29.188,29.258,29.318,28.778,28378.0
2023-11-24,29.178,28.808,29.218,28.728,21534.0
2023-11-27,28.808,28.928,28.998,28.618,17218.0
2023-11-28,28.968,29.108,29.188,28.798,19178.0
2023-11-29,29.108,28.448,29.108,28.308,25659.0
2023-11-30,28.458,28.308,28.528,28.048,16712.0
2023-12-01,28.218,28.618,28.738,28.178,17919.0
2023-12-04,28.768,28.828,29.018,28.678,22619.0
2023-12-05,28.728,28.398,28.818,28.228,14657.0
2023-12-06,28.258,28.218,28.358,27.968,14379.0
2023-12-07,28.018,28.308,28.438,27.978,13484.0
2023-12-08,28.508,29.328,29.488,28.208,67238.0
2023-12-11,28.818,29.368,29.568,28.718,51525.0
2023-12-12,29.218,28.828,29.468,28.718,32630.0
2023-12-13,28.848,28.238,28.918,28.228,22198.0
2023-12-14,28.278,28.098,28.588,28.068,14914.0
2023-12-15,28.068,27.508,28.198,27.378,25924.0
2023-12-18,27.418,26.418,27.428,26.348,23353.0
2023-12-19,26.348,26.318,26.768,26.088,13645.0
2023-12-20,26.318,25.828,26.518,25.818,14639.0
2023-12-21,25.828,25.988,26.218,25.488,14285.0
2023-12-22,25.988,25.708,26.108,25.498,11767.0
2023-12-25,25.598,25.908,26.008,25.598,11138.0
2023-12-26,25.908,25.498,26.018,25.388,12591.0
2023-12-27,25.548,25.678,25.698,25.328,8955.0
2023-12-28,25.678,26.438,26.488,25.538,17207.0
2023-12-29,26.328,26.678,26.818,26.268,12782.0
2024-01-02,26.658,26.388,26.768,26.378,14668.0
2024-01-03,26.368,26.278,26.468,26.098,11227.0
2024-01-04,26.368,26.358,26.368,26.018,10047.0
2024-01-05,26.348,25.918,26.398,25.818,12732.0
2024-01-08,25.798,25.178,26.018,25.138,13091.0
2024-01-09,25.138,25.078,25.368,24.898,9757.0
2024-01-10,25.118,24.928,25.248,24.638,9181.0
2024-01-11,24.928,25.248,25.458,24.728,10314.0
2024-01-12,25.268,24.948,25.378,24.938,8549.0
2024-01-15,24.878,24.958,25.168,24.718,6897.0
2024-01-16,24.978,25.158,25.248,24.718,13312.0
2024-01-17,25.098,24.748,25.208,24.748,9300.0
2024-01-18,25.338,25.078,25.338,24.318,16078.0
2024-01-19,25.208,24.848,25.338,24.828,10436.0
2024-01-22,24.838,23.658,24.848,23.518,16863.0
2024-01-23,23.668,24.338,24.348,23.278,15221.0
2024-01-24,24.318,24.538,24.558,23.428,15001.0
2024-01-25,24.588,25.608,25.698,24.468,24627.0
2024-01-26,25.618,25.258,25.748,25.218,12984.0
2024-01-29,25.218,24.768,25.418,24.638,12823.0
2024-01-30,24.768,24.108,24.918,24.048,9938.0
2024-01-31,24.158,23.098,24.208,22.978,16698.0
2024-02-01,23.098,23.168,23.718,22.618,15749.0
2024-02-02,23.168,21.818,23.438,21.198,18527.0
2024-02-05,21.798,21.738,22.618,19.828,31338.0
2024-02-06,21.738,22.768,22.918,20.878,34827.0
2024-02-07,22.768,23.928,23.938,22.698,39009.0
2024-02-08,24.198,24.548,25.168,23.948,34626.0
2024-02-19,24.778,25.398,25.478,24.598,36528.0
2024-02-20,25.048,24.908,25.088,24.678,23821.0
2024-02-21,24.628,25.238,25.588,24.628,36351.0
2024-02-22,25.118,25.798,25.838,25.118,25259.0
2024-02-23,25.828,26.148,26.358,25.718,27614.0
2024-02-26,26.018,26.048,26.338,25.868,27183.0
2024-02-27,25.908,27.038,27.068,25.748,37521.0
2024-02-28,27.008,25.888,27.468,25.888,39444.0
2024-02-29,25.668,26.798,26.868,25.638,27048.0
2024-03-01,26.868,27.398,27.398,26.708,36144.0
2024-03-04,27.508,27.258,27.578,26.868,29310.0
2024-03-05,27.048,27.138,27.498,26.918,27136.0
2024-03-06,27.018,27.188,27.488,26.748,23068.0
2024-03-07,27.128,26.788,27.368,26.748,19810.0
2024-03-08,26.968,27.688,27.688,26.758,29740.0
2024-03-11,27.958,28.078,28.258,27.478,46507.0
2024-03-12,27.978,27.298,28.078,27.198,37922.0
2024-03-13,27.308,27.498,27.908,27.248,31725.0
2024-03-14,27.318,27.258,27.598,27.008,22777.0
2024-03-15,27.208,27.818,27.858,26.778,29546.0
2024-03-18,27.888,28.138,28.148,27.708,28354.0
2024-03-19,28.148,28.978,29.638,27.838,61016.0
2024-03-20,29.598,29.078,30.458,28.978,91420.0
2024-03-21,28.958,31.118,31.568,28.818,143478.0
2024-03-22,30.878,32.388,32.708,30.538,132827.0
2024-03-25,31.618,29.408,31.688,29.408,100118.0
2024-03-26,28.708,28.358,29.908,28.218,70244.0
2024-03-27,28.118,25.808,28.298,25.718,84057.0
2024-03-28,25.808,27.698,27.988,25.808,71034.0
2024-03-29,27.528,28.638,28.738,27.198,56058.0
2024-04-01,28.388,29.108,29.268,28.388,50409.0
2024-04-02,28.848,28.238,28.998,28.038,39882.0
2024-04-03,28.018,27.108,28.098,26.968,44708.0
2024-04-08,26.978,26.268,27.008,26.238,39335.0
2024-04-09,26.408,26.408,26.578,26.038,32089.0
2024-04-10,26.398,25.848,26.398,25.718,28558.0
2024-04-11,25.938,25.968,26.308,25.668,30088.0
2024-04-12,26.008,26.598,27.188,25.958,40226.0
2024-04-15,26.608,26.538,27.018,25.888,40921.0
2024-04-16,26.348,25.548,26.648,25.468,42290.0
2024-04-17,25.778,26.858,26.868,25.778,35539.0
2024-04-18,26.818,26.638,27.188,26.288,33637.0
2024-04-19,26.548,26.278,26.898,26.028,25714.0
2024-04-22,25.898,26.438,26.588,25.368,24893.0
2024-04-23,26.238,26.088,26.718,26.038,23211.0
2024-04-24,26.078,26.908,26.908,26.018,34688.0
2024-04-25,26.698,26.428,26.768,26.328,30887.0
2024-04-26,26.328,27.378,27.518,26.328,44022.0
2024-04-29,27.268,27.778,27.928,27.268,41909.0
2024-04-30,26.708,25.518,26.708,25.378,84139.0
2024-05-06,25.988,26.108,26.408,25.838,50889.0
2024-05-07,26.098,25.788,26.148,25.598,28916.0
2024-05-08,25.598,24.978,25.798,24.908,36900.0
2024-05-09,24.998,25.418,25.508,24.858,26489.0
2024-05-10,25.418,25.118,25.488,24.858,21612.0
2024-05-13,24.918,27.048,27.618,24.618,92422.0
2024-05-14,26.968,26.368,27.148,25.888,57392.0
2024-05-15,26.178,25.918,26.508,25.878,28666.0
2024-05-16,25.998,26.098,26.748,25.888,36089.0
2024-05-17,26.098,26.148,26.178,25.608,24502.0
2024-05-20,26.148,25.948,26.238,25.738,23105.0
2024-05-21,25.928,25.268,25.928,25.198,31612.0
2024-05-22,25.288,25.378,25.428,25.018,17918.0
2024-05-23,25.508,24.848,25.508,24.728,24656.0
2024-05-24,24.758,24.668,25.298,24.628,26366.0
2024-05-27,24.668,24.468,24.988,24.018,20313.0
2024-05-28,24.488,24.318,24.718,24.268,14062.0
2024-05-29,24.168,24.268,24.568,24.168,10314.0
2024-05-30,24.108,24.278,24.458,23.988,12263.0
2024-05-31,24.388,24.508,24.818,24.288,15332.0
2024-06-03,24.318,24.398,24.618,24.198,14980.0
2024-06-04,24.218,24.348,24.368,23.988,11961.0
2024-06-05,24.318,24.158,24.548,24.128,13825.0
2024-06-06,24.018,23.418,24.298,23.418,21595.0
2024-06-07,23.818,23.458,23.858,23.218,12627.0
2024-06-11,23.458,23.638,23.718,22.988,13769.0
2024-06-12,23.608,23.758,24.018,23.518,12863.0
2024-06-13,23.768,23.758,23.918,23.568,11514.0
2024-06-14,23.648,24.058,24.058,23.478,21251.0
2024-06-17,23.898,24.238,24.318,23.818,13757.0
2024-06-18,24.138,24.698,24.818,24.138,18950.0
2024-06-19,24.818,24.488,24.968,24.338,14367.0
2024-06-20,24.478,23.848,24.588,23.818,14681.0
2024-06-21,23.768,23.798,24.038,23.518,8822.0
2024-06-24,23.718,23.378,24.508,23.248,25289.0
2024-06-25,23.198,22.628,23.698,22.408,21754.0
2024-06-26,22.458,23.648,23.668,22.448,18357.0
2024-06-27,23.648,23.038,23.908,23.028,12759.0
2024-06-28,23.218,23.548,24.068,22.948,21312.0
2024-07-01,23.378,23.128,23.768,22.768,19941.0
2024-07-02,23.238,22.778,23.238,22.718,15552.0
2024-07-03,22.778,22.548,22.878,22.448,12225.0
2024-07-04,22.658,22.158,22.928,21.998,18670.0
2024-07-05,21.998,22.448,22.518,21.978,13431.0
2024-07-08,22.458,21.968,22.598,21.878,12799.0
2024-07-09,21.968,23.228,23.398,21.798,31062.0
2024-07-10,23.078,22.838,23.368,22.768,16289.0
2024-07-11,23.228,23.198,23.468,22.958,20662.0
2024-07-12,23.198,22.948,23.218,22.828,15640.0
2024-07-15,22.928,22.718,23.028,22.618,10925.0
2024-07-16,22.598,22.818,22.948,22.498,9076.0
2024-07-17,22.848,22.448,22.848,22.418,11113.0
2024-07-18,22.418,22.328,22.458,21.918,13267.0
2024-07-19,22.218,22.398,22.568,22.168,9070.0
2024-07-22,22.458,22.368,22.558,22.218,9896.0
2024-07-23,22.378,21.898,22.498,21.888,11726.0
2024-07-24,21.898,21.708,22.148,21.708,9472.0
2024-07-25,21.428,21.798,22.088,21.428,8622.0
2024-07-26,21.638,22.178,22.318,21.638,10159.0
2024-07-29,22.188,22.208,22.348,22.038,5681.0
2024-07-30,22.208,22.328,22.408,21.998,8233.0
2024-07-31,22.328,23.038,23.348,22.318,22718.0
2024-08-01,23.058,23.028,23.178,22.938,15027.0
2024-08-02,22.908,22.448,23.098,22.368,12419.0
2024-08-05,22.238,21.748,22.518,21.688,16146.0
2024-08-06,21.978,21.848,22.148,21.518,10148.0
2024-08-07,24.108,24.108,24.108,24.108,31544.0
2024-08-08,26.238,23.958,26.268,23.918,135176.0
2024-08-09,23.238,24.218,25.178,22.768,103453.0
2024-08-12,23.318,23.708,24.218,23.018,54591.0
2024-08-13,23.458,23.178,23.738,22.938,40246.0
2024-08-14,23.298,22.928,23.408,22.768,33554.0
2024-08-15,22.878,23.238,23.498,22.578,35385.0
2024-08-16,23.192,22.732,23.452,22.702,32718.0
2024-08-19,22.722,22.782,23.152,22.552,21321.0
2024-08-20,22.892,22.372,22.902,22.262,20931.0
2024-08-21,22.272,22.212,22.492,22.172,10554.0
2024-08-22,22.182,21.722,22.372,21.712,15681.0
2024-08-23,21.842,22.052,22.132,21.712,16520.0
2024-08-26,22.942,22.292,22.942,22.202,24758.0
2024-08-27,22.032,22.082,22.712,21.862,18630.0
2024-08-28,21.842,22.202,22.232,21.842,12599.0
2024-08-29,21.932,22.422,22.532,21.852,19839.0
2024-08-30,22.392,22.732,23.032,22.292,24313.0
2024-09-02,22.592,22.162,22.842,22.132,17697.0
2024-09-03,22.032,22.462,22.482,22.032,12845.0
2024-09-04,22.242,22.522,22.922,22.242,12731.0
2024-09-05,22.512,22.672,22.832,22.482,11907.0
2024-09-06,22.732,22.292,22.732,22.242,14185.0
2024-09-09,22.152,22.142,22.382,22.042,10648.0
2024-09-10,22.152,22.412,22.572,21.912,13166.0
2024-09-11,21.912,22.392,22.532,21.912,8797.0
2024-09-12,22.792,22.282,22.792,22.282,11346.0
2024-09-13,22.342,22.082,22.482,22.032,11394.0
2024-09-18,22.092,22.002,22.252,21.792,11125.0
2024-09-19,22.082,22.292,22.502,21.852,13473.0
2024-09-20,22.332,22.282,22.452,22.152,10428.0
2024-09-23,22.422,22.262,22.622,22.222,14465.0
2024-09-24,22.362,22.832,22.832,22.162,27896.0
2024-09-25,23.032,23.052,23.492,22.982,30274.0
2024-09-26,23.132,23.702,23.702,23.052,31190.0
2024-09-27,23.762,24.612,24.832,23.762,30013.0
2024-09-30,25.692,26.732,26.902,25.162,80853.0
2024-10-08,29.432,29.212,29.432,27.732,107996.0
2024-10-09,28.532,26.642,28.662,26.592,74940.0
2024-10-10,27.722,26.782,27.722,26.562,42166.0
2024-10-11,27.122,25.552,27.122,25.182,38983.0
2024-10-14,25.952,26.082,26.132,25.182,32132.0
2024-10-15,25.992,25.432,26.412,25.422,28040.0
2024-10-16,25.062,25.182,25.632,24.952,23746.0
2024-10-17,25.422,24.972,25.522,24.942,24729.0
2024-10-18,24.832,26.072,26.602,24.792,49406.0
2024-10-21,26.652,26.262,26.962,25.932,48108.0
2024-10-22,26.652,26.632,26.852,26.112,39475.0
2024-10-23,26.612,27.092,27.482,26.392,44565.0
2024-10-24,27.192,27.242,27.482,26.682,37822.0
2024-10-25,28.342,27.762,28.342,27.092,48070.0
2024-10-28,27.622,27.532,27.622,27.292,37895.0
2024-10-29,27.522,27.192,27.632,27.012,34835.0
2024-10-30,27.022,27.142,27.482,26.842,26114.0
2024-10-31,27.052,27.902,28.122,26.982,54679.0
2024-11-01,27.762,26.652,27.762,26.522,58199.0
2024-11-04,27.192,27.642,27.682,26.652,45962.0
2024-11-05,27.582,28.352,28.362,27.432,48394.0
2024-11-06,28.672,28.042,28.692,27.832,44707.0
2024-11-07,28.032,28.212,28.282,27.792,33970.0
2024-11-08,28.362,28.822,29.212,28.282,58750.0
2024-11-11,31.732,30.402,31.732,29.782,171837.0
2024-11-12,29.942,29.312,30.242,29.002,97932.0
2024-11-13,29.232,29.572,29.972,28.912,55925.0
2024-11-14,29.742,28.882,29.962,28.822,44884.0
2024-11-15,28.882,28.182,29.152,28.162,35643.0
2024-11-18,28.362,28.092,28.702,27.892,40384.0
2024-11-19,28.092,28.532,28.602,27.952,33448.0
2024-11-20,28.722,28.462,28.732,28.132,32852.0
2024-11-21,28.552,28.252,28.922,27.992,32524.0
2024-11-22,28.232,27.372,28.462,27.352,39801.0
2024-11-25,27.742,28.432,29.642,27.482,92384.0
2024-11-26,28.192,27.792,28.902,27.762,42932.0
2024-11-27,27.582,28.522,28.522,27.262,36752.0
2024-11-28,28.452,28.032,28.522,27.942,23628.0
2024-11-29,28.052,28.512,28.792,27.942,32056.0
2024-12-02,28.362,28.632,29.072,28.232,33465.0
2024-12-03,28.632,28.432,28.712,28.252,23850.0
2024-12-04,28.422,28.022,28.582,27.862,26343.0
2024-12-05,28.092,27.932,28.232,27.832,25482.0
2024-12-06,27.972,28.092,28.162,27.652,24314.0
2024-12-09,28.032,27.882,28.192,27.592,25646.0
2024-12-10,28.692,27.902,28.692,27.832,29066.0
2024-12-11,27.812,28.022,28.152,27.812,18978.0
2024-12-12,28.042,28.082,28.132,27.772,21245.0
2024-12-13,28.032,27.732,28.202,27.682,23720.0
2024-12-16,28.002,27.642,28.422,27.582,47023.0
2024-12-17,27.712,27.702,28.112,27.372,36054.0
2024-12-18,27.582,27.962,28.262,27.452,31477.0
2024-12-19,27.752,30.782,30.782,27.642,171473.0
2024-12-20,30.332,29.802,30.722,29.532,174720.0
2024-12-23,29.802,29.442,30.422,29.282,99980.0
2024-12-24,29.732,30.242,31.312,29.632,122189.0
2024-12-25,30.042,30.522,30.822,29.512,95526.0
2024-12-26,30.142,32.022,32.332,29.782,169815.0
2024-12-27,31.412,31.302,32.082,31.062,135226.0
2024-12-30,31.662,31.512,32.052,31.012,89981.0
2024-12-31,31.202,29.622,31.252,29.602,98526.0
2025-01-02,29.462,28.252,29.772,27.922,67119.0
2025-01-03,28.392,27.422,28.602,27.232,61617.0
2025-01-06,27.682,27.382,28.332,27.042,42547.0
2025-01-07,27.282,28.522,28.982,27.202,61611.0
2025-01-08,28.572,29.172,29.682,28.102,76286.0
2025-01-09,28.412,28.542,29.182,28.412,45518.0
2025-01-10,28.382,27.222,28.522,27.182,47012.0
2025-01-13,26.962,26.372,26.972,26.242,35533.0
2025-01-14,26.602,28.142,28.192,26.342,51165.0
2025-01-15,27.932,29.492,30.542,27.862,94418.0
2025-01-16,29.492,29.482,29.732,28.962,48976.0
2025-01-17,29.472,29.792,29.882,29.042,47226.0
2025-01-20,30.212,29.742,30.282,29.432,47962.0
2025-01-21,30.032,30.152,30.322,29.732,46066.0
2025-01-22,29.992,31.422,31.852,29.992,114020.0
2025-01-23,31.452,34.592,34.592,31.382,120409.0
2025-01-24,35.012,38.082,38.082,34.782,142408.0
2025-01-27,41.922,41.532,41.922,40.662,389329.0
2025-02-05,37.772,37.352,38.532,37.352,37063.0
2025-02-06,34.732,39.132,39.872,33.592,364719.0
2025-02-07,37.932,39.392,40.222,37.592,253127.0
2025-02-10,39.232,39.252,40.082,38.542,157431.0
2025-02-11,39.122,38.992,40.922,38.722,143156.0
2025-02-12,39.072,39.302,39.922,38.312,122993.0
2025-02-13,39.032,37.612,39.352,37.532,113568.0
2025-02-14,37.632,37.792,38.532,37.332,75422.0
2025-02-17,37.332,37.132,37.842,36.672,91662.0
2025-02-18,37.132,36.432,37.612,36.162,69028.0
2025-02-19,36.432,36.992,37.212,36.392,61693.0
2025-02-20,36.812,36.652,37.232,36.232,59959.0
2025-02-21,36.702,38.582,38.972,36.702,148668.0
2025-02-24,38.592,42.472,42.472,38.112,144653.0
2025-02-25,40.342,42.822,46.722,40.132,268220.0
2025-02-26,42.652,41.932,42.732,40.732,152586.0
2025-02-27,41.562,40.282,41.932,39.502,133802.0
2025-02-28,39.512,36.232,40.112,36.232,120957.0
2025-03-03,36.362,35.492,36.732,35.082,78769.0
2025-03-04,34.982,36.632,37.732,34.862,85476.0
2025-03-05,38.732,37.042,39.232,36.372,100240.0
2025-03-06,37.252,37.572,38.412,37.052,82103.0
2025-03-07,37.462,36.602,37.832,36.332,66164.0
2025-03-10,36.632,37.312,37.652,36.242,61994.0
2025-03-11,36.422,36.172,37.272,35.912,68335.0
2025-03-12,36.602,36.892,37.832,36.252,86733.0
2025-03-13,36.912,36.402,37.572,36.242,69770.0
2025-03-14,36.152,37.122,38.432,36.012,96284.0
2025-03-17,37.282,37.882,39.202,37.282,101617.0
2025-03-18,37.882,37.372,38.082,37.012,55859.0
2025-03-19,37.032,35.912,37.112,35.852,67897.0
2025-03-20,35.872,35.792,36.132,35.632,35501.0
2025-03-21,35.542,34.992,35.872,34.992,41135.0
2025-03-24,34.932,34.612,35.332,33.632,72333.0
2025-03-25,34.452,33.702,34.882,33.472,43200.0
2025-03-26,33.612,33.782,34.062,33.592,24019.0
2025-03-27,33.832,33.852,34.242,33.382,31245.0
2025-03-28,33.852,33.542,34.112,33.372,23190.0
2025-03-31,33.542,33.582,34.662,33.272,44795.0
2025-04-01,33.682,33.752,34.112,33.392,33566.0
2025-04-02,33.792,34.092,34.832,33.642,42334.0
2025-04-03,33.242,33.732,34.022,33.232,36174.0
2025-04-07,31.732,30.332,32.622,30.332,60448.0
2025-04-08,30.322,29.672,30.722,28.702,61000.0
2025-04-09,29.222,30.022,30.382,27.802,67589.0
2025-04-10,30.732,30.952,31.662,30.732,54223.0
2025-04-11,30.732,31.262,31.772,30.612,39539.0
2025-04-14,31.802,31.172,31.942,31.102,35394.0
2025-04-15,31.182,30.772,31.232,30.512,27551.0
2025-04-16,30.402,30.132,30.712,29.782,23580.0
2025-04-17,29.842,29.682,30.402,29.652,30915.0
2025-04-18,29.682,30.222,30.632,29.462,53796.0
2025-04-21,30.532,30.802,31.012,30.072,36903.0
2025-04-22,30.582,30.442,30.742,30.382,23291.0
2025-04-23,30.942,31.092,31.492,30.732,35420.0
2025-04-24,30.972,31.472,31.852,30.802,55035.0
2025-04-25,31.472,31.482,32.932,31.452,39678.0
2025-04-28,31.282,31.892,32.332,31.142,41203.0
2025-04-29,33.282,33.132,33.612,32.012,80827.0
2025-04-30,32.672,32.592,32.832,31.622,75213.0
2025-05-06,33.272,34.282,35.232,33.132,103724.0
2025-05-07,34.652,34.272,34.832,33.952,52690.0
2025-05-08,34.212,36.252,36.942,34.212,93799.0
2025-05-09,35.752,35.232,36.012,35.162,53041.0
2025-05-12,35.432,35.412,35.582,34.882,51194.0
2025-05-13,36.732,35.112,36.812,34.982,70776.0
2025-05-14,34.992,35.112,36.212,34.942,54545.0
2025-05-15,34.952,33.772,34.982,33.722,59510.0
2025-05-16,33.872,34.012,34.362,33.592,25168.0
2025-05-19,34.112,33.652,34.262,33.332,30215.0
2025-05-20,33.562,33.552,33.732,33.102,31390.0
2025-05-21,33.552,33.222,33.712,32.942,25346.0
2025-05-22,33.132,32.822,33.432,32.722,20214.0
2025-05-23,32.832,32.062,32.992,31.982,27149.0
2025-05-26,32.062,32.232,32.352,31.912,19924.0
2025-05-27,32.232,32.082,32.272,31.882,16346.0
2025-05-28,32.342,32.242,32.402,31.932,19534.0
2025-05-29,32.242,32.802,33.002,32.182,35711.0
2025-05-30,32.732,31.702,32.742,31.572,35740.0
2025-06-03,31.672,33.012,33.822,31.432,59880.0
2025-06-04,33.032,33.902,34.132,32.992,64705.0
2025-06-05,33.912,34.572,34.712,33.342,58945.0
2025-06-06,34.662,34.662,35.732,34.552,65016.0
2025-06-09,34.752,34.372,35.032,34.172,41533.0
2025-06-10,34.402,33.932,34.532,33.782,38488.0
2025-06-11,34.032,33.582,34.232,33.582,27540.0
2025-06-12,33.462,33.732,34.452,33.432,39183.0
2025-06-13,33.432,33.252,33.872,32.972,32530.0
2025-06-16,33.142,34.612,34.782,33.142,56486.0
2025-06-17,34.652,34.232,34.732,34.102,30786.0
2025-06-18,34.222,34.522,34.682,33.882,29765.0
2025-06-19,34.562,36.832,38.002,34.562,145846.0
2025-06-20,36.882,38.312,39.232,36.072,177950.0
2025-06-23,37.572,37.872,38.882,37.332,98128.0
2025-06-24,38.262,38.012,39.182,37.612,74297.0
2025-06-25,38.082,38.262,38.832,37.842,86719.0
2025-06-26,38.132,38.632,39.612,37.932,93209.0
2025-06-27,38.632,39.512,40.212,37.602,94395.0
2025-06-30,39.892,40.452,40.832,39.352,81347.0
2025-07-01,40.712,39.782,40.712,39.332,46601.0
2025-07-02,39.732,38.832,39.782,38.502,59298.0
2025-07-03,38.932,39.122,39.402,38.472,38772.0
2025-07-04,39.002,37.882,39.202,37.762,79204.0
2025-07-07,37.232,37.322,38.032,37.042,42129.0
2025-07-08,37.322,39.092,39.532,37.132,77216.0
2025-07-09,39.032,38.392,39.032,38.252,40441.0
2025-07-10,38.392,38.772,39.732,38.172,72866.0
2025-07-11,38.732,38.342,39.452,38.332,51530.0
2025-07-14,38.232,39.082,39.792,38.102,66815.0
2025-07-15,38.982,39.142,39.902,38.672,72611.0
2025-07-16,39.282,39.132,40.622,38.942,93531.0
2025-07-17,38.252,43.072,43.072,38.252,120243.0
2025-07-18,43.132,42.202,44.502,42.112,174934.0
2025-07-21,41.612,41.692,43.142,41.532,126142.0
2025-07-22,41.542,41.162,43.392,41.092,108499.0
2025-07-23,40.782,41.062,41.952,40.152,99772.0
2025-07-24,41.412,40.332,41.582,40.152,88394.0
2025-07-25,39.942,40.042,40.712,39.742,81180.0
2025-07-28,40.582,40.132,40.842,39.852,89946.0
2025-07-29,40.232,43.932,44.052,39.952,200906.0
2025-07-30,43.022,48.352,48.352,42.822,248256.0
2025-07-31,48.612,50.582,53.212,48.612,303286.0
2025-08-01,50.072,50.462,52.352,48.742,196666.0
2025-08-04,49.642,51.552,52.732,49.272,162969.0
2025-08-05,53.032,56.732,56.732,50.912,259518.0
2025-08-06,54.222,52.812,56.062,52.552,218186.0
2025-08-07,52.122,53.532,55.702,50.192,234361.0
2025-08-08,53.002,55.452,56.612,52.342,199994.0
2025-08-11,54.732,54.632,57.482,53.872,162802.0
2025-08-12,54.232,55.682,56.762,53.452,147759.0
2025-08-13,55.822,56.962,58.182,54.732,205175.0
2025-08-14,57.332,52.482,57.412,52.462,190555.0
2025-08-15,52.732,52.972,53.512,52.212,119683.0
2025-08-18,52.892,55.102,56.542,52.232,174643.0
2025-08-19,55.232,58.962,60.642,54.912,229914.0
2025-08-20,57.682,61.312,61.732,55.932,204781.0
2025-08-21,59.752,56.122,60.662,55.502,200350.0
2025-08-22,54.972,58.712,60.272,54.932,183206.0
2025-08-25,64.612,64.612,64.612,64.612,43115.0
2025-08-26,71.07,71.07,71.07,69.06,192514.0
2025-08-27,72.0,75.41,78.18,69.95,348251.0
2025-08-28,75.41,82.95,82.95,75.4,60186.0
2025-08-29,91.25,91.25,91.25,88.01,188483.0
2025-09-01,92.5,91.98,95.8,88.13,357230.0
2025-09-02,90.15,82.78,95.0,82.78,278895.0
2025-09-03,83.2,91.06,91.06,81.12,216966.0
2025-09-04,97.0,86.0,97.0,81.95,315437.0
2025-09-05,84.0,89.85,91.3,84.0,320023.0
2025-09-08,83.66,83.97,86.0,80.87,251226.0
2025-09-09,84.0,88.71,90.58,80.0,244517.0
2025-09-10,91.81,87.61,93.0,83.5,240220.0
2025-09-11,88.5,93.25,95.36,85.39,285175.0
2025-09-12,89.96,89.3,92.88,88.01,232877.0
2025-09-15,88.0,86.95,91.68,86.11,173603.0
2025-09-16,88.0,95.65,95.65,85.85,200047.0
2025-09-17,96.98,99.68,104.74,93.4,301236.0
2025-09-18,99.68,109.65,109.65,96.0,262450.0
2025-09-19,115.1,120.62,120.62,111.91,247472.0
2025-09-22,120.54,115.28,120.54,108.56,319021.0
2025-09-23,115.3,117.27,120.0,110.01,238428.0
2025-09-24,112.3,110.3,113.59,105.6,186724.0
2025-09-25,107.35,108.08,112.95,105.04,150416.0
2025-09-26,106.45,103.0,110.8,103.0,134059.0
2025-09-29,102.65,105.55,108.0,102.0,112898.0
2025-09-30,105.54,100.84,106.2,99.72,139121.0
2025-10-09,100.92,97.98,102.65,97.7,118690.0
2025-10-10,98.24,91.23,98.55,90.64,156012.0
2025-10-13,86.15,88.6,89.87,86.15,96392.0
2025-10-14,89.51,85.18,91.99,84.95,111263.0
2025-10-15,86.06,86.01,86.68,83.0,107646.0
2025-10-16,85.78,85.66,87.88,85.1,77901.0
2025-10-17,90.0,82.6,90.0,82.23,144264.0
2025-10-20,84.25,82.33,85.94,81.24,128290.0
2025-10-21,82.49,87.98,90.56,81.54,256899.0
2025-10-22,86.74,91.59,93.25,85.48,224685.0
2025-10-23,89.93,85.48,89.93,83.38,172656.0
2025-10-24,86.7,89.89,92.19,84.75,194297.0
2025-10-27,91.5,93.38,95.0,90.64,204852.0
2025-10-28,94.19,91.27,95.29,90.78,149252.0
2025-10-29,91.27,91.0,92.33,87.82,136847.0
2025-10-30,90.01,88.5,91.83,87.4,101713.0
2025-10-31,87.0,84.89,87.39,83.8,110620.0
2025-11-03,84.01,85.06,85.68,82.9,75422.0
2025-11-04,85.58,82.58,85.58,82.0,58006.0
2025-11-05,81.0,80.75,84.0,80.27,93347.0
2025-11-06,80.75,83.2,83.99,80.75,93471.0
2025-11-07,82.0,81.73,82.79,80.2,69761.0
2025-11-10,80.79,79.95,82.0,78.03,87226.0
2025-11-11,81.21,79.39,81.77,78.71,75636.0
2025-11-12,79.4,78.25,79.78,76.76,62425.0
2025-11-13,78.2,78.35,79.06,77.38,55029.0
2025-11-14,77.22,79.44,82.62,76.18,150416.0
2025-11-17,78.44,81.1,83.0,78.4,127589.0
2025-11-18,80.31,81.2,83.46,78.62,148379.0
2025-11-19,81.44,83.68,86.5,80.18,207697.0
2025-11-20,86.0,78.41,86.58,78.0,166592.0
2025-11-21,74.0,72.84,74.94,72.28,108488.0
2025-11-24,74.2,73.64,75.42,72.7,83486.0
2025-11-25,74.96,81.0,81.0,74.61,94534.0
2025-11-26,83.0,85.64,89.1,82.33,304203.0
2025-11-27,85.47,87.3,93.48,84.76,278525.0
2025-11-28,85.0,87.08,90.96,84.5,199664.0
2025-12-01,87.12,85.57,87.48,85.08,124769.0
2025-12-02,84.0,83.11,84.6,82.44,108247.0
2025-12-03,83.57,83.02,85.4,82.67,103528.0
2025-12-04,81.56,82.64,83.68,80.6,91787.0
2025-12-05,82.4,83.63,84.93,80.78,114775.0
2025-12-08,83.65,88.31,91.5,83.64,225761.0
2025-12-09,88.38,89.48,91.03,87.81,195751.0
2025-12-10,88.93,98.43,98.43,87.57,309789.0
2025-12-11,102.0,101.27,106.06,95.96,331745.0
2025-12-12,98.97,105.72,108.0,98.5,274148.0
2025-12-15,101.39,95.15,101.4,95.15,208289.0
2025-12-16,94.32,89.3,94.82,88.31,203781.0
2025-12-17,93.0,98.23,98.23,93.0,237790.0
2025-12-18,102.0,108.05,108.05,102.0,292925.0
2025-12-19,110.0,115.5,118.78,105.0,375168.0
2025-12-22,117.8,127.05,127.05,117.8,108061.0
2025-12-23,124.95,126.07,128.05,122.0,267269.0
2025-12-24,125.0,130.5,131.5,123.55,225136.0
2025-12-25,128.99,125.0,129.99,122.37,202680.0
2025-12-26,124.0,121.86,124.5,119.47,160494.0
2025-12-29,119.99,120.75,123.0,119.0,112830.0
2025-12-30,119.02,119.3,124.0,119.01,128938.0
2025-12-31,120.54,116.36,121.0,115.55,133298.0
2026-01-05,118.0,115.19,118.37,113.45,106598.0
2026-01-06,114.41,113.92,114.78,112.08,109499.0
2026-01-07,114.55,117.76,121.22,114.11,220863.0
2026-01-08,116.59,111.63,117.0,111.48,161417.0
2026-01-09,110.0,112.03,113.62,108.89,120112.0
2026-01-12,111.89,110.48,111.95,107.89,114878.0
2026-01-13,109.98,107.2,111.66,106.64,111091.0
2026-01-14,109.3,107.2,109.73,105.33,119807.0
2026-01-15,105.85,108.37,109.1,105.41,100897.0
2026-01-16,111.1,114.4,116.86,111.1,216227.0
2026-01-19,124.79,117.83,125.5,116.95,234184.0
2026-01-20,118.0,118.4,122.23,112.56,181366.0
2026-01-21,115.08,114.17,121.8,113.0,176916.0
2026-01-22,113.97,110.13,114.85,109.18,121304.0
2026-01-23,112.45,112.58,118.28,112.0,175705.0
2026-01-26,113.82,123.84,123.84,112.58,143807.0
2026-01-27,123.0,126.6,128.0,115.6,255686.0
2026-01-28,139.26,135.3,139.26,128.2,293722.0
2026-01-29,132.04,135.56,136.0,129.0,211978.0
2026-01-30,132.99,149.12,149.12,131.67,220993.0
2026-02-02,151.0,158.99,164.03,151.0,285672.0
2026-02-03,160.0,165.22,168.5,156.0,219023.0
2026-02-04,163.19,173.51,175.36,162.74,206471.0
2026-02-05,164.83,161.76,169.2,157.0,166028.0
2026-02-06,160.65,174.77,177.94,160.65,212139.0
2026-02-09,181.3,192.25,192.25,171.23,194696.0
2026-02-10,198.37,211.48,211.48,198.37,155659.0
2026-02-11,208.08,218.26,225.87,208.08,203428.0
2026-02-12,221.0,227.0,229.77,210.15,169565.0
2026-02-13,225.0,213.39,226.99,211.2,160419.0
2026-02-24,228.0,234.73,234.73,221.03,119239.0
2026-02-25,240.0,228.55,244.88,218.51,203469.0
2026-02-26,233.0,236.2,248.88,233.0,216253.0
2026-02-27,223.09,231.31,237.95,215.08,198344.0
2026-03-02,227.62,242.42,254.44,224.65,214677.0
2026-03-03,242.52,236.0,253.87,235.0,184002.0
2026-03-04,226.87,228.27,245.77,224.0,140351.0
2026-03-05,233.0,223.36,236.01,219.59,142939.0
2026-03-06,219.74,213.2,221.66,211.58,137415.0
2026-03-09,204.78,211.91,211.91,196.12,136859.0
2026-03-10,217.25,233.1,233.1,214.25,170543.0
2026-03-11,244.75,250.01,256.41,244.66,246696.0
2026-03-12,245.01,245.0,266.66,242.82,196167.0
2026-03-13,243.78,241.9,254.97,241.06,159105.0
2026-03-16,242.0,233.0,245.0,228.0,152351.0
2026-03-17,232.98,215.81,232.98,213.8,166216.0
2026-03-18,221.0,222.93,224.36,214.67,137808.0
2026-03-19,212.0,215.93,222.93,212.0,105390.0
2026-03-20,222.3,216.88,233.6,215.08,205015.0
2026-03-23,213.54,212.1,222.64,209.6,143246.0
2026-03-24,216.34,233.31,233.31,212.79,195170.0
2026-03-25,246.0,256.64,256.64,243.0,216140.0
2026-03-26,258.44,268.88,276.5,254.07,216812.0
2026-03-27,258.0,274.26,279.66,252.25,205662.0
2026-03-30,269.28,301.69,301.69,269.28,149173.0
2026-03-31,300.0,309.49,320.0,287.01,213010.0
2026-04-01,320.0,308.0,320.0,291.0,182901.0
2026-04-02,304.9,332.49,338.8,304.9,192142.0
2026-04-03,339.13,352.5,363.63,330.0,186519.0
2026-04-07,351.5,357.1,368.0,346.0,172365.0
2026-04-08,362.2,362.1,365.1,341.5,218783.0
2026-04-09,354.86,398.31,398.31,353.0,214583.0
2026-04-10,392.0,384.38,396.53,370.0,248833.0
2026-04-13,372.0,369.18,375.88,360.0,230442.0
2026-04-14,369.99,364.5,376.76,360.01,174594.0
2026-04-15,360.12,358.61,371.8,352.0,170899.0
2026-04-16,350.0,368.52,373.05,346.0,180799.0
2026-04-17,367.44,365.89,372.64,360.35,152231.0
2026-04-20,374.23,385.0,401.98,374.23,210116.0
2026-04-21,377.3,381.58,386.66,360.52,154608.0
2026-04-22,382.29,412.0,417.96,382.29,202629.0
2026-04-23,411.2,385.02,422.88,381.5,213286.0
2026-04-24,378.39,368.16,385.0,364.35,164065.0
2026-04-27,378.0,377.5,394.0,374.09,175410.0
2026-04-28,370.51,373.49,381.16,368.0,112319.0
2026-04-29,365.0,370.52,375.99,358.1,122974.0
2026-04-30,359.1,353.9,365.0,336.99,207769.0
2026-05-06,362.0,361.05,370.0,353.5,173789.0
2026-05-07,380.11,389.2,392.0,368.18,202035.0
2026-05-08,373.38,397.23,405.0,373.0,194562.0
2026-05-11,404.4,400.31,404.99,385.0,193999.0
2026-05-12,406.05,411.46,430.0,406.0,178592.0
2026-05-13,393.0,406.96,412.98,393.0,138534.0
2026-05-14,410.82,404.7,419.68,398.72,142031.0
2026-05-15,400.01,374.45,404.7,366.66,155276.0
2026-05-18,368.0,399.48,401.99,367.5,165299.0
2026-05-19,395.49,397.9,398.98,376.99,124501.0
2026-05-20,396.9,397.95,406.42,382.01,129645.0
2026-05-21,397.95,375.8,402.03,374.0,137435.0
2026-05-22,380.0,388.66,389.98,375.86,100802.0
2026-05-25,388.66,386.03,389.88,378.05,108557.0
2026-05-26,384.0,363.93,384.99,358.48,149897.0
2026-05-27,362.99,366.1,375.0,360.07,114707.0
2026-05-28,360.66,370.55,373.0,351.37,116444.0
2026-05-29,369.97,402.81,407.0,365.0,253337.0
2026-06-01,399.99,371.58,399.99,367.0,183223.0
2026-06-02,373.11,408.74,408.74,368.58,197541.0
2026-06-03,423.0,444.99,449.61,420.99,211772.0
2026-06-04,434.9,455.89,469.99,433.0,190685.0
2026-06-05,455.95,441.67,487.1,436.01,203175.0
2026-06-08,406.0,440.3,462.3,406.0,189114.0
2026-06-09,454.0,484.33,484.33,447.1,173082.0
2026-06-10,482.0,452.69,495.0,445.0,179845.0
2026-06-11,443.68,442.51,459.96,431.1,116596.0
2026-06-12,456.51,436.5,462.46,432.51,149071.0
2026-06-15,440.0,450.3,452.88,421.01,146375.0
2026-06-16,450.31,464.1,474.99,447.0,150030.0
2026-06-17,452.01,460.5,464.69,445.38,133681.0
2026-06-18,455.0,471.55,482.58,454.98,158951.0
2026-06-22,494.78,518.71,518.71,490.1,84661.0
2026-06-23,555.0,570.58,570.58,539.46,230562.0
2026-06-24,558.2,580.0,594.0,553.18,189302.0
2026-06-25,598.0,575.0,600.0,565.0,180120.0
2026-06-26,565.07,543.0,582.0,533.0,155835.0
2026-06-29,543.0,527.1,549.19,490.0,142109.0
2026-06-30,540.0,545.9,549.9,522.69,121728.0
2026-07-01,535.0,508.51,542.87,500.1,135034.0
2026-07-02,480.01,464.37,495.5,460.99,118198.0
2026-07-03,460.0,475.08,492.0,455.0,124671.0
2026-07-06,489.0,441.94,489.0,429.0,136577.0
2026-07-07,435.0,429.16,448.56,418.28,125729.0
2026-07-08,434.31,410.0,439.16,407.68,103749.0
2026-07-09,418.8,441.26,441.95,400.43,160193.0
2026-07-10,441.26,415.03,466.98,414.93,182715.0
2026-07-13,405.6,381.87,413.02,378.37,140370.0
2026-07-14,381.86,400.18,402.97,371.01,133425.0
