date,open,close,high,low,vol,ret,ret_1d,vol_ma5,vol_ma20,vol_ratio,vol_ratio_5,ma5,ma10,ma20,ma60,pct_ma5,pct_ma20,ma5_slope,ma10_slope,ma20_slope,atr,atr_pct,rsi,macd,macd_signal,macd_hist,macd_hist_chg,k,d,j,bb_mid,bb_std,bb_upper,bb_lower,bb_width,bb_pos,obv,mfi,upper_shadow,lower_shadow,body_pct,amplitude,hl_spread,cumret_5d,cumret_10d,cumret_20d,ret_accel,consec_up,consec_down,gap,intraday_rev
2026-04-01,320.0,308.0,320.0,291.0,182901.0,,7.951298701298715,,,,,,,,,,,,,,,,,0.0,0.0,0.0,,,,,,,,,,,0.0,,0.0,5.51948051948052,3.896103896103896,9.0625,9.415584415584416,,,,,0,0,,-3.75
2026-04-02,304.9,332.49,338.8,304.9,192142.0,7.951298701298715,6.018226112063507,,,,,,,,,,,,,,,,,1.953618233618272,0.3907236467236544,1.5628945868946176,1.5628945868946176,,,,,,,,,,192142.0,,1.8978014376372228,0.0,8.29799392462932,11.118399475237794,10.195795362266544,,,,,1,0,-1.0064935064935139,9.048868481469345
2026-04-03,339.13,352.5,363.63,330.0,186519.0,6.018226112063507,1.304964539007103,,,,,,,,,,,,,,,,,5.058206670400466,1.3242202514590167,3.7339864189414493,2.171091832046832,,,,,,,,,,378661.0,,3.157446808510637,2.5900709219858142,3.792907801418441,9.916551175065608,9.540425531914892,,,,-1.9330725892352074,2,0,1.9970525429336181,3.9424409518473755
2026-04-07,351.5,357.1,368.0,346.0,172365.0,1.304964539007103,1.400168020162429,,,,,,,,,,,,,,,,,7.799884714370478,2.619353144041309,5.180531570329169,1.4465451513877197,,,,,,,,,,551026.0,,3.052366283954068,1.5401848221786612,1.5681881825819162,6.258890469416785,6.160739288714645,,,,-4.713261573056404,3,0,-0.28368794326241137,1.5931721194879154
2026-04-08,362.2,362.1,365.1,341.5,218783.0,1.400168020162429,9.999999999999986,190542.0,,,1.1482140420484723,342.438,,,,5.741769312985134,,,,,,,,10.257895891676071,4.147061693568261,6.11083419810781,0.9303026277786408,,,,,,,,,,769809.0,,0.8008837337752097,5.6890361778514285,0.027616680474997483,6.515737161789073,6.517536592101636,,,,0.09520348115532595,4,0,1.4281713805656582,-0.027609055770283244
2026-04-09,354.86,398.31,398.31,353.0,214583.0,9.999999999999986,-3.497275991062243,196878.4,,,1.0899265739664687,360.5,,,,10.488210818307907,,18.062000000000012,,,,,,14.955336034674247,6.308716561789458,8.646619472884788,2.5357852747769787,,,,,,,,,,984392.0,,0.0,0.466972960759211,10.908588787627723,12.768415713239023,11.375561748386936,26.67465737253174,,,8.599831979837557,5,0,-1.999447666390502,12.24426534407935
2026-04-10,392.0,384.38,396.53,370.0,248833.0,-3.497275991062243,-3.954420105104317,208216.6,,,1.195068020513254,370.87800000000004,,,,3.6405502618111485,,10.378000000000043,,,,,,17.3540103799329,8.517775325418146,8.836235054514756,0.18961558162996717,,,,,,,,,,735559.0,,1.1785212550080577,3.7410895468026424,1.9824132369009844,6.767857142857137,6.902024038711685,15.226082680170784,,,-13.497275991062228,0,1,-1.5841932163390329,-1.9438775510204094
2026-04-13,372.0,369.18,375.88,360.0,230442.0,-3.954420105104317,-1.2676743052169703,217001.2,,,1.061938827988048,374.21400000000006,,,,-1.3452195802401963,,3.3360000000000127,,,,,,17.823011529295854,10.378822566193689,7.444188963102166,-1.39204609141259,,,,,,,,,,505117.0,,1.0509778427867151,2.48659190638713,0.7638550300666322,4.268817204301074,4.301424779240478,5.253436463002958,,,-0.457144114042074,0,2,-3.2207711119204943,-0.7580645161290305
2026-04-14,369.99,364.5,376.76,360.01,174594.0,-1.2676743052169703,-1.6159122085047994,217447.0,,,0.8029266901819754,375.6940000000001,,,,-2.979552508158254,,1.4800000000000182,,,,,,17.614017996411633,11.825861652237277,5.7881563441743555,-1.65603261892781,68.4931506849315,68.4931506849315,68.49315068493152,,,,,,,330523.0,,1.8573388203017782,1.2318244170096047,1.5061728395061753,4.527149382415741,4.595336076817558,2.680797618778885,,,2.6867457998873467,0,3,0.21940516821062958,-1.4838238871320872
2026-04-15,360.12,358.61,371.8,352.0,170899.0,-1.6159122085047994,2.763447756615811,207870.2,,,0.822142856455615,374.996,358.717,,,-4.369646609563827,,-0.6980000000000928,,,,,,16.77968952481956,12.816627226753734,3.963062298065825,-1.8250940461085303,64.82849948598975,67.27160028528426,59.94229788740071,,,,,,,159624.0,,3.257020161177883,1.8432280192967327,0.4210702434399461,5.4981672775741455,5.521318423914562,-0.33528260988834324,,,-0.3482379032878291,0,4,-1.2016460905349782,-0.41930467621903555
2026-04-16,350.0,368.52,373.05,346.0,180799.0,2.763447756615811,-0.713665472701619,201113.4,,,0.8989903208836408,369.038,364.769,,,-0.14036494886706222,,-5.95799999999997,6.052000000000021,,,,,16.725333149357766,13.598368411274542,3.126964738083224,-0.8360975599826013,62.01566193224964,65.51962083427273,55.007744128203456,,,,,,,340423.0,,1.2292412894822615,1.0854227721697602,5.025507435145984,7.728571428571432,7.340171496798006,-7.571834853272518,19.10282251925922,,4.37935996512061,1,0,-2.4009369510052743,5.2914285714285665
2026-04-17,367.44,365.89,372.64,360.35,152231.0,-0.713665472701619,5.22288119380141,181793.0,,,0.8373864780272068,365.34,368.109,,,0.15054469808945403,,-3.698000000000036,3.339999999999975,,,,,16.282343588533195,14.135163446726274,2.1471801418069205,-0.9797845962763034,55.654635385449765,62.231292351331746,42.50132145368582,,,,,,,188192.0,,1.4211921615786134,1.5141162644510546,0.4236245866243984,3.344763770955792,3.3589330126540666,-4.788224334911894,10.437858345258888,,-3.47711322931743,0,1,-0.2930641484858309,-0.42183757892445334
2026-04-20,374.23,385.0,401.98,374.23,210116.0,5.22288119380141,-0.8883116883116937,177727.8,,,1.1822348557738296,368.504,371.35900000000004,,,4.476477867268736,,3.164000000000044,3.250000000000057,,,,,17.274162666650284,14.762963290711077,2.5111993759392064,0.3640192341322859,61.07795798183423,61.846847561499246,59.5401788225042,,,,,,,398308.0,,4.410389610389616,0.0,2.7974025974025927,7.415225930577451,7.207792207792208,4.3890769639938325,9.642513426996791,,5.936546666503029,1,0,2.2793735822241747,2.8779093071105954
2026-04-21,377.3,381.58,386.66,360.52,154608.0,-0.8883116883116937,7.9721159389905205,173730.6,,,0.8899295806265562,371.92,373.80699999999996,,,2.597332759733267,,3.415999999999997,2.4479999999999222,,27.01785714285715,7.080522339445765,,17.581551828518116,15.326680998272485,2.254870830245631,-0.25632854569357555,61.90477656095128,61.86615722798326,61.9820152268873,,,,,,,243700.0,62.15285279937179,1.3313066722574667,4.397505110330738,1.1216520782011565,6.928173866949389,6.850463860789362,4.768439580899109,7.449237199677993,,-6.111192882113103,0,1,-1.999999999999997,1.134375828253372
2026-04-22,382.29,412.0,417.96,382.29,202629.0,7.9721159389905205,-6.548543689320397,180076.6,,,1.1252378154629752,382.598,378.79699999999997,,,7.6848284622501914,,10.677999999999997,4.990000000000009,,27.54500000000001,6.685679611650487,76.59846547314578,20.0486908946138,16.27108297754075,3.7776079170730483,1.5227370868274175,71.84239134080096,65.19156859892249,85.1440368245579,,,,,,,446329.0,65.25778004709541,1.446601941747568,0.0,7.211165048543684,9.330612885505756,8.657766990291252,14.356467728394428,14.021185118506086,,8.860427627302215,1,0,0.18606845222496893,7.771587015093248
2026-04-23,411.2,385.02,422.88,381.5,213286.0,-6.548543689320397,-4.3789932990493945,186574.0,,,1.1431710742118408,385.898,377.46799999999996,,,-0.2275212620951761,,3.3000000000000114,-1.3290000000000077,,28.07928571428572,7.292942110613922,63.26582150613667,19.600908785206002,16.937048139073802,2.6638606461322,-1.1137472709408485,64.81306838606294,65.06540186130265,64.30840143558353,,,,,,,233043.0,57.71884415288081,3.033608643706822,0.9142382213910919,6.799646771596282,10.063229571984435,10.747493636694196,5.044476282458221,-2.5273585708142967,,-14.520659628310916,0,1,-0.19417475728155617,-6.36673151750973
2026-04-24,378.39,368.16,385.0,364.35,164065.0,-4.3789932990493945,2.536940460669257,188940.8,,,0.8683407712892081,386.352,375.846,,,-4.708659460802571,,0.4539999999999509,-1.6219999999999573,,27.153571428571432,7.375481157260818,54.01868199548349,17.6817529013656,17.085989091532163,0.5957638098334357,-2.068096836298764,52.8167594304589,60.9825210510214,36.48523618933392,,,,,,,68978.0,51.54123179873737,1.795415036940464,1.0348761408083447,2.7786831812255435,5.457332381933978,5.608974358974352,1.3791484561104461,-3.409075878801448,,2.1695503902710023,0,2,-1.7219884681315245,-2.7035598192341133
2026-04-27,378.0,377.5,394.0,374.09,175410.0,2.536940460669257,-1.0622516556291317,181999.6,,,0.9637933270183011,384.852,376.678,,,-1.9103447559061602,,-1.5,0.8319999999999936,,27.427857142857142,7.26565752128666,55.11073253833049,16.72171050916745,17.01313337505922,-0.2914228658917679,-0.8871866757252036,48.868821236677775,56.94462111290686,32.71722148421961,,,,,,,244388.0,51.79939463149845,4.23841059602649,0.9033112582781524,0.13245033112582782,5.267195767195774,5.27417218543047,-1.3067922770217066,3.082284686972126,,6.915933759718651,1,0,2.6727509778357166,-0.13227513227513227
2026-04-28,370.51,373.49,381.16,368.0,112319.0,-1.0622516556291317,-0.7952020134407989,173541.8,,,0.6472158292699511,383.23400000000004,377.577,,,-2.5425719012405024,,-1.6179999999999382,0.8990000000000009,,26.682142857142857,7.144004620510016,52.86771740772446,15.459093700360654,16.702325440119505,-1.2432317397588513,-0.9518088738670833,44.49822213558609,52.79582145379994,27.90302349915838,,,,,,,132069.0,53.68628850668841,2.053602506091198,0.6720394120324482,0.7978794612974962,3.5518609484224513,3.5235213794211426,-1.4807322443391446,3.2877073365599645,,-3.5991921162983886,0,1,-1.851655629139075,0.8042967801139019
2026-04-29,365.0,370.52,375.99,358.1,122974.0,-0.7952020134407989,-4.485587822519699,157610.8,184024.9,0.6682465253343434,0.780238410058194,374.938,378.768,368.7425,,-1.1783281502541771,0.48204370258377455,-8.29600000000005,1.190999999999974,,24.72357142857143,6.672668527629123,41.59661324463259,14.056768921946741,16.17321413648495,-2.11644521453821,-0.8732134747793587,36.05634280069225,47.21599523609738,13.737037929881993,368.7425,22.199104267135585,413.1407085342712,324.3442914657288,24.080874070263768,0.5200176995725843,9095.0,47.110029702425244,1.4763035733563714,1.8622476519486069,1.4897981215588854,4.901369863013695,4.828349346863864,-10.248050196770464,4.1084175316239655,,0.2670496421883328,0,2,-2.2731532303408417,1.5123287671232828
2026-04-30,359.1,353.9,365.0,336.99,207769.0,-4.485587822519699,2.020344730149759,156507.4,185268.3,1.1214492711381279,1.3275346724819401,368.714,377.306,371.0375,,-4.017748173381,-4.618805376815024,-6.2239999999999895,-1.461999999999989,2.295000000000016,25.096428571428568,7.091389819561619,40.9307307783861,11.472078352853714,15.232986979758705,-3.7609086269049907,-1.6444634123667807,30.60021953003032,41.67740333407503,8.4458519219409,371.0375,17.454470660911806,405.9464413218236,336.12855867817643,18.816934310857306,0.25453996381599797,-198674.0,37.94141705087042,1.667137609494201,4.778185928228305,1.4693416219271112,7.800055694792533,7.914665159649617,-8.185094329969765,-3.140618047511545,15.962204471747675,-3.6903858090789003,0,3,-3.0821548094569686,-1.4480646059593554
2026-05-06,362.0,361.05,370.0,353.5,173789.0,2.020344730149759,7.796704057609749,158452.2,184350.65,0.9427089082680208,1.0967913351786847,367.292,376.822,372.4655,,-1.699465275584538,-3.0648476167591383,-1.4220000000000255,-0.48399999999998045,1.4279999999999973,24.533571428571427,6.795062021484954,47.459216201012566,9.886670318916401,14.163723647590244,-4.277053328673842,-0.5161447017688516,29.737671094301273,37.69749258748378,13.818028107936257,372.4655,15.151114419668742,402.7677288393375,342.16327116066253,16.271160061448636,0.3116392681785055,-24885.0,45.81394486488854,2.2157595900844758,2.091123113142227,0.26312145132252834,4.558011049723757,4.570004154549231,-1.785756300770612,-0.40660784466016686,10.03125050059872,6.505932552669458,1,0,2.288782141847986,-0.26243093922651617
2026-05-07,380.11,389.2,392.0,368.18,202035.0,7.796704057609749,2.063206577595067,163777.2,185126.45,1.0913351387659624,1.233596617844242,369.632,377.242,374.3005,,5.293913946844424,3.980625192859745,2.340000000000032,0.4200000000000159,1.8349999999999795,25.54785714285714,6.56419762149464,56.731712634906785,10.777456955359753,13.486470309144147,-2.7090133537843943,1.568039974889448,40.08746513206455,38.49415010234404,43.27409519150558,374.3005,14.824671639214326,403.94984327842866,344.65115672157134,15.842534689870122,0.7512618890085181,177150.0,53.58419360241979,0.7194244604316575,3.0652620760534446,2.335560123329901,6.266607034805712,6.120246659815003,3.47400729616988,2.1672150191481725,11.809728446144963,5.77635932745999,2,0,5.2790472233762635,2.391413012022829
2026-05-08,373.38,397.23,405.0,373.0,194562.0,2.063206577595067,0.7753694333257677,180225.8,186236.3,1.0447050333366803,1.0795457698065427,374.38,378.807,376.30699999999996,,6.103424328222667,5.560087906948332,4.7479999999999905,1.5649999999999977,2.00649999999996,26.41928571428571,6.650878764012212,60.404094827586206,11.993116491543447,13.187799545624006,-1.19468305408056,1.5143302997038344,50.10371700386561,42.364005736184566,65.58313953922772,376.30699999999996,15.087518054757412,406.4820361095148,346.1319638904851,16.037456709290474,0.8466938684690186,371712.0,60.92333504610775,1.9560456158900337,0.09566246255317963,6.004078241824641,8.570357276768975,8.055786320267854,6.599465529394078,5.118733285054933,12.567970484732927,-5.733497480014682,3,0,-4.064748201438848,6.387594407841883
2026-05-11,404.4,400.31,404.99,385.0,193999.0,0.7753694333257677,2.785341360445659,194430.8,184997.1,1.0486596816923075,0.9977791584460899,380.338,377.63800000000003,378.2175,,5.251118741750753,5.841215702604991,5.958000000000027,-1.1689999999999827,1.9105000000000132,25.914999999999996,6.473732857035797,58.891312860099575,13.05458061258139,13.161155759015484,-0.10657514643409449,1.0881079076464655,64.4371297694741,49.72171374728108,93.86796181386013,378.2175,15.604209578794647,409.42591915758925,347.0090808424107,16.50289537506291,0.8539509625342168,565711.0,61.39658421747126,0.14738577602358965,3.8245359846119262,1.0217081761634672,4.9431256181998044,4.993629936798983,8.170036976160645,-2.0780132206098196,11.943171897896264,-1.2878371442692993,4,0,1.8049996223850058,-1.0113748763600334
2026-05-12,406.05,411.46,430.0,406.0,178592.0,2.785341360445659,-1.0936664560346032,188595.4,183197.55,0.9748601987308237,0.9469584093779594,391.85,380.28200000000004,378.875,,5.004465994640795,8.600461893764429,11.512,2.6440000000000055,0.6575000000000273,27.157857142857143,6.600363861093944,62.16562550056062,14.62690058647064,13.454304724506517,1.1725958619641226,1.279171008398217,69.64697301264226,56.36346683573481,96.21398536645717,378.875,16.731698406884657,412.3383968137693,345.4116031862307,17.664610657219026,0.9868752592772071,744303.0,62.13886958863608,4.505905798862592,0.012151849511498414,1.3148301171438215,5.910602142593277,5.832887765517912,15.440966159126003,7.255871829156236,4.728513258341937,2.0099719271198913,5,0,1.4338887362294246,1.3323482329762266
2026-05-13,393.0,406.96,412.98,393.0,138534.0,-1.0936664560346032,-0.5553371338706481,181544.4,177682.6,0.7796711664507385,0.7630860549815913,401.03200000000004,384.162,380.004,,1.4781862793991352,7.0936095409521895,9.182000000000016,3.8799999999999386,1.129000000000019,26.007142857142856,6.390589457721363,56.358582348853375,15.333112525141985,13.830066284633611,1.5030462405083735,0.33045037854425097,71.50747202742255,61.411468566297394,91.69947894967287,380.004,17.84732661684713,415.6986532336943,344.30934676630574,18.786461844451257,0.877591565654357,605769.0,55.136954903218104,1.4792608610182916,0.0,3.430312561431094,5.08396946564886,4.909573422449386,12.32695497294164,10.541198672171028,7.132122793369577,-3.879007816480262,0,1,-4.486462839644189,3.552162849872768
2026-05-14,410.82,404.7,419.68,398.72,142031.0,-0.5553371338706481,-7.474672596985421,169543.6,173262.05,0.81974673622989,0.8377255172120918,404.13199999999995,386.88199999999995,381.78,,0.14054813773718502,6.003457488606008,3.099999999999909,2.7199999999999704,1.7759999999999536,25.63714285714285,6.3348512125383865,56.739738805970156,15.53139125173476,14.170331278053842,1.3610599736809181,-0.1419862668274554,71.93785595291239,64.92026436183573,85.97303913506568,381.78,18.469981620256977,418.71996324051395,344.840036759486,19.351439698524793,0.8102331186792094,463738.0,61.33532380497329,2.1892760069187087,1.4776377563627283,1.512231282431432,5.1019911396718705,5.179145045712868,3.974913781461244,7.448921077631122,10.531205764603246,0.5383293221639551,0,2,0.9484961666994333,-1.48970351978969
2026-05-15,400.01,374.45,404.7,366.66,155276.0,-7.474672596985421,6.6844705568166685,161686.4,172296.15,0.901215726526681,0.9603528806380748,399.57599999999996,386.978,382.2775,,-6.288165455382701,-2.047596314195836,-4.555999999999983,0.09600000000006048,0.4975000000000023,25.755714285714276,6.878278618163781,39.04289466005251,13.096636507592507,13.955592323961575,-0.8589558163690683,-2.2200157900499864,61.38365037580462,63.7413930331587,56.66816506109646,382.2775,18.11054443513063,418.49858887026124,346.0564111297387,18.950154728050315,0.39194830630248356,308462.0,53.89186742673928,1.2525036720523428,2.0803845640272303,6.826011483509148,9.509762255943592,10.158899719588721,-5.562965393119244,1.0365001362748334,4.324207472834796,-6.919335463114773,0,3,-1.1588831233012102,-6.3898402539936505
2026-05-18,368.0,399.48,401.99,367.5,165299.0,6.6844705568166685,-0.39551416841895337,155946.4,172016.15,0.9609504688949264,1.0599731702687591,399.40999999999997,389.874,384.321,,0.0175258506296913,3.9443590123880794,-0.16599999999999682,2.896000000000015,2.0435000000000514,25.26357142857142,6.324114205610148,54.26800472255019,13.036510864659533,13.771776032101169,-0.7352651674416357,0.12369064892743253,60.95729197166933,62.81335934599558,57.24515722301683,384.321,17.59799955736593,419.5169991147319,349.12500088526815,18.315938559033658,0.7153511816866557,473761.0,62.31266115372309,0.6283168118554098,0.12516271152498248,7.880244317612902,9.372282608695654,8.633723840993293,0.3461357303716568,8.5161727065323,12.624590238156262,14.15914315380209,1,0,-1.7225263720122816,8.55434782608696
2026-05-19,395.49,397.9,398.98,376.99,124501.0,-0.39551416841895337,0.01256597134959847,145128.2,169201.25,0.7358160770088873,0.857869111585481,396.698,394.274,385.78999999999996,,0.3030012755294955,3.139013452914802,-2.711999999999989,4.399999999999977,1.4689999999999372,25.393571428571423,6.381897820701539,59.648325979756024,12.714799767037789,13.560380779088494,-0.8455810120507046,-0.11031584460906885,57.07856934517981,60.90176267905699,49.432182677425445,385.78999999999996,17.43508350545256,420.66016701090507,350.91983298909486,18.077278836105194,0.6736441353465958,349260.0,68.71593796493596,0.27142498115105324,4.6494093993465695,0.6056798190500046,5.560191155275736,5.526514199547627,-2.8347197984929555,12.606246360633046,9.465628313121497,-7.079984725235622,0,1,-0.9987984379693624,0.6093706541252543
2026-05-20,396.9,397.95,406.42,382.01,129645.0,0.01256597134959847,-5.566025882648573,143350.4,168071.95,0.7713660726849423,0.9043923142174699,394.896,397.964,387.393,,0.7733681779506436,2.7251395869311055,-1.801999999999964,3.6899999999999977,1.6030000000000086,25.291428571428572,6.355428715021628,57.06000138092936,12.32183751372122,13.31267212601504,-0.9908346122938188,-0.14525360024311418,54.51906728053561,58.774197546216534,46.00880674917376,387.393,16.97695654951761,421.3469130990352,353.43908690096475,17.529440696675067,0.655460726562029,478905.0,68.14813134030817,2.1284080914687844,3.741676089961047,0.26385224274406616,6.150163769211395,6.133936424173898,-1.7284873711087538,10.598467601832885,10.191859757172715,0.40808013976855184,1,0,-0.25131942699170645,0.2645502645502674
2026-05-21,397.95,375.8,402.03,374.0,137435.0,-5.566025882648573,3.4220329962746154,142431.2,164437.9,0.8357866404277846,0.964922011469397,389.11600000000004,396.62399999999997,386.933,,-3.4221157701045524,-2.8772423132687006,-5.779999999999973,-1.3400000000000318,-0.45999999999997954,26.353571428571424,7.012658709039761,50.70871939620789,10.106589736749868,12.671455648162006,-2.564865911412138,-1.5740312991183192,41.15606485158536,52.90148664800615,17.665221258743784,386.933,17.168764814719676,421.27052962943935,352.59547037056063,17.748566097716846,0.3378887456356925,341470.0,67.313412837734,1.0856838744012731,0.47897817988291946,5.894092602448104,7.043598442015322,7.458754656732297,-6.739176119886679,-2.7642623384254366,-0.5970473192772676,-5.578591853998171,0,1,0.0,-5.566025882648568
2026-05-22,380.0,388.66,389.98,375.86,100802.0,3.4220329962746154,-0.6766839911490852,131536.4,161747.6,0.6232055375164762,0.7663430046739914,391.95799999999997,395.767,387.287,,-0.841416682399631,0.354517450882691,2.8419999999999277,-0.8569999999999709,0.353999999999985,26.088571428571424,6.712440546640103,55.247020710401486,9.281690883148428,11.993502695159291,-2.711811812010863,-0.14694590059872503,39.01510522786462,48.27269284129231,20.499930001009247,387.287,17.125519308299697,421.53803861659935,353.0359613834006,17.68767793217917,0.5200431878193416,442272.0,72.27426480116809,0.3396284670405993,1.0651983739000634,2.2281685792209194,3.715789473684212,3.6329954201615817,4.157529473373358,-1.405435919745888,3.7132973653090415,8.988058878923187,1,0,1.1176157530601354,2.278947368421059
2026-05-25,388.66,386.03,389.88,378.05,108557.0,-0.6766839911490852,-5.724943657228709,120188.0,157044.0,0.6912521331601335,0.9032266116417612,389.26800000000003,394.339,385.98850000000004,,-0.8318176680333488,0.010751615656924531,-2.689999999999941,-1.4279999999999973,-1.2984999999999332,24.538571428571426,6.356648817079353,60.11204129162207,8.31982778265558,11.25876771265855,-2.93893993000297,-0.2271281179921072,38.187864694849495,44.911083459144706,24.741427166259072,385.98850000000004,16.107387084322806,418.20327416864563,353.77372583135445,16.692090136698674,0.5006441144020236,333715.0,74.9778297231542,0.31603761365696204,2.0671968499857427,0.6812941999326613,3.0437914887047763,3.064528663575366,-3.203625074592396,-2.857489344220741,-4.935502564830564,-4.098716987423701,0,1,0.0,-0.6766839911490897
2026-05-26,384.0,363.93,384.99,358.48,149897.0,-5.724943657228709,0.596268513175624,125267.2,153874.55,0.974150696135261,1.196618109129924,382.474,389.586,384.93399999999997,,-4.848434141928597,-5.456519818981946,-6.79400000000004,-4.752999999999986,-1.0545000000000755,25.327857142857138,6.959540885021058,50.828443217121155,5.708455521213523,10.148705274369545,-4.4402497531560225,-1.5013098231530524,28.42698604928964,39.416384322526355,6.448189502816206,384.93399999999997,16.847474400758394,418.62894880151674,351.2390511984832,17.506870685113178,0.18832123586645025,183818.0,68.09467398085285,0.27203033550408295,1.4975407358557933,5.51479680158272,6.903645833333331,7.284367872942596,-8.533054563402152,-11.367774361895108,-4.111902532738877,-5.048259666079624,0,2,-0.5258658653472458,-5.226562499999998
2026-05-27,362.99,366.1,375.0,360.07,114707.0,0.596268513175624,1.2155148866429988,122279.6,151406.65,0.7576087311884914,0.9380714362820944,376.10400000000004,385.5,384.831,,-2.6599025801374134,-4.867331374031717,-6.369999999999948,-4.086000000000013,-0.1029999999999518,24.183571428571423,6.605728333398367,42.18750000000002,3.770560381665348,8.873076295828705,-5.102515914163357,-0.6622661610073344,24.249613561437155,34.36079406882996,4.027252546651539,384.831,16.961334946220877,418.7536698924418,350.90833010755824,17.629905019315895,0.22391618850476444,298525.0,61.38880012273359,2.4310297732859807,0.7975962851679912,0.8494946735864555,4.11306096586683,4.078120732040428,-7.949352021576127,-9.677839392684882,0.8633592794861418,6.321212170404333,1,0,-0.2582914296705404,0.8567729138543799
2026-05-28,360.66,370.55,373.0,351.37,116444.0,1.2155148866429988,8.70597760086358,118081.4,148458.35,0.7843546691715219,0.9861332944900721,375.054,382.08500000000004,384.4835,,-1.2008937379683893,-3.6239526533648343,-1.0500000000000682,-3.4149999999999636,-0.347500000000025,23.44285714285714,6.3265030745802555,40.75280743102731,2.564282874820776,7.61131761162712,-5.047034736806344,0.05548117735701297,27.780093570173968,32.16722723594463,19.00582623863265,384.4835,17.18910158853718,418.86170317707433,350.10529682292565,17.882797663397437,0.2973497927126721,414969.0,54.10390662508386,0.6611793280259044,2.5070840642288545,2.6690055323168225,5.997338213275659,5.837268924571582,-1.1678112522845554,-7.906987372171234,-0.4580662945401164,0.6192463734673748,2,0,-1.485932805244468,2.7421948649697736
2026-05-29,369.97,402.81,407.0,365.0,253337.0,8.70597760086358,-7.753034929619429,148588.4,155509.25,1.629079942189934,1.7049581259371527,377.884,384.921,385.9495,,6.596204126133943,4.368576717938487,2.830000000000041,2.835999999999956,1.4660000000000082,25.014999999999993,6.210123879744791,50.72071033210332,4.163418356639795,6.9217377606296555,-2.7583194039898604,2.2887153328164835,49.34275996535177,37.89240481241367,72.24347027122795,385.9495,17.450470503383922,420.8504410067678,351.0485589932322,18.08575526423422,0.741547928417324,668306.0,55.40501841027483,1.0401926466572322,1.2338323278965337,8.152727092177447,11.352271805822092,10.426752066731213,4.116133352304409,8.273662825677766,9.310162961952596,7.490462714220581,3,0,-0.1565240858183738,8.876395383409458
2026-06-01,399.99,371.58,399.99,367.0,183223.0,-7.753034929619429,10.000538242101298,163521.6,158521.7,1.1558228305651528,1.1204819424467471,374.99399999999997,382.131,386.00249999999994,,-0.9104145666330629,-3.736374764412137,-2.890000000000043,-2.7900000000000205,0.05299999999994043,25.452142857142853,6.8497074269720795,39.69615543613064,2.8775738668211943,6.112904981867963,-3.235331115046769,-0.47701171105690854,45.004946214542734,40.26325194645669,54.48833475071481,386.00249999999994,17.402686385183504,420.80787277036694,351.19712722963294,18.03375510281255,0.2928121601346682,485083.0,46.215292141240624,0.0,1.2325744119705,7.645729048926214,8.24770619265482,8.878303460896714,-2.9602175861659346,-6.163842660758331,2.3523300457739653,-16.459012530483008,0,1,-0.7000819244805226,-7.102677566939179
2026-06-02,373.11,408.74,408.74,368.58,197541.0,10.000538242101298,8.868718500758433,173050.4,158010.3,1.2501779947256604,1.1415229320475422,383.956,383.21500000000003,388.7445,,6.454906291345881,5.143609748819595,8.962000000000046,1.08400000000006,2.7420000000000755,26.893571428571423,6.579627985656266,50.393491909098955,4.801683467483883,5.850660678991147,-1.048977211507264,2.186353903539505,63.33663080969515,47.95437823420285,94.10113596067976,388.7445,16.367921925458123,421.48034385091626,356.0086561490838,16.841829968483793,0.8054068209003926,682624.0,54.68362761589201,0.0,1.1082839947154743,8.717032832607524,10.763581785532423,9.825316827322998,12.765264313164073,4.232209749761919,16.83845611039496,17.753573171720728,1,0,0.411755207492338,9.549462624963144
2026-06-03,423.0,444.99,449.61,420.99,211772.0,8.868718500758433,2.449493247039247,192463.4,159909.45,1.3243244848881663,1.1003234900765548,399.73400000000004,387.919,392.9415,,11.321528816663074,13.245864842476548,15.77800000000002,4.703999999999951,4.197000000000003,28.315714285714282,6.3632248557752495,57.74301418303418,9.14619459657871,6.50976746250866,2.6364271340700496,3.6854043455773136,73.99016429658288,56.63297358832953,108.70454571308959,392.9415,19.37788111685446,431.69726223370895,354.1857377662911,19.72597052421744,1.171493695390789,894396.0,56.577299214560995,1.0382255781028797,0.4516955437200815,4.941684082788379,6.765957446808511,6.4316052046113406,21.03771430074688,13.088362279170754,23.68682988100364,-1.1318197413428646,2,0,3.4887703674707615,5.1985815602836905
2026-06-04,434.9,455.89,469.99,433.0,190685.0,2.449493247039247,-3.119173484831861,207311.6,159341.95,1.1967030653258603,0.9197989885756513,416.802,395.928,396.276,,9.378074001564283,15.043555501721015,17.067999999999984,8.009000000000015,3.3344999999999914,28.240714285714287,6.1946334172090385,66.9088946100822,13.315299388928565,7.870873847792641,5.444425541135924,2.807998407065875,78.69787719249514,63.98794145638474,108.11774866471596,396.276,23.908466106777826,444.0929322135557,348.45906778644434,24.133145693181355,1.1233565939964247,1085081.0,64.80426736029321,3.0928513457193674,0.4167672026146608,4.604180833095705,8.505403541043922,8.113799381429732,22.27169266114313,21.103881408858573,18.339619070433137,-6.419225253719186,3,0,-2.2674666846446057,4.8263968728443345
2026-06-05,455.95,441.67,487.1,436.01,203175.0,-3.119173484831861,-0.3101863382163117,197279.2,159772.6,1.2716510841032818,1.0298855632017971,424.57399999999996,401.229,398.498,,4.0266243340383685,10.83368047016548,7.7719999999999345,5.300999999999988,2.22199999999998,29.426428571428573,6.662537317777656,59.17134037650536,15.295591754570978,9.355817429148308,5.93977432542267,0.49534878428674567,74.64163103876504,67.53917131717817,88.84655048193878,398.498,25.97735827904545,450.4527165580909,346.54328344190907,26.07527092135515,0.915477196875178,881906.0,65.91015924480897,7.052776960173893,1.2814997622659507,3.233183145787573,11.205176006141032,11.567459868227417,10.44654157544769,14.562674927752097,13.157239008006208,-5.568666731871108,0,1,0.013161069556253104,-3.1319223599078785
2026-06-08,406.0,440.3,462.3,406.0,189114.0,-0.3101863382163117,9.999999999999986,198457.4,159528.35,1.185457004977485,0.9529198709647512,438.31800000000004,406.65600000000006,400.4975,,0.452183118192721,9.93826428379703,13.744000000000085,5.427000000000078,1.9995000000000118,31.841428571428573,7.231757567892022,59.2254134029591,16.563506380022204,10.797355219323087,5.766151160699117,-0.1736231647235531,71.60101466583943,68.89311910006526,77.01680579738775,400.4975,27.61178578929078,455.7210715785816,345.2739284214184,27.577486290716713,0.860376003056613,692792.0,58.241278015974345,4.996593231887349,0.0,7.790143084260734,13.866995073891628,12.786736316148083,17.889390166850806,14.92917258068487,12.071683236464128,2.808987146615549,0,2,-8.07616546290217,8.448275862068968
2026-06-09,454.0,484.33,484.33,447.1,173082.0,9.999999999999986,-6.532735944500645,193565.6,159252.85,1.0868376923866667,0.8941774778163062,453.436,418.696,404.14099999999996,,6.813309926869504,19.841837378538685,15.117999999999938,12.039999999999964,3.6434999999999604,33.24285714285714,6.863679132586695,65.77544013441448,20.880493549478047,12.81398288535408,8.066510664123967,2.3003595034248505,80.38707100171608,72.72443640061555,95.71234020391714,404.14099999999996,33.346674559999556,470.83434911999905,337.4476508800009,33.00499039691548,1.101176886886567,865874.0,59.56975708748049,0.0,1.4246484834720083,6.26225920343567,8.200440528634353,7.686907686907679,17.888851924749495,30.654116237913566,19.286341876018454,10.310186338216297,1,0,3.111514876220756,6.6806167400881025
2026-06-10,482.0,452.69,495.0,445.0,179845.0,-6.532735944500645,-2.2487795179924497,187180.2,161318.4,1.1148449277949695,0.9608120944416129,454.976,427.355,406.4275,,-0.5024440849627236,11.382718935111425,1.5400000000000205,8.658999999999992,2.2865000000000464,34.81214285714286,7.690062262727884,63.57185723867688,21.500805507889538,14.551347409861172,6.949458098028366,-1.1170525660956017,76.0759960524261,73.84162295121907,80.5447422548402,406.4275,35.07323944262912,476.57397888525827,336.28102111474175,34.518569184052886,0.829756395012169,686029.0,57.71489938351102,2.8717223707172677,1.6987342331396755,6.474629437363317,10.37344398340249,11.045086041220262,2.487397479490417,23.525111780237296,13.847272387552414,-16.53273594450063,0,1,-0.4810769516651837,-6.08091286307054
2026-06-11,443.68,442.51,459.96,431.1,116596.0,-2.2487795179924497,-1.358161397482538,172362.4,160046.65,0.7285125930470897,0.6764584387314171,452.3,434.55100000000004,408.31800000000004,,-2.164492593411457,8.37386546760122,-2.6759999999999877,7.196000000000026,1.8905000000000314,35.86071428571428,8.103933083029599,59.59585159841762,20.929701708834273,15.827018269655792,5.102683439178481,-1.8467746588498848,70.3813932016174,72.68821303468518,65.76775353548183,408.31800000000004,35.982446831753876,480.2828936635078,336.35310633649226,35.2494348343731,0.7375602759859156,569433.0,53.08183281683352,3.6790129036631884,2.5784728028745043,0.26440080450159675,6.504688063469157,6.521886511039289,-2.21087528554128,20.06081737560185,12.153830003430611,4.283956426508196,0,2,-1.990324504627889,-0.2637035701406455
2026-06-12,456.51,436.5,462.46,432.51,149071.0,-1.358161397482538,3.16151202749142,161541.6,159736.4,0.9332312484818739,0.9228025474552685,451.26599999999996,437.91999999999996,411.4205,,-3.272127747271003,6.095831393914498,-1.0340000000000487,3.3689999999999145,3.1024999999999636,37.154999999999994,8.512027491408933,58.88650209529176,19.764310393804294,16.614476694485493,3.149833699318801,-1.9528497398596798,64.82948757342442,70.06863788093159,54.35118695841007,411.4205,35.58138683652621,482.5832736730524,340.2577263269476,34.593693640959756,0.6762122153587233,420362.0,51.81689123195615,1.3631156930125976,0.9140893470790399,4.584192439862541,6.56064489277343,6.861397479954179,-0.4498631981919572,9.99667837725573,18.270341202933498,0.8906181205099117,0,3,3.1637703102754737,-4.383255569428926
2026-06-15,440.0,450.3,452.88,421.01,146375.0,3.16151202749142,3.0646235842771485,152993.8,158790.2,0.9218138147064491,0.9567381161851004,453.26599999999996,445.79200000000003,413.9615,,-0.6543618978701141,8.778231792086947,2.0,7.872000000000071,2.540999999999997,37.46357142857143,8.319691634148663,65.66546958319731,19.726874914577877,17.236956338503973,2.4899185760739044,-0.6599151232448968,59.81141868190842,66.64956481459055,46.13512641654415,413.9615,36.48689242295381,486.93528484590763,340.98771515409237,35.256314824401606,0.7489832484140219,566737.0,51.35169029504168,0.572951365756159,4.217188540972687,2.2873639795691783,7.243181818181819,7.077503886298024,3.0218351675157744,20.911225334366577,14.747382673608247,4.519673424973957,1,0,0.8018327605956471,2.3409090909090935
2026-06-16,450.31,464.1,474.99,447.0,150030.0,3.0646235842771485,-0.7756948933419605,148383.4,160066.65,0.9372970571946124,1.0110969286321785,449.21999999999997,451.328,417.2715,,3.3124081741685707,11.222549347367366,-4.045999999999992,5.5359999999999445,3.3100000000000023,38.396428571428565,8.27330932372949,67.05534284719806,20.573592132681654,17.90428349733951,2.6693086353421442,0.1793900592682398,61.63457874674046,64.97790279197386,54.947930656273655,417.2715,37.927457388379736,493.1264147767595,341.41658522324053,36.35758242619468,0.8086714956955393,716767.0,56.56983468533475,2.3464770523594023,0.7132083602671843,2.9713423831070935,6.215718060891388,6.03102779573368,-3.9135412482070624,13.975310676542431,18.20752042630435,-0.09688844321427137,2,0,0.002220741727735044,3.06233483600187
2026-06-17,452.01,460.5,464.69,445.38,133681.0,-0.7756948933419605,2.399565689467975,139150.6,160268.45,0.8341067752261907,0.9606929470659846,450.782,452.879,420.399,,2.1558092381683425,9.538795287334176,1.5620000000000118,1.5510000000000446,3.1274999999999977,38.230714285714285,8.302000930665425,65.70082038750218,20.71533819093753,18.466494436059115,2.248843754878415,-0.42046488046372943,61.50170418322024,63.81916992238932,56.866772704882095,420.399,38.81881406306934,498.0366281261387,342.7613718738613,36.935210657560404,0.7582575032743625,583086.0,55.59618273399812,0.9098805646036912,1.4397394136807806,1.8436482084690575,4.272029379880977,4.19326818675353,1.8434998029516225,4.330897282442037,17.41925956161279,-3.840318477619109,0,1,-2.6050420168067294,1.8782770292692659
2026-06-18,455.0,471.55,482.58,454.98,158951.0,2.399565689467975,10.001060332944544,147621.6,161344.25,0.9851668094772513,1.0767462214201715,456.59,454.445,425.18649999999997,,3.2764624718018434,10.904273771627286,5.807999999999993,1.565999999999974,4.787499999999966,37.20214285714285,7.889331535816531,62.95807570502187,21.471802046369476,19.067555958121186,2.4042460882482892,0.1554023333698744,65.55169791989964,64.39667925489277,67.86173524991335,425.18649999999997,38.93317963612706,503.05285927225407,347.32014072774587,36.62691984447019,0.7977120057577972,742037.0,54.5626199496099,2.339094475665353,0.00424133177817449,3.509702046442585,6.065934065934058,5.853037853886113,6.491845010412048,4.280969724870765,25.384851133729338,3.1752605828099356,1,0,-1.1943539630836049,3.63736263736264
2026-06-22,494.78,518.71,518.71,490.1,84661.0,10.001060332944544,9.99980721405025,134739.6,160537.2,0.527360636662406,0.6283304982351142,473.032,462.149,431.689,,9.656429163354712,20.158262082193435,16.442000000000007,7.704000000000008,6.502500000000055,38.01285714285715,7.328344767376212,76.16388661663763,25.581831539413088,20.370411074379568,5.21142046503352,2.8071743767852304,77.0344652799331,68.60927459657289,93.88484664665353,431.689,43.14410783702245,517.9772156740449,345.4007843259551,39.97702775565044,1.0042461436954682,826698.0,60.157713502137604,0.0,0.9022382448767037,4.613367777756369,5.782367921096248,5.515606022633072,17.85106674083913,17.40120354264717,31.963878470399266,7.601494643476569,2,0,4.926306860354143,4.836492986782017
2026-06-23,555.0,570.58,570.58,539.46,230562.0,9.99980721405025,1.6509516632198684,151577.0,166637.45,1.3836145476301995,1.5210882917593038,497.088,475.17699999999996,440.9165,,14.784504956868808,29.407722323841373,24.05600000000004,13.027999999999963,9.227499999999964,38.84928571428571,6.808735972919785,77.34892523996216,32.64818705060776,22.82596626962521,9.822220780982551,4.610800315949032,84.68964351995541,73.96939757103374,106.13013541779875,440.9165,51.74324123420413,544.4029824684083,337.4300175315917,46.941533133102645,1.126475540124687,1057260.0,62.04281409863438,0.0,2.723544463528333,2.730554873987879,5.607207207207208,5.454099337516212,24.68936192739796,27.711197094913732,42.6403696755986,-0.0012531188942936922,3,0,6.996202116789721,2.8072072072072145
2026-06-24,558.2,580.0,594.0,553.18,189302.0,1.6509516632198684,-0.8620689655172376,159431.4,168607.7,1.1227363874840828,1.1873570701881813,520.268,484.74399999999997,451.71999999999997,,11.481005943090862,28.398122730895253,23.180000000000007,9.567000000000007,10.803499999999985,38.84571428571429,6.697536945812808,75.090131945735,38.56389935082461,25.97355288586509,12.590346464959524,2.7681256839769723,87.0954445633354,78.34474656846763,104.59684055307099,451.71999999999997,57.10234754138247,565.9246950827649,337.515304917235,50.564373985108006,1.061623144771039,1246562.0,62.60133481033616,2.413793103448276,0.8655172413793268,3.758620689655164,7.312791114295959,7.037931034482766,23.275690006340678,19.362148758133614,50.016264996047184,-8.348855550830383,4,0,-2.1697220372252786,3.905410247223209
2026-06-25,598.0,575.0,600.0,565.0,180120.0,-0.8620689655172376,-5.565217391304344,168719.2,171878.35,1.0479504835833018,1.0675726295525345,543.168,496.975,462.1650000000001,,5.860433604336042,24.41444073004228,22.899999999999977,12.231000000000051,10.445000000000107,38.70357142857143,6.731055900621118,72.63157894736842,42.36038164471722,29.250918637635518,13.109463007081704,0.5191165421221804,86.7412094619491,81.14356753296146,97.93649331992438,462.1650000000001,59.66489636205463,581.4947927241093,342.8352072758908,51.63947625809363,0.9727863738977354,1066442.0,63.209165951861614,0.34782608695652173,1.7391304347826086,4.0,5.852842809364549,6.086956521739131,23.1893159341654,25.03281573711702,48.557927517354315,-2.513020628737106,0,1,3.103448275862069,-3.8461538461538463
2026-06-26,565.07,543.0,582.0,533.0,155835.0,-5.565217391304344,-2.9281767955801064,168096.0,173847.9,0.8963870141658312,0.9270595374071959,557.458,507.024,470.7875,,-2.5935586178689642,15.338661285611868,14.289999999999964,10.048999999999978,8.622499999999945,38.55428571428571,7.10023677979479,68.03474175061403,42.29938763970756,31.860612438049927,10.438775201657634,-2.6706878054240697,80.5456881449402,80.94427440362104,79.74851562757854,470.7875,58.17041035431547,587.128320708631,354.4466792913691,49.423920859679136,0.8103489366851386,910607.0,55.220784311575215,3.1178637200736556,1.841620626151013,4.0644567219152945,8.671492027536411,9.023941068139964,15.224532853393084,21.71637786380513,41.77719523940698,-4.703148425787107,0,2,-1.7269565217391216,-3.905710796892429
2026-06-29,543.0,527.1,549.19,490.0,142109.0,-2.9281767955801064,3.56668563839877,179585.6,168286.5,0.8444468213433638,0.7913162302545416,559.136,516.0840000000001,477.00200000000007,,-5.729554169289751,10.502681330476591,1.6779999999999973,9.06000000000006,6.214500000000044,38.76071428571429,7.353578881751906,64.68895958843837,40.50117994188281,33.5887259388165,6.912454003066308,-3.526321198591326,71.31450998564505,77.73435293096239,58.474824095010376,477.00200000000007,57.15624620284275,591.3144924056855,362.6895075943146,47.92956524529686,0.7191274065751552,768498.0,55.63772380420741,1.1743502181749297,7.038512616201863,3.0165054069436494,10.900552486187856,11.229368241320442,2.295295724868434,20.14636246570756,30.143040842963288,2.6370405957242378,0,3,0.0,-2.9281767955801064
2026-06-30,540.0,545.9,549.9,522.69,121728.0,3.56668563839877,-6.849239787506867,157818.8,165211.75,0.7367998946806145,0.7713149510704682,554.2,525.644,485.718,413.48766666666666,-1.4976542764345124,12.390317015222815,-4.935999999999922,9.559999999999945,8.715999999999951,37.55928571428571,6.880250176641455,61.39214742996706,40.130490948522834,34.89707894075777,5.233412007765061,-1.6790419953012474,69.21333822265527,74.89401469486002,57.85198527824576,485.718,53.40197922608421,592.5219584521684,378.91404154783163,43.9777642385781,0.7817404938551606,890226.0,54.981870220738855,0.7327349331379374,3.170910423154414,1.0807840263784536,5.0388888888888745,4.984429382670805,-4.137825850783046,20.551536076614912,41.462761410981486,6.494862433978876,1,0,2.447353443369375,1.0925925925925883
2026-07-01,535.0,508.51,542.87,500.1,135034.0,-6.849239787506867,-8.680261941751388,146965.2,162086.4,0.8330988904682934,0.9188161551169937,539.9019999999999,530.085,490.70650000000006,416.8295,-5.814388537178959,3.6281361669348025,-14.298000000000116,4.441000000000031,4.988500000000045,37.2592857142857,7.32714906575794,60.113051670410904,36.40005950416935,35.19767505344009,1.2023844507292551,-4.031027557035806,58.446275497859915,69.41143496252666,36.515956568526434,490.70650000000006,50.408758874978844,591.5240177499577,389.8889822500424,41.09076107610461,0.5882956672478055,755192.0,55.68406829566079,1.5476588464336993,1.6538514483490923,5.209337082849896,7.994392523364483,8.410847377632688,-12.63801730150978,10.637672704830894,24.612983381373322,-10.415925425905638,0,1,-1.9967026928008753,-4.95140186915888
2026-07-02,480.01,464.37,495.5,460.99,118198.0,-8.680261941751388,2.306350539440527,134580.8,157407.7,0.750903545379292,0.8782679252909776,517.7760000000001,530.472,491.6755,419.0275,-10.314498933901929,-5.553561241103125,-22.125999999999863,0.3869999999999436,0.9689999999999372,38.59214285714285,8.310645144419935,53.52648899787055,29.54140171153722,34.06642038505952,-4.525018673522304,-5.727403124251559,39.77467691512605,59.53251561339312,0.2589995185919065,491.6755,49.66447957359222,591.0044591471844,392.34654085281556,40.40427442375487,0.36255015539053903,636994.0,55.468705013307144,3.335702134074124,0.7278678639877674,3.3680039623575997,7.189433553467635,7.431573960419491,-20.45621027774393,2.7331056564214666,7.064002938863501,-1.831022154244521,0,2,-5.604609545534994,-3.2582654528030637
2026-07-03,460.0,475.08,492.0,455.0,124671.0,2.306350539440527,-6.975667256041085,128348.0,154107.0,0.808989857696276,0.971351326082214,504.192,530.825,492.63499999999993,421.0705,-5.7739908606245285,-3.56349021080515,-13.58400000000006,0.3530000000000655,0.9594999999999345,39.09571428571428,8.22929070592622,56.130816170861934,24.68551424766258,32.19023915758014,-7.504724909917556,-2.979706236395252,31.13254323077369,50.06585815251998,-6.734086612718897,492.63499999999993,49.11910653010453,590.873213060209,394.3967869397909,39.88275825315256,0.4106508584941346,761665.0,61.37850404738543,3.5615054306643126,1.052454323482361,3.174202239622797,8.043478260869565,7.788161993769471,-12.584642346999061,2.6398905063940195,6.920860231264781,10.986612481191916,1,0,-0.9410599306587429,3.278260869565214
2026-07-06,489.0,441.94,489.0,429.0,136577.0,-6.975667256041085,-2.8917952663257362,127241.6,150777.1,0.9058205788544812,1.073367515026532,487.16,523.148,492.64849999999996,422.48449999999997,-9.2823712948518,-10.293038545737978,-17.031999999999982,-7.677000000000021,0.013500000000021828,41.105000000000004,9.301036339774631,48.74842804958381,17.956080887103724,29.343407503484855,-11.38732661638113,-3.882601706463575,23.277445974511895,41.13638742651729,-12.440436929498887,492.64849999999996,49.10439687409254,590.857293748185,394.43970625181487,39.869722022165945,0.24183320014081194,625088.0,61.5341594355212,0.0,2.9279992759198077,10.648504321853645,12.269938650306749,13.576503597773455,-16.63213280746004,-14.33683708259161,3.064366460055556,-9.282017795481611,0,1,2.9300328365748958,-9.623721881390594
2026-07-07,435.0,429.16,448.56,418.28,125729.0,-2.8917952663257362,-4.464535371423251,128041.8,147607.85,0.851777192066682,0.981937148649894,463.812,509.00600000000003,492.0915,423.6021666666667,-7.471130544272245,-12.788576921162015,-23.348000000000013,-14.141999999999996,-0.5569999999999595,41.26857142857143,9.616127185332143,44.75312349831811,11.4596179306875,25.766649588925386,-14.307031658237886,-2.919705041856755,17.514041684966998,33.26227217933386,-13.982419303766733,492.0915,49.78787278624099,591.667245572482,392.515754427518,40.470418843845906,0.18400186391679277,499359.0,55.803971483640986,3.1596607325939043,2.5351850125827315,1.3607978376363068,6.960919540229892,7.0556435828129445,-23.090613712184545,-27.228439562967594,0.48275753194613236,4.083871989715348,0,2,-1.5703489161424622,-1.3425287356321782
2026-07-08,434.31,410.0,439.16,407.68,103749.0,-4.464535371423251,7.624390243902446,121784.8,144141.2,0.7197733888714677,0.8519043427422798,444.11,492.00600000000003,488.375,423.79699999999997,-7.680529598522891,-16.04811876119785,-19.701999999999998,-17.0,-3.7164999999999964,42.13785714285715,10.277526132404184,42.75507861815677,4.710769541122772,21.555473579364865,-16.844704038242092,-2.5376723800042065,12.119656365777294,26.214733574815007,-16.070498052298134,488.375,53.064181248549545,594.503362497099,382.2466375029009,43.46183260695124,0.13075374878161203,395610.0,56.757027404814885,1.1829268292682982,0.5658536585365836,5.929268292682927,7.2482788791416315,7.678048780487809,-20.705909296100927,-33.34392659761072,-13.981777839477104,-1.5727401050975147,0,3,1.2000186410662637,-5.597384356795838
2026-07-09,418.8,441.26,441.95,400.43,160193.0,7.624390243902446,-5.944341204731907,130183.8,143158.6,1.1189897079183506,1.2305140885425068,439.488,478.63200000000006,487.8035,424.745,0.4031964467744264,-9.541444454580583,-4.622000000000014,-13.373999999999967,-0.5715000000000146,43.13214285714286,9.774768358143241,45.8926585848724,1.8632014918498498,17.61701916186186,-15.753817670012012,1.0908863682300804,17.18527703214795,23.20491472725932,5.14600164192521,487.8035,53.52825670664609,594.8600134132921,380.7469865867078,43.89329449800674,0.2826218204009756,555803.0,56.498951652293236,0.15637039387209306,4.163078457145448,5.089969632416258,9.914040114613176,9.4094184834338,-4.401257110447097,-24.857467388191033,0.17534834892598727,12.088925615325696,1,0,2.146341463414637,5.3629417382999
2026-07-10,441.26,415.03,466.98,414.93,182715.0,-5.944341204731907,-7.989783871045464,141792.6,146464.55,1.2475032354245448,1.2886074449583405,427.47799999999995,465.83500000000004,486.4295,425.50916666666666,-2.911962720888556,-14.678283286683897,-12.010000000000048,-12.797000000000025,-1.3739999999999668,43.48142857142857,10.476695316345463,35.0948821161587,-2.4814538344106722,13.597324562607355,-16.078778397018027,-0.3249607270060153,14.712800151625311,20.37420986871465,3.389980717446633,486.4295,55.082203972550474,596.5939079451009,376.26509205489907,45.29511797499984,0.17594116225096457,373088.0,57.97050624993274,6.197142375249989,0.024094643760683782,6.320025058429516,11.795766668177494,12.541262077440187,-12.65194885461953,-25.236591201618594,-3.5202133378134697,-13.568731448634352,0,1,0.0,-5.944341204731908
2026-07-13,405.6,381.87,413.02,378.37,140370.0,-7.989783871045464,4.794825464163188,142551.2,146029.5,0.9612441321787721,0.9846988310165049,415.46400000000006,451.312,483.698,425.79866666666663,-8.085899139275616,-21.051978713990955,-12.013999999999896,-14.523000000000025,-2.7315000000000396,42.394999999999996,11.10194568832325,21.328511957215326,-8.502349559151469,9.177389738255592,-17.67973929740706,-1.6009609003890333,10.517753292572904,17.08872434333407,-2.624188808949434,483.698,58.910032618883065,601.5180652377661,365.87793476223385,48.71637477838078,0.06786647590753518,232718.0,49.24148405520023,1.943069631026255,0.9165422787859743,6.21415665016891,8.542899408284017,9.07376855998114,-13.66606546962391,-30.29819827708395,-10.151835811376396,-2.0454426663135576,0,2,-2.2721249066332434,-5.850591715976336
2026-07-14,381.86,400.18,402.97,371.01,133425.0,4.794825464163188,,144090.4,145382.0,0.9177546051092983,0.9259811895865374,409.668,436.73999999999995,481.192,426.4915,-2.3160217542009627,-16.835691366440006,-5.796000000000049,-14.57200000000006,-2.505999999999972,41.76214285714286,10.435839586471802,23.397834191372255,-11.66205590122297,5.009500610359879,-16.67155651158285,1.0081827858242107,14.822369172315858,16.333272619661333,11.800562277624906,481.192,61.41818525485732,604.0283705097147,358.35562949028537,51.05503437701153,0.17024424580506026,366143.0,46.14233673209848,0.6971862661802241,2.7112799240341903,4.577939927032833,8.369559524433047,7.986406117247248,-5.979444739134985,-29.070058451319532,-8.518522374704627,12.784609335208653,1,0,-0.002618692225100402,4.797569789975382
