order_id,signed_quantity,limit,submitted_event,label,traded_volume,traded_value,fee,order_status,reason,stock_code,order_sysid
1,-100,,39,MOM short,100,36900.0,11.069999999999999,56,,601869.SH,1
2,100,381.6,475,MOM force buyback,0,0.0,0.0,54,VOLUME_CAP,601869.SH,2
3,100,381.6,477,MOM force buyback,0,0.0,0.0,54,VOLUME_CAP,601869.SH,3
4,100,381.6,479,MOM force buyback,100,38158.0,11.447399999999998,56,,601869.SH,4
5,-100,,496,REV-T sell,100,39100.0,11.729999999999999,56,,601869.SH,5
6,100,386.88,1111,REV-T buyback(NORMAL),100,38665.0,11.599499999999999,56,,601869.SH,6
7,-100,,1458,MOM short,100,37913.0,11.373899999999999,56,,601869.SH,7
8,100,374.0,1534,MOM buyback,100,37390.0,11.216999999999999,56,,601869.SH,8
9,-100,,1937,REV-T sell,100,38431.0,11.5293,56,,601869.SH,9
10,100,377.45,1969,REV-T buyback(NORMAL),100,37739.0,11.3217,56,,601869.SH,10
11,-100,,1993,MOM short,100,37959.0,11.387699999999999,56,,601869.SH,11
12,100,377.3,2399,MOM force buyback,0,0.0,0.0,54,VOLUME_CAP,601869.SH,12
13,100,377.2,2401,MOM force buyback,0,0.0,0.0,54,VOLUME_CAP,601869.SH,13
14,100,377.2,2403,MOM force buyback,0,0.0,0.0,54,LIMIT_NOT_MET,601869.SH,14
15,100,377.5,2405,MOM force buyback,0,0.0,0.0,54,,601869.SH,15
16,100,377.0,2416,MOM buyback,100,37686.0,11.3058,56,,601869.SH,16
17,-100,,2450,MOM short,100,37534.0,11.2602,56,,601869.SH,17
18,100,370.98,2784,MOM buyback,0,0.0,0.0,54,LIMIT_NOT_MET,601869.SH,18
19,100,370.55,2786,MOM buyback,0,0.0,0.0,54,LIMIT_NOT_MET,601869.SH,19
20,100,370.01,2788,MOM buyback,0,0.0,0.0,54,LIMIT_NOT_MET,601869.SH,20
21,100,371.0,2790,MOM buyback,100,37099.0,11.1297,56,,601869.SH,21
22,-100,,2953,MOM short,100,36507.0,10.9521,56,,601869.SH,22
23,100,370.55,3361,MOM force buyback,0,0.0,0.0,54,VOLUME_CAP,601869.SH,23
24,100,370.51,3363,MOM force buyback,0,0.0,0.0,54,VOLUME_CAP,601869.SH,24
25,100,370.51,3365,MOM force buyback,0,0.0,0.0,54,LIMIT_NOT_MET,601869.SH,25
26,100,370.52,3367,MOM force buyback,0,0.0,0.0,54,,601869.SH,26
27,100,354.0,3842,MOM force buyback,0,0.0,0.0,54,VOLUME_CAP,601869.SH,27
28,100,353.99,3844,MOM force buyback,0,0.0,0.0,54,VOLUME_CAP,601869.SH,28
29,100,353.99,3846,MOM force buyback,100,35390.0,10.616999999999999,56,,601869.SH,29
30,-100,,3983,REV-T sell,100,36579.0,10.9737,56,,601869.SH,30
31,100,363.2,4143,REV-T buyback(REBOUND99),100,36300.0,10.889999999999999,56,,601869.SH,31
32,-100,,4344,MOM short,100,37589.0,11.276699999999998,56,,601869.SH,32
33,100,389.27,4804,MOM force buyback,0,0.0,0.0,54,VOLUME_CAP,601869.SH,33
34,100,389.21,4806,MOM force buyback,0,0.0,0.0,54,VOLUME_CAP,601869.SH,34
35,100,389.21,4808,MOM force buyback,100,38920.0,11.675999999999998,56,,601869.SH,35
36,-100,,4845,MOM short,100,38590.0,11.576999999999998,56,,601869.SH,36
37,100,397.3,5285,MOM force buyback,0,0.0,0.0,54,VOLUME_CAP,601869.SH,37
38,100,397.23,5287,MOM force buyback,0,0.0,0.0,54,VOLUME_CAP,601869.SH,38
39,100,397.23,5289,MOM force buyback,100,39723.0,11.916899999999998,56,,601869.SH,39
40,-100,,5312,MOM short,100,40107.0,12.0321,56,,601869.SH,40
41,100,398.5,5320,MOM buyback,100,39800.0,11.94,56,,601869.SH,41
42,-100,,5324,MOM short,100,39999.0,11.999699999999999,56,,601869.SH,42
43,100,397.7,5376,MOM buyback,0,0.0,0.0,54,LIMIT_NOT_MET,601869.SH,43
44,100,397.19,5394,MOM buyback,100,39718.0,11.915399999999998,56,,601869.SH,44
45,-100,,5779,REV-T sell,100,41376.0,12.412799999999999,56,,601869.SH,45
46,100,409.99,6009,REV-T buyback(NORMAL),100,40900.0,12.27,56,,601869.SH,46
47,-100,,6041,MOM short,100,41498.0,12.449399999999999,56,,601869.SH,47
48,100,409.03,6167,MOM buyback,100,40893.0,12.2679,56,,601869.SH,48
49,-100,,6260,REV-T sell,100,40200.0,12.059999999999999,56,,601869.SH,49
50,100,400.3,6264,REV-T buyback(NORMAL),100,40020.0,12.005999999999998,56,,601869.SH,50
51,100,,6769,MOM long,100,41170.0,12.350999999999999,56,,601869.SH,51
52,-100,,6817,MOM stop-loss,100,40528.0,12.158399999999999,56,,601869.SH,52
53,-100,,7119,MOM short,100,41188.0,12.356399999999999,56,,601869.SH,53
54,100,406.01,7201,MOM buyback,0,0.0,0.0,54,LIMIT_NOT_MET,601869.SH,54
55,100,406.03,7203,MOM buyback,100,40603.0,12.1809,56,,601869.SH,55
56,-100,,7286,MOM short,100,37152.0,11.145599999999998,56,,601869.SH,56
57,100,374.47,7690,MOM force buyback,0,0.0,0.0,54,VOLUME_CAP,601869.SH,57
58,100,374.47,7692,MOM force buyback,0,0.0,0.0,54,VOLUME_CAP,601869.SH,58
59,100,374.47,7694,MOM force buyback,100,37445.0,11.2335,56,,601869.SH,59
60,-100,,7709,REV-T sell,100,38001.0,11.4003,56,,601869.SH,60
61,100,377.89,9596,REV-T buyback(REBOUND99),100,37702.0,11.310599999999999,56,,601869.SH,61
62,-100,,9639,REV-T sell,100,38359.0,11.5077,56,,601869.SH,62
63,100,380.2,9703,REV-T buyback(NORMAL),100,38000.0,11.399999999999999,56,,601869.SH,63
64,-100,,10120,MOM short,100,38137.0,11.441099999999999,56,,601869.SH,64
65,100,386.03,10576,MOM force buyback,0,0.0,0.0,54,VOLUME_CAP,601869.SH,65
66,100,386.03,10578,MOM force buyback,0,0.0,0.0,54,VOLUME_CAP,601869.SH,66
67,100,386.03,10580,MOM force buyback,100,38603.0,11.5809,56,,601869.SH,67
68,-100,,10645,MOM short,100,36749.0,11.0247,56,,601869.SH,68
69,100,363.27,10689,MOM buyback,0,0.0,0.0,54,LIMIT_NOT_MET,601869.SH,69
70,100,362.01,10691,MOM buyback,100,36200.0,10.86,56,,601869.SH,70
71,-100,,11074,REV-T sell,100,36450.0,10.934999999999999,56,,601869.SH,71
72,100,361.0,11414,REV-T buyback(NORMAL),100,36100.0,10.829999999999998,56,,601869.SH,72
73,-100,,11787,REV-T sell,100,36262.0,10.878599999999999,56,,601869.SH,73
74,100,361.32,11811,REV-T buyback(NORMAL),100,36031.0,10.809299999999999,56,,601869.SH,74
75,-100,,11883,REV-T sell,100,36997.0,11.099099999999998,56,,601869.SH,75
76,100,367.0,12092,REV-T buyback(NORMAL),0,0.0,0.0,54,LIMIT_NOT_MET,601869.SH,76
77,100,367.08,12112,REV-T buyback(NORMAL),100,36701.0,11.010299999999999,56,,601869.SH,77
78,-100,,12118,MOM short,100,36860.0,11.058,56,,601869.SH,78
79,100,395.4,12500,MOM force buyback,0,0.0,0.0,54,VOLUME_CAP,601869.SH,79
80,100,395.4,12502,MOM force buyback,0,0.0,0.0,54,VOLUME_CAP,601869.SH,80
81,100,395.4,12504,MOM force buyback,0,0.0,0.0,54,LIMIT_NOT_MET,601869.SH,81
82,100,402.81,12506,MOM force buyback,0,0.0,0.0,54,,601869.SH,82
83,100,371.85,12981,MOM force buyback,0,0.0,0.0,54,VOLUME_CAP,601869.SH,83
84,100,371.85,12983,MOM force buyback,0,0.0,0.0,54,VOLUME_CAP,601869.SH,84
85,100,371.85,12985,MOM force buyback,100,37158.0,11.1474,56,,601869.SH,85
86,-100,,12994,MOM short,100,37324.0,11.197199999999999,56,,601869.SH,86
87,100,408.74,13462,MOM force buyback,0,0.0,0.0,54,NON_TRADABLE,601869.SH,87
88,100,408.74,13464,MOM force buyback,0,0.0,0.0,54,NON_TRADABLE,601869.SH,88
89,100,408.74,13466,MOM force buyback,0,0.0,0.0,54,NON_TRADABLE,601869.SH,89
90,100,408.74,13468,MOM force buyback,0,0.0,0.0,54,,601869.SH,90
91,100,443.72,13943,MOM force buyback,0,0.0,0.0,54,VOLUME_CAP,601869.SH,91
92,100,443.86,13945,MOM force buyback,0,0.0,0.0,54,VOLUME_CAP,601869.SH,92
93,100,443.86,13947,MOM force buyback,0,0.0,0.0,54,LIMIT_NOT_MET,601869.SH,93
94,100,444.99,13949,MOM force buyback,0,0.0,0.0,54,,601869.SH,94
95,100,455.43,14424,MOM force buyback,0,0.0,0.0,54,VOLUME_CAP,601869.SH,95
96,100,455.89,14426,MOM force buyback,0,0.0,0.0,54,VOLUME_CAP,601869.SH,96
97,100,455.89,14428,MOM force buyback,100,45589.0,13.676699999999999,56,,601869.SH,97
98,-100,,14457,REV-T sell,100,47384.0,14.2152,56,,601869.SH,98
99,100,469.99,14575,REV-T buyback(NORMAL),100,46905.0,14.071499999999999,56,,601869.SH,99
100,-100,,14920,REV-T sell,100,40824.0,12.2472,56,,601869.SH,100
101,100,405.89,25642,REV-T buyback(REBOUND99),0,0.0,0.0,54,LIMIT_NOT_MET,601869.SH,101
102,100,403.67,25648,REV-T buyback(NORMAL),100,40367.0,12.1101,56,,601869.SH,102
103,-100,,25764,REV-T sell,100,41770.0,12.530999999999999,56,,601869.SH,103
104,100,400.99,26460,REV-T buyback(NORMAL),0,0.0,0.0,54,LIMIT_NOT_MET,601869.SH,104
105,100,410.03,26466,REV-T buyback(NORMAL),0,0.0,0.0,54,LIMIT_NOT_MET,601869.SH,105
106,100,403.82,26472,REV-T buyback(NORMAL),0,0.0,0.0,54,LIMIT_NOT_MET,601869.SH,106
107,100,407.88,26486,REV-T buyback(NORMAL),100,40658.0,12.197399999999998,56,,601869.SH,107
108,-100,,26712,MOM short,100,38963.0,11.688899999999999,56,,601869.SH,108
109,100,385.0,26758,MOM buyback,100,38472.0,11.541599999999999,56,,601869.SH,109
110,-100,,26941,REV-T sell,100,38033.0,11.409899999999999,56,,601869.SH,110
111,100,377.61,27119,REV-T buyback(REBOUND99),100,37700.0,11.309999999999999,56,,601869.SH,111
112,-100,,27191,MOM short,100,39205.0,11.7615,56,,601869.SH,112
113,100,400.19,27411,MOM force buyback,0,0.0,0.0,54,VOLUME_CAP,601869.SH,113
114,100,400.18,27413,MOM force buyback,0,0.0,0.0,54,VOLUME_CAP,601869.SH,114
115,100,400.18,27415,MOM force buyback,100,40018.0,12.005399999999998,56,,601869.SH,115
116,-100,,27931,MOM short,100,40500.0,12.149999999999999,56,,601869.SH,116
117,100,400.57,28137,MOM buyback,100,40057.0,12.0171,56,,601869.SH,117
118,-100,,28155,MOM short,100,40547.0,12.1641,56,,601869.SH,118
119,100,400.92,28365,MOM buyback,0,0.0,0.0,54,LIMIT_NOT_MET,601869.SH,119
120,100,402.49,28367,MOM buyback,100,40249.0,12.074699999999998,56,,601869.SH,120
121,-100,,28402,MOM short,100,37133.0,11.139899999999999,56,,601869.SH,121
122,100,361.57,28854,MOM force buyback,0,0.0,0.0,54,NON_TRADABLE,601869.SH,122
123,100,361.57,28856,MOM force buyback,0,0.0,0.0,54,NON_TRADABLE,601869.SH,123
124,100,361.57,28858,MOM force buyback,0,0.0,0.0,54,NON_TRADABLE,601869.SH,124
125,100,361.57,28860,MOM force buyback,0,0.0,0.0,54,,601869.SH,125
126,100,367.19,28871,MOM buyback,100,36679.0,11.003699999999998,56,,601869.SH,126
127,-100,,28921,MOM short,100,36636.0,10.990799999999998,56,,601869.SH,127
128,100,363.57,29303,MOM buyback,100,36350.0,10.905,56,,601869.SH,128
129,-100,,29362,MOM short,100,36689.0,11.006699999999999,56,,601869.SH,129
130,100,362.5,29498,MOM buyback,0,0.0,0.0,54,LIMIT_NOT_MET,601869.SH,130
131,100,364.6,29500,MOM buyback,0,0.0,0.0,54,LIMIT_NOT_MET,601869.SH,131
132,100,364.0,29504,MOM buyback,0,0.0,0.0,54,LIMIT_NOT_MET,601869.SH,132
133,100,406.38,29816,MOM force buyback,0,0.0,0.0,54,VOLUME_CAP,601869.SH,133
134,100,406.38,29818,MOM force buyback,0,0.0,0.0,54,VOLUME_CAP,601869.SH,134
135,100,406.38,29820,MOM force buyback,100,40638.0,12.1914,56,,601869.SH,135
136,-100,,29829,MOM short,100,39000.0,11.7,56,,601869.SH,136
137,100,386.6,29871,MOM buyback,0,0.0,0.0,54,LIMIT_NOT_MET,601869.SH,137
138,100,384.69,29873,MOM buyback,100,38400.0,11.52,56,,601869.SH,138
139,-100,,29881,MOM short,100,38713.0,11.6139,56,,601869.SH,139
140,100,382.6,29975,MOM buyback,100,38259.0,11.477699999999999,56,,601869.SH,140
141,-100,,30316,MOM short,100,36273.0,10.8819,56,,601869.SH,141
142,100,359.34,30514,MOM buyback,0,0.0,0.0,54,LIMIT_NOT_MET,601869.SH,142
143,100,357.39,30518,MOM buyback,100,35739.0,10.721699999999998,56,,601869.SH,143
144,-100,,30566,MOM short,100,36075.0,10.8225,56,,601869.SH,144
145,100,355.72,30710,MOM buyback,0,0.0,0.0,54,LIMIT_NOT_MET,601869.SH,145
146,100,355.7,30712,MOM buyback,100,35570.0,10.671,56,,601869.SH,146
147,-100,,30797,MOM short,100,34621.0,10.386299999999999,56,,601869.SH,147
148,100,344.0,30895,MOM buyback,100,34400.0,10.319999999999999,56,,601869.SH,148
149,-100,,30899,MOM short,100,34360.0,10.308,56,,601869.SH,149
150,100,338.75,30975,MOM buyback,100,33804.0,10.1412,56,,601869.SH,150
151,100,,31298,MOM long,100,32461.0,9.738299999999999,56,,601869.SH,151
152,-100,,31404,MOM sellback,100,32947.0,9.884099999999998,56,,601869.SH,152
153,-100,,31690,MOM short,100,33123.0,9.9369,56,,601869.SH,153
154,100,335.7,31740,MOM force buyback,0,0.0,0.0,54,VOLUME_CAP,601869.SH,154
155,100,335.7,31742,MOM force buyback,0,0.0,0.0,54,VOLUME_CAP,601869.SH,155
156,100,335.7,31744,MOM force buyback,0,0.0,0.0,54,LIMIT_NOT_MET,601869.SH,156
157,100,335.89,31746,MOM force buyback,0,0.0,0.0,54,,601869.SH,157
158,100,326.86,31757,MOM buyback,0,0.0,0.0,54,LIMIT_NOT_MET,601869.SH,158
159,100,326.87,31759,MOM buyback,100,32655.0,9.7965,56,,601869.SH,159
160,-100,,31799,MOM short,100,32073.0,9.621899999999998,56,,601869.SH,160
161,100,317.4,31849,MOM buyback,100,31731.0,9.5193,56,,601869.SH,161
162,-100,,32244,MOM short,100,29435.000000000004,8.8305,56,,601869.SH,162
163,100,281.72,32702,MOM force buyback,0,0.0,0.0,54,VOLUME_CAP,601869.SH,163
164,100,281.72,32704,MOM force buyback,0,0.0,0.0,54,VOLUME_CAP,601869.SH,164
165,100,281.72,32706,MOM force buyback,100,28170.0,8.450999999999999,56,,601869.SH,165
166,-100,,32719,REV-T sell,100,28548.0,8.5644,56,,601869.SH,166
167,100,277.54,32749,REV-T buyback(NORMAL),100,27716.000000000004,8.3148,56,,601869.SH,167
168,-100,,32755,MOM short,100,27831.0,8.3493,56,,601869.SH,168
169,100,262.66,33183,MOM force buyback,0,0.0,0.0,54,VOLUME_CAP,601869.SH,169
170,100,262.66,33185,MOM force buyback,0,0.0,0.0,54,VOLUME_CAP,601869.SH,170
171,100,262.66,33187,MOM force buyback,100,26266.000000000004,7.8798,56,,601869.SH,171
172,-100,,33681,MOM short,100,27056.0,8.1168,56,,601869.SH,172
173,100,267.1,33715,MOM buyback,100,26639.999999999996,7.991999999999998,56,,601869.SH,173
174,-100,,33725,MOM short,100,26574.0,7.972199999999999,56,,601869.SH,174
175,100,262.1,33801,MOM buyback,0,0.0,0.0,54,LIMIT_NOT_MET,601869.SH,175
176,100,261.78,33803,MOM buyback,0,0.0,0.0,54,LIMIT_NOT_MET,601869.SH,176
177,100,263.7,33805,MOM buyback,0,0.0,0.0,54,LIMIT_NOT_MET,601869.SH,177
178,100,263.12,33809,MOM buyback,0,0.0,0.0,54,LIMIT_NOT_MET,601869.SH,178
179,100,262.67,33811,MOM buyback,100,26267.0,7.8801,56,,601869.SH,179
180,-100,,34168,REV-T sell,100,27292.0,8.1876,56,,601869.SH,180
181,100,271.3,34250,REV-T buyback(REBOUND99),0,0.0,0.0,54,LIMIT_NOT_MET,601869.SH,181
182,100,273.0,34252,REV-T buyback(REBOUND99),100,27300.0,8.19,56,,601869.SH,182
183,-100,,34502,REV-T sell,100,28270.999999999996,8.481299999999997,56,,601869.SH,183
184,100,280.58,34637,REV-T buyback(NORMAL),100,28001.0,8.4003,56,,601869.SH,184
185,-100,,34641,MOM short,100,28186.0,8.4558,56,,601869.SH,185
186,100,312.4,35107,MOM force buyback,0,0.0,0.0,54,NON_TRADABLE,601869.SH,186
187,100,312.4,35109,MOM force buyback,0,0.0,0.0,54,NON_TRADABLE,601869.SH,187
188,100,312.4,35111,MOM force buyback,0,0.0,0.0,54,NON_TRADABLE,601869.SH,188
189,100,312.4,35113,MOM force buyback,0,0.0,0.0,54,,601869.SH,189
190,100,328.02,35588,MOM force buyback,0,0.0,0.0,54,VOLUME_CAP,601869.SH,190
191,100,328.02,35590,MOM force buyback,0,0.0,0.0,54,VOLUME_CAP,601869.SH,191
192,100,328.02,35592,MOM force buyback,0,0.0,0.0,54,LIMIT_NOT_MET,601869.SH,192
193,100,328.25,35594,MOM force buyback,0,0.0,0.0,54,,601869.SH,193
194,100,338.7,36069,MOM force buyback,0,0.0,0.0,54,VOLUME_CAP,601869.SH,194
195,100,338.7,36071,MOM force buyback,0,0.0,0.0,54,VOLUME_CAP,601869.SH,195
196,100,338.7,36073,MOM force buyback,100,33869.0,10.160699999999999,56,,601869.SH,196
197,-100,,36114,MOM short,100,34773.0,10.431899999999999,56,,601869.SH,197
198,100,342.66,36462,MOM buyback,100,34266.0,10.2798,56,,601869.SH,198
199,-100,,36595,MOM short,100,33030.0,9.908999999999999,56,,601869.SH,199
200,100,335.9,37031,MOM force buyback,0,0.0,0.0,54,VOLUME_CAP,601869.SH,200
201,100,335.9,37033,MOM force buyback,0,0.0,0.0,54,VOLUME_CAP,601869.SH,201
202,100,335.9,37035,MOM force buyback,0,0.0,0.0,54,LIMIT_NOT_MET,601869.SH,202
203,100,335.92,37037,MOM force buyback,0,0.0,0.0,54,,601869.SH,203
204,100,345.65,37512,MOM force buyback,0,0.0,0.0,54,VOLUME_CAP,601869.SH,204
205,100,345.71,37514,MOM force buyback,0,0.0,0.0,54,VOLUME_CAP,601869.SH,205
206,100,345.71,37516,MOM force buyback,0,0.0,0.0,54,LIMIT_NOT_MET,601869.SH,206
207,100,345.79,37518,MOM force buyback,0,0.0,0.0,54,,601869.SH,207
208,100,337.49,37993,MOM force buyback,0,0.0,0.0,54,VOLUME_CAP,601869.SH,208
209,100,337.5,37995,MOM force buyback,0,0.0,0.0,54,VOLUME_CAP,601869.SH,209
210,100,337.5,37997,MOM force buyback,0,0.0,0.0,54,LIMIT_NOT_MET,601869.SH,210
211,100,337.51,37999,MOM force buyback,0,0.0,0.0,54,,601869.SH,211
212,100,355.13,38474,MOM force buyback,0,0.0,0.0,54,VOLUME_CAP,601869.SH,212
213,100,355.18,38476,MOM force buyback,0,0.0,0.0,54,VOLUME_CAP,601869.SH,213
214,100,355.18,38478,MOM force buyback,100,35518.0,10.655399999999998,56,,601869.SH,214
215,-100,,38525,REV-T sell,100,36407.0,10.922099999999999,56,,601869.SH,215
216,100,360.01,38541,REV-T buyback(NORMAL),100,36001.0,10.800299999999998,56,,601869.SH,216
217,-100,,38667,REV-T sell,100,36700.0,11.01,56,,601869.SH,217
218,100,363.8,39449,REV-T buyback(NORMAL),100,36371.0,10.911299999999999,56,,601869.SH,218
219,-100,,39461,MOM short,100,36500.0,10.95,56,,601869.SH,219
220,100,345.24,39917,MOM force buyback,0,0.0,0.0,54,NON_TRADABLE,601869.SH,220
221,100,345.24,39919,MOM force buyback,0,0.0,0.0,54,NON_TRADABLE,601869.SH,221
222,100,345.24,39921,MOM force buyback,0,0.0,0.0,54,NON_TRADABLE,601869.SH,222
223,100,345.24,39923,MOM force buyback,0,0.0,0.0,54,,601869.SH,223
224,100,359.99,39986,MOM buyback,0,0.0,0.0,54,LIMIT_NOT_MET,601869.SH,224
225,100,361.75,39988,MOM buyback,100,36120.0,10.835999999999999,56,,601869.SH,225
226,-100,,40409,REV-T sell,100,35921.0,10.776299999999999,56,,601869.SH,226
227,100,356.8,40413,REV-T buyback(NORMAL),0,0.0,0.0,54,LIMIT_NOT_MET,601869.SH,227
228,100,352.6,40425,REV-T buyback(NORMAL),0,0.0,0.0,54,LIMIT_NOT_MET,601869.SH,228
229,100,355.64,40431,REV-T buyback(NORMAL),0,0.0,0.0,54,LIMIT_NOT_MET,601869.SH,229
230,100,357.64,40435,REV-T buyback(NORMAL),100,35761.0,10.728299999999999,56,,601869.SH,230
231,-100,,40439,MOM short,100,35924.0,10.777199999999999,56,,601869.SH,231
232,100,363.62,40879,MOM force buyback,0,0.0,0.0,54,VOLUME_CAP,601869.SH,232
233,100,363.6,40881,MOM force buyback,0,0.0,0.0,54,VOLUME_CAP,601869.SH,233
234,100,363.6,40883,MOM force buyback,100,36360.0,10.908,56,,601869.SH,234
235,-100,,40926,MOM short,100,36455.0,10.936499999999999,56,,601869.SH,235
236,100,379.11,41360,MOM force buyback,0,0.0,0.0,54,VOLUME_CAP,601869.SH,236
237,100,379.19,41362,MOM force buyback,0,0.0,0.0,54,VOLUME_CAP,601869.SH,237
238,100,379.19,41364,MOM force buyback,100,37919.0,11.375699999999998,56,,601869.SH,238
239,-100,,41425,REV-T sell,100,36584.0,10.9752,56,,601869.SH,239
