date,open,close,high,low,volume,gap,intraday,intraday_high,intraday_low,range,is_green,gap_type,trend5,prev_day_up,prev_gap,trend5_dir,gap_bin
2025-05-15,34.952,33.772,34.982,33.722,59510.0,-0.004556846662109925,-0.033760585946440824,0.0008583199816892063,-0.03519111924925603,0.036049439230945245,False,平开(-0.5~0.5%),-0.0684100187575859,True,-0.003417634996582494,前5日下跌,-0.5~0%
2025-05-16,33.872,34.012,34.362,33.592,25168.0,0.0029610328082435577,0.004133207368918298,0.014466225791214041,-0.008266414737836595,0.022732640529050635,True,平开(-0.5~0.5%),-0.03462761126248859,False,-0.004556846662109925,前5日横盘,0~0.5%
2025-05-19,34.112,33.652,34.262,33.332,30215.0,0.0029401387745502006,-0.013484990619136985,0.0043972795497185324,-0.022865853658536616,0.02726313320825515,False,平开(-0.5~0.5%),-0.04970066644075444,True,0.0029610328082435577,前5日横盘,0~0.5%
2025-05-20,33.562,33.552,33.732,33.102,31390.0,-0.0026744324260074706,-0.0002979560216911391,0.0050652523687504235,-0.013705976997795152,0.018771229366545576,False,平开(-0.5~0.5%),-0.04442925495557082,False,0.0029401387745502006,前5日横盘,-0.5~0%
2025-05-21,33.552,33.222,33.712,32.942,25346.0,0.0,-0.009835479256080065,0.004768717215069256,-0.018180734382451103,0.022949451597520362,False,平开(-0.5~0.5%),-0.053827751196172224,False,-0.0026744324260074706,前5日下跌,-0.5~0%
2025-05-22,33.132,32.822,33.432,32.722,20214.0,-0.0027090482210584375,-0.00935651334057694,0.009054690329590857,-0.012374743450440559,0.021429433780031416,False,平开(-0.5~0.5%),-0.0281298116783133,False,0.0,前5日横盘,-0.5~0%
2025-05-23,32.832,32.062,32.992,31.982,27149.0,0.00030467369447315855,-0.023452729044834402,0.004873294346978453,-0.02588937621832363,0.030762670565302082,False,平开(-0.5~0.5%),-0.057332706103728204,False,-0.0027090482210584375,前5日下跌,0~0.5%
2025-05-26,32.062,32.232,32.352,31.912,19924.0,0.0,0.005302226935312885,0.00904497536023951,-0.004678435531158337,0.013723410891397846,True,平开(-0.5~0.5%),-0.042196600499227466,False,0.00030467369447315855,前5日横盘,-0.5~0%
2025-05-27,32.232,32.082,32.272,31.882,16346.0,0.0,-0.004653760238272481,0.00124100273020598,-0.010858773889302491,0.01209977661950847,False,平开(-0.5~0.5%),-0.04381258941344779,True,0.0,前5日横盘,-0.5~0%
2025-05-28,32.342,32.242,32.402,31.932,19534.0,0.008104232903185524,-0.0030919547337827417,0.0018551728402696889,-0.012677014408509064,0.014532187248778753,False,小幅高开(0.5-2%),-0.029498525073746396,False,0.0,前5日横盘,0.5~1%
2025-05-29,32.242,32.802,33.002,32.182,35711.0,0.0,0.017368649587494643,0.023571738725885652,-0.0018609267415171259,0.025432665467402776,True,平开(-0.5~0.5%),-0.0006093473889465795,False,0.008104232903185524,前5日横盘,-0.5~0%
2025-05-30,32.732,31.702,32.742,31.572,35740.0,-0.0021340162185232697,-0.031467676891115653,0.0003055114261272764,-0.035439325430771114,0.035744836856898395,False,平开(-0.5~0.5%),-0.011228245274779947,True,0.0,前5日横盘,-0.5~0%
2025-06-03,31.672,33.012,33.822,31.432,59880.0,-0.0009463125354867559,0.042308663803990905,0.06788330386461235,-0.007577671129073061,0.0754609749936854,True,平开(-0.5~0.5%),0.024199553239017124,False,-0.0021340162185232697,前5日横盘,-0.5~0%
2025-06-04,33.032,33.902,34.132,32.992,64705.0,0.0006058403004966685,0.0263380963913782,0.0333010414143861,-0.0012109469605231034,0.0345119883749092,True,平开(-0.5~0.5%),0.05672963032229905,True,-0.0009463125354867559,前5日上涨,0~0.5%
2025-06-05,33.912,34.572,34.712,33.342,58945.0,0.0002949678485044543,0.01946213729653231,0.023590469450342186,-0.016808209483368728,0.040398678933710915,True,平开(-0.5~0.5%),0.0722659884622543,True,0.0006058403004966685,前5日上涨,0~0.5%
2025-06-06,34.662,34.662,35.732,34.552,65016.0,0.002603262755987397,0.0,0.03086954013040218,-0.003173504125555347,0.03404304425595753,True,平开(-0.5~0.5%),0.05670385952076096,True,0.0002949678485044543,前5日上涨,0~0.5%
2025-06-09,34.752,34.372,35.032,34.172,41533.0,0.0025965033754544865,-0.010934622467771712,0.00805709023941051,-0.01668968692449371,0.024746777163904218,False,平开(-0.5~0.5%),0.0842218156583181,False,0.002603262755987397,前5日上涨,0~0.5%
2025-06-10,34.402,33.932,34.532,33.782,38488.0,0.0008728034446642947,-0.013661996395558365,0.003778850066856446,-0.018022208011162274,0.021801058078018718,False,平开(-0.5~0.5%),0.027868653822852307,False,0.0025965033754544865,前5日横盘,0~0.5%
2025-06-11,34.032,33.582,34.232,33.582,27540.0,0.002947070611811691,-0.013222849083215672,0.005876821814762661,-0.013222849083215672,0.019099670897978333,False,平开(-0.5~0.5%),-0.009438971152144426,False,0.0008728034446642947,前5日横盘,0~0.5%
2025-06-12,33.462,33.732,34.452,33.432,39183.0,-0.0035733428622475565,0.008068854222700256,0.029585798816567893,-0.0008965393580778535,0.030482338174645743,True,平开(-0.5~0.5%),-0.024297119055883498,False,0.002947070611811691,前5日横盘,-0.5~0%
2025-06-13,33.432,33.252,33.872,32.972,32530.0,-0.008893632159373804,-0.005384063173007888,0.013161043311797013,-0.013759272553242427,0.02692031586503944,False,小幅低开(-2%~-0.5%),-0.040678552882118635,True,-0.0035733428622475565,前5日横盘,-1~-0.5%
2025-06-16,33.142,34.612,34.782,33.142,56486.0,-0.0033080716949356256,0.04435459537746662,0.049484038380302735,0.0,0.049484038380302735,True,平开(-0.5~0.5%),0.0069824275573140415,False,-0.008893632159373804,前5日横盘,-0.5~0%
2025-06-17,34.652,34.232,34.732,34.102,30786.0,0.001155668554258614,-0.012120512524529658,0.0023086690522913047,-0.01587209973450318,0.018180768786794487,False,平开(-0.5~0.5%),0.008841211835435514,True,-0.0033080716949356256,前5日横盘,0~0.5%
2025-06-18,34.222,34.522,34.682,33.882,29765.0,-0.0002921243281139872,0.008766290690199203,0.013441645724972265,-0.009935129448892625,0.02337677517386489,True,平开(-0.5~0.5%),0.02799118575427295,False,0.001155668554258614,前5日横盘,-0.5~0%
2025-06-19,34.562,36.832,38.002,34.562,145846.0,0.001158681420543397,0.06567906949829302,0.09953127712516652,0.0,0.09953127712516652,True,平开(-0.5~0.5%),0.09190086564686362,True,-0.0002921243281139872,前5日上涨,0~0.5%
2025-06-20,36.882,38.312,39.232,36.072,177950.0,0.0013575152041702095,0.0387723008513638,0.0637167181823112,-0.021961932650073075,0.08567865083238427,True,平开(-0.5~0.5%),0.15217129796703932,True,0.001158681420543397,前5日上涨,0~0.5%
2025-06-23,37.572,37.872,38.882,37.332,98128.0,-0.019315097097515006,0.007984669434685327,0.0348663898647928,-0.006387735547748376,0.04125412541254118,True,小幅低开(-2%~-0.5%),0.09418698717207907,True,0.0013575152041702095,前5日上涨,-2~-1%
2025-06-24,38.262,38.012,39.182,37.612,74297.0,0.010297845373891017,-0.006533897862108619,0.024044744132559765,-0.016988134441482373,0.041032878574042135,False,小幅高开(0.5-2%),0.11042299602710925,True,-0.019315097097515006,前5日上涨,1~2%
2025-06-25,38.082,38.262,38.832,37.842,86719.0,0.0018415237293486343,0.004726642508271617,0.0196943437844651,-0.0063021900110288845,0.025996533795493985,True,平开(-0.5~0.5%),0.10833671282080992,False,0.010297845373891017,前5日上涨,0~0.5%
2025-06-26,38.132,38.632,39.612,37.932,93209.0,-0.003397626888296549,0.01311234658554495,0.03881254589321315,-0.0052449386342178685,0.04405748452743102,True,平开(-0.5~0.5%),0.0488705473501303,True,0.0018415237293486343,前5日横盘,-0.5~0%
2025-06-27,38.632,39.512,40.212,37.602,94395.0,0.0,0.0227790432801823,0.04089873679850915,-0.026661834748395143,0.0675605715469043,True,平开(-0.5~0.5%),0.03132177907705169,True,-0.003397626888296549,前5日横盘,-0.5~0%
2025-06-30,39.892,40.452,40.832,39.352,81347.0,0.009617331443612131,0.01403790233630791,0.02356362177880271,-0.013536548681440044,0.037100170460242755,True,小幅高开(0.5-2%),0.06812420785804818,True,0.0,前5日上涨,0.5~1%
2025-07-01,40.712,39.782,40.712,39.332,46601.0,0.00642737071096621,-0.022843387698958703,0.0,-0.03389663981135789,0.03389663981135789,False,小幅高开(0.5-2%),0.04656424287067229,True,0.009617331443612131,前5日横盘,0.5~1%
2025-07-02,39.732,38.832,39.782,38.502,59298.0,-0.0012568498315820513,-0.022651766837813316,0.001258431490989559,-0.030957414678344834,0.03221584616933439,False,平开(-0.5~0.5%),0.014897287125607672,False,0.00642737071096621,前5日横盘,-0.5~0%
2025-07-03,38.932,39.122,39.402,38.472,38772.0,0.002575195714874367,0.004880304120004051,0.012072331244220663,-0.01181547313264155,0.023887804376862214,True,平开(-0.5~0.5%),0.012683785462828778,False,-0.0012568498315820513,前5日横盘,0~0.5%
2025-07-04,39.002,37.882,39.202,37.762,79204.0,-0.003067327846224565,-0.028716476078149953,0.005127942156812362,-0.03179324137223737,0.03692118352904973,False,平开(-0.5~0.5%),-0.04125329013970447,True,0.002575195714874367,前5日横盘,-0.5~0%
2025-07-07,37.232,37.322,38.032,37.042,42129.0,-0.017158544955387746,0.002417275461968291,0.02148689299527281,-0.005103137086377249,0.026590030081650055,True,小幅低开(-2%~-0.5%),-0.0773756550973993,False,-0.003067327846224565,前5日下跌,-2~-1%
2025-07-08,37.322,39.092,39.532,37.132,77216.0,0.0,0.04742511119446964,0.059214404372755845,-0.005090831145169198,0.06430523551792504,True,平开(-0.5~0.5%),-0.017344527675833277,True,-0.017158544955387746,前5日横盘,-0.5~0%
2025-07-09,39.032,38.392,39.032,38.252,40441.0,-0.0015348408881613188,-0.016396802623488253,0.0,-0.01998360319737636,0.01998360319737636,False,平开(-0.5~0.5%),-0.011330861145447013,True,0.0,前5日横盘,-0.5~0%
2025-07-10,38.392,38.772,39.732,38.172,72866.0,0.0,0.009897895394873813,0.034903104813502714,-0.005730360491769273,0.04063346530527199,True,平开(-0.5~0.5%),-0.008946372884821918,False,-0.0015348408881613188,前5日横盘,-0.5~0%
2025-07-11,38.732,38.342,39.452,38.332,51530.0,-0.0010316723408645195,-0.010069193431787684,0.01858928018176182,-0.010327377878756547,0.02891665806051837,False,平开(-0.5~0.5%),0.012142970276120657,True,0.0,前5日横盘,-0.5~0%
2025-07-14,38.232,39.082,39.792,38.102,66815.0,-0.0028689165927703155,0.02223268466206323,0.040803515379786624,-0.003400292948315614,0.044203808328102244,True,平开(-0.5~0.5%),0.04715717271314501,False,-0.0010316723408645195,前5日横盘,-0.5~0%
2025-07-15,38.982,39.142,39.902,38.672,72611.0,-0.0025587226856353673,0.004104458468010972,0.023600636191062587,-0.007952388281771132,0.031553024472833716,True,平开(-0.5~0.5%),0.0012790340734678551,True,-0.0028689165927703155,前5日横盘,-0.5~0%
2025-07-16,39.282,39.132,40.622,38.942,93531.0,0.003576720658116434,-0.0038185428440506743,0.03411231607351977,-0.008655363779848184,0.04276767985336795,False,平开(-0.5~0.5%),0.01927484892685971,True,-0.0025587226856353673,前5日横盘,0~0.5%
2025-07-17,38.252,43.072,43.072,38.252,120243.0,-0.022487989369314003,0.12600648332113354,0.12600648332113354,0.0,0.12600648332113354,True,大幅低开(<-2%),0.1109047766429383,False,0.003576720658116434,前5日上涨,-3~-2%
2025-07-18,43.132,42.202,44.502,42.112,174934.0,0.0013930163447249992,-0.021561717518315864,0.03176296021515359,-0.023648335342668924,0.05541129555782252,False,平开(-0.5~0.5%),0.1006728913463042,True,-0.022487989369314003,前5日上涨,0~0.5%
2025-07-21,41.612,41.692,43.142,41.532,126142.0,-0.013980380076773526,0.0019225223493222698,0.03676823993078922,-0.0019225223493224406,0.03869076228011166,True,小幅低开(-2%~-0.5%),0.06678266209508221,False,0.0013930163447249992,前5日上涨,-2~-1%
2025-07-22,41.542,41.162,43.392,41.092,108499.0,-0.003597812529981737,-0.009147368927832135,0.044533243464445656,-0.010832410572432786,0.05536565403687844,False,平开(-0.5~0.5%),0.05160696949568222,True,-0.013980380076773526,前5日上涨,-0.5~0%
2025-07-23,40.782,41.062,41.952,40.152,99772.0,-0.009231815752393046,0.006865774116031611,0.02868912755627487,-0.01544799176107095,0.04413711931734582,True,小幅低开(-2%~-0.5%),0.049320249412245776,False,-0.003597812529981737,前5日横盘,-1~-0.5%
2025-07-24,41.412,40.332,41.582,40.152,88394.0,0.008523695874531232,-0.0260793972761518,0.004105090311986905,-0.030425963488843764,0.03453105380083067,False,小幅高开(0.5-2%),-0.06361441307578009,True,-0.009231815752393046,前5日下跌,0.5~1%
2025-07-25,39.942,40.042,40.712,39.742,81180.0,-0.009669741148467732,0.0025036302638826655,0.019277953031896326,-0.005007260527765331,0.024285213559661657,True,小幅低开(-2%~-0.5%),-0.05118240841666266,False,0.008523695874531232,前5日下跌,-1~-0.5%
2025-07-28,40.582,40.132,40.842,39.852,89946.0,0.013485839868138432,-0.011088659997043095,0.0064067813316248095,-0.017988270661869893,0.0243950519934947,False,小幅高开(0.5-2%),-0.037417250311810424,True,-0.009669741148467732,前5日横盘,1~2%
2025-07-29,40.232,43.932,44.052,39.952,200906.0,0.0024917771354530404,0.09196659375621404,0.09494929409425334,-0.006959634122091896,0.10190892821634523,True,平开(-0.5~0.5%),0.06729507798454892,False,0.013485839868138432,前5日上涨,0~0.5%
2025-07-30,43.022,48.352,48.352,42.822,248256.0,-0.020713830465264583,0.12389010273813394,0.12389010273813394,-0.004648784342894234,0.12853888708102817,True,大幅低开(<-2%),0.1775364083580926,True,0.0024917771354530404,前5日上涨,-3~-2%
2025-07-31,48.612,50.582,53.212,48.612,303286.0,0.005377233620119232,0.04052497325763184,0.09462684110919117,0.0,0.09462684110919117,True,小幅高开(0.5-2%),0.2541406327481901,True,-0.020713830465264583,前5日上涨,0.5~1%
2025-08-01,50.072,50.462,52.352,48.742,196666.0,-0.010082638092602072,0.0077887841508228264,0.045534430420194796,-0.026561751078447143,0.07209618149864194,True,小幅低开(-2%~-0.5%),0.26022676190000493,True,0.005377233620119232,前5日上涨,-2~-1%
2025-08-04,49.642,51.552,52.732,49.272,162969.0,-0.016249851373310614,0.03847548446879651,0.06224567906208445,-0.007453366101285293,0.06969904516336974,True,小幅低开(-2%~-0.5%),0.2845609488687333,True,-0.010082638092602072,前5日上涨,-2~-1%
2025-08-05,53.032,56.732,56.732,50.912,259518.0,0.02870887647423954,0.069769195957158,0.069769195957158,-0.03997586362950667,0.10974505958666467,True,大幅高开(>2%),0.29135937357734676,True,-0.016249851373310614,前5日上涨,2~3%
2025-08-06,54.222,52.812,56.062,52.552,218186.0,-0.04424310794613266,-0.026004204935266197,0.033934565305595445,-0.03079930655453509,0.06473387186013053,False,大幅低开(<-2%),0.09224023825281269,True,0.02870887647423954,前5日上涨,<-3%
2025-08-07,52.122,53.532,55.702,50.192,234361.0,-0.013065212451715477,0.027051916657073724,0.06868500824987527,-0.03702851003415064,0.1057135182840259,True,小幅低开(-2%~-0.5%),0.0583211419081886,False,-0.04424310794613266,前5日上涨,-2~-1%
2025-08-08,53.002,55.452,56.612,52.342,199994.0,-0.00990062018979291,0.04622467076714078,0.0681106373344402,-0.012452360288291078,0.08056299762273127,True,小幅低开(-2%~-0.5%),0.09888629067417054,True,-0.013065212451715477,前5日上涨,-1~-0.5%
2025-08-11,54.732,54.632,57.482,53.872,162802.0,-0.012984202553559816,-0.0018270847036468872,0.05024482935028868,-0.015712928451362997,0.06595775780165168,False,小幅低开(-2%~-0.5%),0.05974549968963383,True,-0.00990062018979291,前5日上涨,-2~-1%
2025-08-12,54.232,55.682,56.762,53.452,147759.0,-0.007321716210279664,0.026736981855730986,0.04665142351379262,-0.01438265230860011,0.061034075822392723,True,小幅低开(-2%~-0.5%),-0.01850807304519486,False,-0.012984202553559816,前5日横盘,-1~-0.5%
2025-08-13,55.822,56.962,58.182,54.732,205175.0,0.002514277504399996,0.020422055820285917,0.0422772383648024,-0.01952635161764185,0.06180358998244424,True,平开(-0.5~0.5%),0.07858062561539048,True,-0.007321716210279664,前5日上涨,0~0.5%
2025-08-14,57.332,52.482,57.412,52.462,190555.0,0.006495558442470374,-0.08459499058117632,0.001395381287936899,-0.08494383590316049,0.0863392171910974,False,小幅高开(0.5-2%),-0.01961443622506165,True,0.002514277504399996,前5日横盘,0.5~1%
2025-08-15,52.732,52.972,53.512,52.212,119683.0,0.004763537974924736,0.004551316088902412,0.014791777288932738,-0.009861184859288403,0.02465296214822114,True,平开(-0.5~0.5%),-0.04472336435115054,False,0.006495558442470374,前5日横盘,0~0.5%
2025-08-18,52.892,55.102,56.542,52.232,174643.0,-0.0015102318205844276,0.04178325644709963,0.0690085457157982,-0.012478257581486872,0.08148680329728507,True,平开(-0.5~0.5%),0.008603016547078512,True,0.004763537974924736,前5日横盘,-0.5~0%
2025-08-19,55.232,58.962,60.642,54.912,229914.0,0.0023592610068600517,0.06753331402085755,0.0979504634994207,-0.005793742757821558,0.10374420625724225,True,平开(-0.5~0.5%),0.058905930103085424,True,-0.0015102318205844276,前5日上涨,0~0.5%
2025-08-20,57.682,61.312,61.732,55.932,204781.0,-0.021708897255859724,0.06293124371554376,0.0702125446413092,-0.030338753857355846,0.10055129849866504,True,大幅低开(<-2%),0.07636670060742246,True,0.0023592610068600517,前5日上涨,-3~-2%
2025-08-21,59.752,56.122,60.662,55.502,200350.0,-0.02544363256784961,-0.060751104565537596,0.015229615745079604,-0.07112732628196546,0.08635694202704505,False,大幅低开(<-2%),0.0693571129149042,True,-0.021708897255859724,前5日上涨,-3~-2%
2025-08-22,54.972,58.712,60.272,54.932,183206.0,-0.02049107301949322,0.06803463581459655,0.09641271920250304,-0.0007276431637924606,0.0971403623662955,True,大幅低开(<-2%),0.10835913312693513,False,-0.02544363256784961,前5日上涨,-3~-2%
2025-08-25,64.612,64.612,64.612,64.612,43115.0,0.10049053004496511,0.0,0.0,0.0,0.0,True,大幅高开(>2%),0.17258901673260496,True,-0.02049107301949322,前5日上涨,>3%
2025-08-26,71.07,71.07,71.07,69.06,192514.0,0.09995047359623598,0.0,0.0,-0.028281975517095697,0.028281975517095697,True,大幅高开(>2%),0.20535259997964772,False,0.10049053004496511,前5日上涨,>3%
2025-08-27,72.0,75.41,78.18,69.95,348251.0,0.013085690164626521,0.04736111111111106,0.08583333333333343,-0.028472222222222184,0.1143055555555556,True,小幅高开(0.5-2%),0.22993867432150306,False,0.09995047359623598,前5日上涨,1~2%
2025-08-28,75.41,82.95,82.95,75.4,60186.0,0.0,0.09998673915926279,0.09998673915926279,-0.00013260840737290685,0.1001193475666357,True,平开(-0.5~0.5%),0.4780300060582303,True,0.013085690164626521,前5日上涨,-0.5~0%
2025-08-29,91.25,91.25,91.25,88.01,188483.0,0.10006027727546711,0.0,0.0,-0.03550684931506844,0.03550684931506844,True,大幅高开(>2%),0.5541967570513693,True,0.0,前5日上涨,>3%
2025-09-01,92.5,91.98,95.8,88.13,357230.0,0.0136986301369863,-0.005621621621621578,0.035675675675675644,-0.04724324324324329,0.08291891891891894,False,小幅高开(0.5-2%),0.4235745681916674,False,0.10006027727546711,前5日上涨,1~2%
2025-09-02,90.15,82.78,95.0,82.78,278895.0,-0.019895629484670562,-0.08175263449805883,0.05379922351636155,-0.08175263449805883,0.13555185801442038,False,小幅低开(-2%~-0.5%),0.1647671309976082,False,0.0136986301369863,前5日上涨,-2~-1%
2025-09-03,83.2,91.06,91.06,81.12,216966.0,0.005073689296931647,0.09447115384615383,0.09447115384615383,-0.024999999999999977,0.11947115384615381,True,小幅高开(0.5-2%),0.20753215753878806,False,-0.019895629484670562,前5日上涨,0.5~1%
2025-09-04,97.0,86.0,97.0,81.95,315437.0,0.0652317153525148,-0.1134020618556701,0.0,-0.1551546391752577,0.1551546391752577,False,大幅高开(>2%),0.03676913803496085,True,0.005073689296931647,前5日横盘,>3%
2025-09-05,84.0,89.85,91.3,84.0,320023.0,-0.023255813953488372,0.06964285714285708,0.08690476190476187,0.0,0.08690476190476187,True,大幅低开(<-2%),-0.015342465753424683,False,0.0652317153525148,前5日横盘,-3~-2%
2025-09-08,83.66,83.97,86.0,80.87,251226.0,-0.06889259877573732,0.0037054745398039956,0.02797035620368161,-0.03334927085823562,0.06131962706191723,True,大幅低开(<-2%),-0.08708414872798442,True,-0.023255813953488372,前5日下跌,<-3%
2025-09-09,84.0,88.71,90.58,80.0,244517.0,0.00035727045373348977,0.056071428571428494,0.07833333333333331,-0.047619047619047616,0.12595238095238093,True,平开(-0.5~0.5%),0.07163566078762984,True,-0.06889259877573732,前5日上涨,0~0.5%
2025-09-10,91.81,87.61,93.0,83.5,240220.0,0.034945327471536565,-0.04574665069164582,0.012961551029299615,-0.09051301601132776,0.10347456704062738,False,大幅高开(>2%),-0.037887107401713194,True,0.00035727045373348977,前5日横盘,>3%
2025-09-11,88.5,93.25,95.36,85.39,285175.0,0.010158657687478605,0.05367231638418079,0.0775141242937853,-0.035141242937853104,0.11265536723163841,True,小幅高开(0.5-2%),0.08430232558139528,False,0.034945327471536565,前5日上涨,1~2%
2025-09-12,89.96,89.3,92.88,88.01,232877.0,-0.03528150134048264,-0.0073365940417963165,0.03245887060915965,-0.021676300578034557,0.05413517118719421,False,大幅低开(<-2%),-0.006121313299944364,True,0.010158657687478605,前5日横盘,<-3%
2025-09-15,88.0,86.95,91.68,86.11,173603.0,-0.01455767077267634,-0.01193181818181815,0.04181818181818189,-0.021477272727272734,0.06329545454545463,False,小幅低开(-2%~-0.5%),0.03548886507085869,False,-0.03528150134048264,前5日横盘,-2~-1%
2025-09-16,88.0,95.65,95.65,85.85,200047.0,0.012075905692926936,0.08693181818181825,0.08693181818181825,-0.024431818181818245,0.1113636363636365,True,小幅高开(0.5-2%),0.07823244279111718,False,-0.01455767077267634,前5日上涨,1~2%
2025-09-17,96.98,99.68,104.74,93.4,301236.0,0.013904861474124394,0.02784079191585897,0.08001649824706115,-0.03691482779954628,0.11693132604660743,True,小幅高开(0.5-2%),0.13776966099760313,True,0.012075905692926936,前5日上涨,1~2%
2025-09-18,99.68,109.65,109.65,96.0,262450.0,0.0,0.10002006420545745,0.10002006420545745,-0.03691813804173361,0.13693820224719105,True,平开(-0.5~0.5%),0.1758713136729224,True,0.013904861474124394,前5日上涨,-0.5~0%
2025-09-19,115.1,120.62,120.62,111.91,247472.0,0.049703602371180926,0.04795829713292798,0.04795829713292798,-0.027715030408340554,0.07567332754126853,True,大幅高开(>2%),0.3507278835386338,True,0.0,前5日上涨,>3%
2025-09-22,120.54,115.28,120.54,108.56,319021.0,-0.0006632399270435938,-0.04363696698191476,0.0,-0.09938609590177537,0.09938609590177537,False,平开(-0.5~0.5%),0.32581943645773426,True,0.049703602371180926,前5日上涨,-0.5~0%
2025-09-23,115.3,117.27,120.0,110.01,238428.0,0.00017349063150586417,0.017085862966175185,0.04076322636600176,-0.045880312228967844,0.08664353859496961,True,平开(-0.5~0.5%),0.22603240982749595,False,-0.0006632399270435938,前5日上涨,0~0.5%
2025-09-24,112.3,110.3,113.59,105.6,186724.0,-0.04238083056195104,-0.017809439002671415,0.01148708815672312,-0.05966162065894927,0.0711487088156724,False,大幅低开(<-2%),0.1065409309791332,True,0.00017349063150586417,前5日上涨,<-3%
2025-09-25,107.35,108.08,112.95,105.04,150416.0,-0.026745240253853154,0.006800186306474188,0.052165812761993564,-0.0215183977643222,0.07368421052631575,True,大幅低开(<-2%),-0.014318285453716384,False,-0.04238083056195104,前5日横盘,-3~-2%
2025-09-26,106.45,103.0,110.8,103.0,134059.0,-0.01508142116950403,-0.032409581963363104,0.04086425551902296,-0.032409581963363104,0.07327383748238607,False,小幅低开(-2%~-0.5%),-0.1460785939313547,True,-0.026745240253853154,前5日下跌,-2~-1%
2025-09-29,102.65,105.55,108.0,102.0,112898.0,-0.0033980582524271294,0.028251339503166013,0.0521188504627374,-0.006332196785192456,0.058451047247929856,True,平开(-0.5~0.5%),-0.08440319222761972,False,-0.01508142116950403,前5日下跌,-0.5~0%
2025-09-30,105.54,100.84,106.2,99.72,139121.0,-9.474182851720422e-05,-0.04453287852946752,0.0062535531552017866,-0.05514496873223429,0.06139852188743608,False,平开(-0.5~0.5%),-0.14010403342713396,True,-0.0033980582524271294,前5日下跌,-0.5~0%
2025-10-09,100.92,97.98,102.65,97.7,118690.0,0.0007933359777865757,-0.02913198573127227,0.017142290923503806,-0.03190646056282202,0.04904875148632583,False,平开(-0.5~0.5%),-0.11169537624660009,False,-9.474182851720422e-05,前5日下跌,0~0.5%
2025-10-10,98.24,91.23,98.55,90.64,156012.0,0.0026536027760766575,-0.07135586319218232,0.003155537459283411,-0.07736156351791526,0.08051710097719866,False,平开(-0.5~0.5%),-0.1559030347890451,False,0.0007933359777865757,前5日下跌,0~0.5%
2025-10-13,86.15,88.6,89.87,86.15,96392.0,-0.055683437465745896,0.0284387695879279,0.043180499129425405,0.0,0.043180499129425405,True,大幅低开(<-2%),-0.13980582524271845,False,0.0026536027760766575,前5日下跌,<-3%
2025-10-14,89.51,85.18,91.99,84.95,111263.0,0.010270880361173938,-0.04837448329795552,0.027706401519383195,-0.05094402860015643,0.07865043011953962,False,小幅高开(0.5-2%),-0.19298910468972041,True,-0.055683437465745896,前5日下跌,1~2%
2025-10-15,86.06,86.01,86.68,83.0,107646.0,0.01033106362996003,-0.000580990006971847,0.007204276086451366,-0.03555658842667909,0.04276086451313045,False,小幅高开(0.5-2%),-0.14706465688218961,False,0.010270880361173938,前5日下跌,1~2%
2025-10-16,85.78,85.66,87.88,85.1,77901.0,-0.002674107661899825,-0.0013989274889252103,0.024481231056190187,-0.00792725577057597,0.032408486826766156,False,平开(-0.5~0.5%),-0.12573994692794455,False,0.01033106362996003,前5日下跌,-0.5~0%
2025-10-17,90.0,82.6,90.0,82.23,144264.0,0.05066542143357464,-0.08222222222222228,0.0,-0.08633333333333329,0.08633333333333329,False,大幅高开(>2%),-0.09459607585224172,False,-0.002674107661899825,前5日下跌,>3%
2025-10-20,84.25,82.33,85.94,81.24,128290.0,0.019975786924939537,-0.022789317507418416,0.020059347181008876,-0.03572700296735911,0.05578635014836798,False,小幅高开(0.5-2%),-0.07076749435665908,False,0.05066542143357464,前5日下跌,1~2%
2025-10-21,82.49,87.98,90.56,81.54,256899.0,0.0019433985181585886,0.06655352163898666,0.09783004000484917,-0.011516547460298081,0.10934658746514725,True,平开(-0.5~0.5%),0.0328715660953276,False,0.019975786924939537,前5日横盘,0~0.5%
2025-10-22,86.74,91.59,93.25,85.48,224685.0,-0.014094112298249705,0.05591422642379535,0.07505187917915616,-0.014526170163707528,0.08957804934286369,True,小幅低开(-2%~-0.5%),0.06487617718869898,True,0.0019433985181585886,前5日上涨,-2~-1%
2025-10-23,89.93,85.48,89.93,83.38,172656.0,-0.018124249372202167,-0.04948293116868679,0.0,-0.07283442677638174,0.07283442677638174,False,小幅低开(-2%~-0.5%),-0.0021013308428670108,True,-0.014094112298249705,前5日横盘,-2~-1%
2025-10-24,86.7,89.89,92.19,84.75,194297.0,0.014272344408048653,0.03679354094579005,0.06332179930795842,-0.02249134948096889,0.0858131487889273,True,小幅高开(0.5-2%),0.08825665859564169,False,-0.018124249372202167,前5日上涨,1~2%
2025-10-27,91.5,93.38,95.0,90.64,204852.0,0.01791077984202914,0.020546448087431644,0.03825136612021858,-0.00939890710382513,0.04765027322404371,True,小幅高开(0.5-2%),0.13421596016033033,True,0.014272344408048653,前5日上涨,1~2%
2025-10-28,94.19,91.27,95.29,90.78,149252.0,0.008674234311415745,-0.03100116785221363,0.011678522136107958,-0.03620341862193435,0.04788194075804231,False,小幅高开(0.5-2%),0.037394862468742796,True,0.01791077984202914,前5日横盘,0.5~1%
2025-10-29,91.27,91.0,92.33,87.82,136847.0,0.0,-0.002958255724772609,0.011613892845403772,-0.03779993426098393,0.0494138271063877,False,平开(-0.5~0.5%),-0.0064417512828911505,False,0.008674234311415745,前5日横盘,-0.5~0%
2025-10-30,90.01,88.5,91.83,87.4,101713.0,-0.010879120879120822,-0.016775913787357016,0.020219975558271226,-0.028996778135762687,0.04921675369403391,False,小幅低开(-2%~-0.5%),0.03532990173139905,False,0.0,前5日横盘,-2~-1%
2025-10-31,87.0,84.89,87.39,83.8,110620.0,-0.01694915254237288,-0.024252873563218383,0.004482758620689662,-0.03678160919540233,0.041264367816091996,False,小幅低开(-2%~-0.5%),-0.05562353988207813,False,-0.010879120879120822,前5日下跌,-2~-1%
2025-11-03,84.01,85.06,85.68,82.9,75422.0,-0.010366356461302809,0.012498512081894978,0.01987858588263304,-0.013212712772289005,0.033091298654922045,True,小幅低开(-2%~-0.5%),-0.08909830798886265,False,-0.01694915254237288,前5日下跌,-2~-1%
2025-11-04,85.58,82.58,85.58,82.0,58006.0,0.006113331765812321,-0.03505491937368544,0.0,-0.04183220378593127,0.04183220378593127,False,小幅高开(0.5-2%),-0.09521200832694199,True,-0.010366356461302809,前5日下跌,0.5~1%
2025-11-05,81.0,80.75,84.0,80.27,93347.0,-0.01913296197626542,-0.0030864197530864196,0.037037037037037035,-0.009012345679012395,0.046049382716049435,False,小幅低开(-2%~-0.5%),-0.11263736263736268,False,0.006113331765812321,前5日下跌,-2~-1%
2025-11-06,80.75,83.2,83.99,80.75,93471.0,0.0,0.03034055727554183,0.040123839009287864,0.0,0.040123839009287864,True,平开(-0.5~0.5%),-0.059887005649717495,False,-0.01913296197626542,前5日下跌,-0.5~0%
2025-11-07,82.0,81.73,82.79,80.2,69761.0,-0.014423076923076957,-0.0032926829268292196,0.00963414634146349,-0.021951219512195086,0.03158536585365858,False,小幅低开(-2%~-0.5%),-0.03722464365649658,True,0.0,前5日横盘,-2~-1%
2025-11-10,80.79,79.95,82.0,78.03,87226.0,-0.011501284717973789,-0.01039732640178244,0.014977101126376948,-0.0341626438915708,0.049139745017947746,False,小幅低开(-2%~-0.5%),-0.06007524100634842,False,-0.014423076923076957,前5日下跌,-2~-1%
2025-11-11,81.21,79.39,81.77,78.71,75636.0,0.015759849906191257,-0.022411033123999426,0.006895702499692184,-0.030784386159339986,0.03768008865903217,False,小幅高开(0.5-2%),-0.03862920804068781,False,-0.011501284717973789,前5日横盘,1~2%
2025-11-12,79.4,78.25,79.78,76.76,62425.0,0.0001259604484192608,-0.014483627204030297,0.004785894206549061,-0.03324937027707809,0.03803526448362715,False,平开(-0.5~0.5%),-0.03095975232198145,False,0.015759849906191257,前5日横盘,0~0.5%
2025-11-13,78.2,78.35,79.06,77.38,55029.0,-0.0006389776357827113,0.001918158567774827,0.01099744245524296,-0.010485933503836411,0.02148337595907937,True,平开(-0.5~0.5%),-0.058293269230769384,False,0.0001259604484192608,前5日下跌,-0.5~0%
2025-11-14,77.22,79.44,82.62,76.18,150416.0,-0.014422463305679586,0.028749028749028734,0.06993006993007,-0.013468013468013365,0.08339808339808337,True,小幅低开(-2%~-0.5%),-0.028019087238468243,True,-0.0006389776357827113,前5日横盘,-2~-1%
2025-11-17,78.44,81.1,83.0,78.4,127589.0,-0.012588116817724069,0.033911269760326324,0.05813360530341666,-0.0005099439061702198,0.05864354920958687,True,小幅低开(-2%~-0.5%),0.014383989993745905,True,-0.014422463305679586,前5日横盘,-2~-1%
2025-11-18,80.31,81.2,83.46,78.62,148379.0,-0.009741060419235415,0.011082057029012583,0.03922301083302193,-0.021043456605653064,0.060266467438674996,True,小幅低开(-2%~-0.5%),0.02279884116387465,True,-0.012588116817724069,前5日横盘,-1~-0.5%
2025-11-19,81.44,83.68,86.5,80.18,207697.0,0.0029556650246304788,0.02750491159135571,0.06213163064833009,-0.015471512770137414,0.0776031434184675,True,平开(-0.5~0.5%),0.06939297124600641,True,-0.009741060419235415,前5日上涨,0~0.5%
2025-11-20,86.0,78.41,86.58,78.0,166592.0,0.027724665391969324,-0.08825581395348842,0.006744186046511608,-0.09302325581395349,0.0997674418604651,False,大幅高开(>2%),0.0007657945118060283,True,0.0029556650246304788,前5日横盘,2~3%
2025-11-21,74.0,72.84,74.94,72.28,108488.0,-0.05624282617013132,-0.01567567567567563,0.012702702702702672,-0.023243243243243228,0.0359459459459459,False,大幅低开(<-2%),-0.08308157099697877,False,0.027724665391969324,前5日下跌,<-3%
2025-11-24,74.2,73.64,75.42,72.7,83486.0,0.018671059857221298,-0.007547169811320785,0.0164420485175202,-0.02021563342318059,0.03665768194070079,False,小幅高开(0.5-2%),-0.0919852034525277,False,-0.05624282617013132,前5日下跌,1~2%
2025-11-25,74.96,81.0,81.0,74.61,94534.0,0.01792504073872886,0.08057630736392751,0.08057630736392751,-0.004669156883671216,0.08524546424759874,True,小幅高开(0.5-2%),-0.0024630541871921707,False,0.018671059857221298,前5日横盘,1~2%
2025-11-26,83.0,85.64,89.1,82.33,304203.0,0.024691358024691357,0.03180722891566266,0.0734939759036144,-0.008072289156626526,0.08156626506024092,True,大幅高开(>2%),0.02342256214149141,True,0.01792504073872886,前5日横盘,2~3%
2025-11-27,85.47,87.3,93.48,84.76,278525.0,-0.001985053713218142,0.021411021411021393,0.09371709371709377,-0.008307008307008234,0.10202410202410202,True,平开(-0.5~0.5%),0.1133783956128045,True,0.024691358024691357,前5日上涨,-0.5~0%
2025-11-28,85.0,87.08,90.96,84.5,199664.0,-0.026345933562428377,0.024470588235294098,0.07011764705882345,-0.0058823529411764705,0.07599999999999993,True,大幅低开(<-2%),0.1954969796814936,True,-0.001985053713218142,前5日上涨,-3~-2%
2025-12-01,87.12,85.57,87.48,85.08,124769.0,0.000459347726228827,-0.017791551882461103,0.004132231404958671,-0.023415977961432577,0.027548209366391248,False,平开(-0.5~0.5%),0.16200434546442133,True,-0.026345933562428377,前5日上涨,0~0.5%
2025-12-02,84.0,83.11,84.6,82.44,108247.0,-0.01834755171204854,-0.010595238095238102,0.007142857142857075,-0.0185714285714286,0.025714285714285672,False,小幅低开(-2%~-0.5%),0.026049382716049285,False,0.000459347726228827,前5日横盘,-2~-1%
2025-12-03,83.57,83.02,85.4,82.67,103528.0,0.005534833353387002,-0.0065813090822065,0.021897810218978252,-0.010769414861792408,0.03266722508077066,False,小幅高开(0.5-2%),-0.030593180756655847,False,-0.01834755171204854,前5日横盘,0.5~1%
2025-12-04,81.56,82.64,83.68,80.6,91787.0,-0.01758612382558412,0.013241785188818026,0.02599313388916141,-0.011770475723393918,0.03776360961255533,True,小幅低开(-2%~-0.5%),-0.053379152348224435,False,0.005534833353387002,前5日下跌,-2~-1%
2025-12-05,82.4,83.63,84.93,80.78,114775.0,-0.002904162633107392,0.014927184466019292,0.03070388349514564,-0.019660194174757336,0.05036407766990298,True,平开(-0.5~0.5%),-0.039618741387230205,True,-0.01758612382558412,前5日横盘,-0.5~0%
2025-12-08,83.65,88.31,91.5,83.64,225761.0,0.0002391486308742106,0.055708308427973655,0.09384339509862515,-0.00011954572624034806,0.0939629408248655,True,平开(-0.5~0.5%),0.032020567956059454,True,-0.002904162633107392,前5日横盘,0~0.5%
2025-12-09,88.38,89.48,91.03,87.81,195751.0,0.0007926622126598707,0.012446254808780364,0.02998415931206162,-0.00644942294636788,0.0364335822584295,True,平开(-0.5~0.5%),0.07664540969799072,True,0.0002391486308742106,前5日上涨,0~0.5%
2025-12-10,88.93,98.43,98.43,87.57,309789.0,-0.006146624944121559,0.10682559316316204,0.10682559316316204,-0.015292927021252824,0.12211852018441485,True,小幅低开(-2%~-0.5%),0.18561792339195393,True,0.0007926622126598707,前5日上涨,-1~-0.5%
2025-12-11,102.0,101.27,106.06,95.96,331745.0,0.0362694300518134,-0.007156862745098078,0.03980392156862747,-0.05921568627450986,0.09901960784313733,False,大幅高开(>2%),0.225435624394966,True,-0.006146624944121559,前5日上涨,>3%
2025-12-12,98.97,105.72,108.0,98.5,274148.0,-0.022711563148020118,0.06820248560169749,0.09123976962715975,-0.004748913812266332,0.09598868343942608,True,大幅低开(<-2%),0.26413966280043044,False,0.0362694300518134,前5日上涨,-3~-2%
2025-12-15,101.39,95.15,101.4,95.15,208289.0,-0.04095724555429435,-0.0615445310188381,9.862905611998338e-05,-0.0615445310188381,0.061643160074958084,False,大幅低开(<-2%),0.07745442192277219,True,-0.022711563148020118,前5日上涨,<-3%
2025-12-16,94.32,89.3,94.82,88.31,203781.0,-0.008723068838675905,-0.05322307039864288,0.005301102629346905,-0.0637192536047497,0.0690203562340966,False,小幅低开(-2%~-0.5%),-0.002011622708985361,False,-0.04095724555429435,前5日横盘,-1~-0.5%
2025-12-17,93.0,98.23,98.23,93.0,237790.0,0.04143337066069432,0.05623655913978499,0.05623655913978499,0.0,0.05623655913978499,True,大幅高开(>2%),-0.0020319008432388985,False,-0.008723068838675905,前5日横盘,>3%
2025-12-18,102.0,108.05,108.05,102.0,292925.0,0.038379313855237664,0.05931372549019605,0.05931372549019605,0.0,0.05931372549019605,True,大幅高开(>2%),0.0669497383232942,True,0.04143337066069432,前5日上涨,>3%
2025-12-19,110.0,115.5,118.78,105.0,375168.0,0.01804720037019901,0.05,0.07981818181818183,-0.045454545454545456,0.12527272727272729,True,小幅高开(0.5-2%),0.0925085130533485,True,0.038379313855237664,前5日上涨,1~2%
2025-12-22,117.8,127.05,127.05,117.8,108061.0,0.01991341991341989,0.07852292020373515,0.07852292020373515,0.0,0.07852292020373515,True,小幅高开(0.5-2%),0.33526011560693636,True,0.01804720037019901,前5日上涨,1~2%
2025-12-23,124.95,126.07,128.05,122.0,267269.0,-0.016528925619834666,0.008963585434173593,0.024809923969587904,-0.023609443777511025,0.04841936774709893,True,小幅低开(-2%~-0.5%),0.41175811870100776,True,0.01991341991341989,前5日上涨,-2~-1%
2025-12-24,125.0,130.5,131.5,123.55,225136.0,-0.008487348298564236,0.044,0.052,-0.011600000000000023,0.06360000000000002,True,小幅低开(-2%~-0.5%),0.3285147103736128,True,-0.016528925619834666,前5日上涨,-1~-0.5%
2025-12-25,128.99,125.0,129.99,122.37,202680.0,-0.01157088122605357,-0.03093263043646801,0.007752538956508256,-0.05132180789208469,0.059074346848592946,False,小幅低开(-2%~-0.5%),0.15687181860249888,True,-0.008487348298564236,前5日上涨,-2~-1%
2025-12-26,124.0,121.86,124.5,119.47,160494.0,-0.008,-0.017258064516129035,0.004032258064516129,-0.03653225806451614,0.040564516129032266,False,小幅低开(-2%~-0.5%),0.05506493506493504,False,-0.01157088122605357,前5日上涨,-1~-0.5%
2025-12-29,119.99,120.75,123.0,119.0,112830.0,-0.015345478417856594,0.006333861155096301,0.025085423785315485,-0.0082506875572964,0.033336111342611885,True,小幅低开(-2%~-0.5%),-0.04958677685950408,False,-0.008,前5日横盘,-2~-1%
2025-12-30,119.02,119.3,124.0,119.01,128938.0,-0.014327122153209143,0.002352545790623434,0.04184170727608809,-8.401949252218875e-05,0.041925726768610276,True,小幅低开(-2%~-0.5%),-0.05370032521614976,True,-0.015345478417856594,前5日下跌,-2~-1%
2025-12-31,120.54,116.36,121.0,115.55,133298.0,0.01039396479463545,-0.034677285548365744,0.0038161606105856457,-0.041397046623527535,0.04521320723411318,False,小幅高开(0.5-2%),-0.1083524904214559,True,-0.014327122153209143,前5日下跌,1~2%
2026-01-05,118.0,115.19,118.37,113.45,106598.0,0.014094190443451364,-0.02381355932203392,0.0031355932203390217,-0.03855932203389828,0.041694915254237304,False,小幅高开(0.5-2%),-0.07848,False,0.01039396479463545,前5日下跌,1~2%
2026-01-06,114.41,113.92,114.78,112.08,109499.0,-0.006771421130306461,-0.004282842408880298,0.0032339830434402984,-0.020365352678961616,0.023599335722401915,False,小幅低开(-2%~-0.5%),-0.06515673723945514,False,0.014094190443451364,前5日下跌,-1~-0.5%
2026-01-07,114.55,117.76,121.22,114.11,220863.0,0.005530196629213443,0.028022697512003564,0.05822784810126584,-0.003841117415975537,0.06206896551724138,True,小幅高开(0.5-2%),-0.024761904761904763,False,-0.006771421130306461,前5日横盘,0.5~1%
2026-01-08,116.59,111.63,117.0,111.48,161417.0,-0.009935461956521754,-0.042542242044772346,0.003516596620636389,-0.0438288017840295,0.04734539840466589,False,小幅低开(-2%~-0.5%),-0.06429170159262365,True,0.005530196629213443,前5日下跌,-1~-0.5%
2026-01-09,110.0,112.03,113.62,108.89,120112.0,-0.014601809549404241,0.018454545454545467,0.03290909090909095,-0.010090909090909086,0.04300000000000004,True,小幅低开(-2%~-0.5%),-0.037212100378136825,False,-0.009935461956521754,前5日横盘,-2~-1%
2026-01-12,111.89,110.48,111.95,107.89,114878.0,-0.0012496652682317288,-0.012601662346947864,0.0005362409509339733,-0.0357493967289302,0.036285637679864174,False,平开(-0.5~0.5%),-0.040888966056081166,True,-0.014601809549404241,前5日横盘,-0.5~0%
2026-01-13,109.98,107.2,111.66,106.64,111091.0,-0.004525706010137581,-0.025277323149663584,0.015275504637206698,-0.030369158028732527,0.04564466266593922,False,平开(-0.5~0.5%),-0.0589887640449438,False,-0.0012496652682317288,前5日下跌,-0.5~0%
2026-01-14,109.3,107.2,109.73,105.33,119807.0,0.019589552238805916,-0.01921317474839885,0.003934126258005552,-0.036322049405306485,0.040256175663312035,False,小幅高开(0.5-2%),-0.08967391304347827,False,-0.004525706010137581,前5日下跌,1~2%
2026-01-15,105.85,108.37,109.1,105.41,100897.0,-0.012593283582089632,0.023807274444969394,0.030703826169107228,-0.00415682569674065,0.03486065186584788,True,小幅低开(-2%~-0.5%),-0.02920361909880853,False,0.019589552238805916,前5日横盘,-2~-1%
2026-01-16,111.1,114.4,116.86,111.1,216227.0,0.025191473655070497,0.029702970297029806,0.051845184518451895,0.0,0.051845184518451895,True,大幅高开(>2%),0.021155047755065715,True,-0.012593283582089632,前5日横盘,2~3%
2026-01-19,124.79,117.83,125.5,116.95,234184.0,0.09082167832167833,-0.05577369981569042,0.005689558458209742,-0.06282554691882365,0.06851510537703338,False,大幅高开(>2%),0.0665278783490224,True,0.025191473655070497,前5日上涨,>3%
2026-01-20,118.0,118.4,122.23,112.56,181366.0,0.0014427565136213333,0.0033898305084746243,0.035847457627118676,-0.04610169491525422,0.0819491525423729,True,平开(-0.5~0.5%),0.10447761194029859,False,0.09082167832167833,前5日上涨,0~0.5%
2026-01-21,115.08,114.17,121.8,113.0,176916.0,-0.0280405405405406,-0.007907542579075397,0.0583941605839416,-0.018074383037886672,0.07646854362182827,False,大幅低开(<-2%),0.06501865671641793,True,0.0014427565136213333,前5日上涨,-3~-2%
2026-01-22,113.97,110.13,114.85,109.18,121304.0,-0.001751773670841752,-0.03369307712555939,0.007721330174607313,-0.04202860401860132,0.04974993419320863,False,平开(-0.5~0.5%),0.016240657008397053,False,-0.0280405405405406,前5日横盘,-0.5~0%
2026-01-23,112.45,112.58,118.28,112.0,175705.0,0.02106601289385279,0.0011560693641618092,0.05184526456202755,-0.004001778568252582,0.05584704313028013,True,大幅高开(>2%),-0.015909090909090984,False,-0.001751773670841752,前5日横盘,2~3%
2026-01-26,113.82,123.84,123.84,112.58,143807.0,0.011014389767276558,0.08803373748023204,0.08803373748023204,-0.010894394658232252,0.0989281321384643,True,小幅高开(0.5-2%),0.051005686158024366,True,0.02106601289385279,前5日上涨,1~2%
2026-01-27,123.0,126.6,128.0,115.6,255686.0,-0.006782945736434136,0.029268292682926782,0.04065040650406504,-0.060162601626016304,0.10081300813008134,True,小幅低开(-2%~-0.5%),0.06925675675675658,True,0.011014389767276558,前5日上涨,-1~-0.5%
2026-01-28,139.26,135.3,139.26,128.2,293722.0,0.09999999999999998,-0.028436018957345828,0.0,-0.07941979032026428,0.07941979032026428,False,大幅高开(>2%),0.18507488832442864,True,-0.006782945736434136,前5日上涨,>3%
2026-01-29,132.04,135.56,136.0,129.0,211978.0,-0.024094604582409602,0.026658588306573843,0.029990911844895548,-0.023023326264768194,0.05301423810966374,True,大幅低开(<-2%),0.23090892581494615,False,0.09999999999999998,前5日上涨,-3~-2%
2026-01-30,132.99,149.12,149.12,131.67,220993.0,-0.018958394806727598,0.12128731483570189,0.12128731483570189,-0.009925558312655248,0.13121287314835714,True,小幅低开(-2%~-0.5%),0.32456919523894134,True,-0.024094604582409602,前5日上涨,-2~-1%
2026-02-02,151.0,158.99,164.03,151.0,285672.0,0.012607296137339024,0.052913907284768275,0.08629139072847683,0.0,0.08629139072847683,True,小幅高开(0.5-2%),0.28383397932816545,True,-0.018958394806727598,前5日上涨,1~2%
2026-02-03,160.0,165.22,168.5,156.0,219023.0,0.0063526007925026155,0.032624999999999994,0.053125,-0.025,0.078125,True,小幅高开(0.5-2%),0.3050552922590837,True,0.012607296137339024,前5日上涨,0.5~1%
2026-02-04,163.19,173.51,175.36,162.74,206471.0,-0.012286648105556235,0.06323916906673199,0.07457564801764824,-0.0027575219069795247,0.07733316992462777,True,小幅低开(-2%~-0.5%),0.2824094604582408,True,0.0063526007925026155,前5日上涨,-2~-1%
2026-02-05,164.83,161.76,169.2,157.0,166028.0,-0.0500259351046048,-0.018625250257841543,0.026512164047806683,-0.047503488442637944,0.07401565249044463,False,大幅低开(<-2%),0.19327235172617274,True,-0.012286648105556235,前5日上涨,<-3%
2026-02-06,160.65,174.77,177.94,160.65,212139.0,-0.006862017804154212,0.08789293495175851,0.10762527233115463,0.0,0.10762527233115463,True,小幅低开(-2%~-0.5%),0.1720091201716738,False,-0.0500259351046048,前5日上涨,-1~-0.5%
2026-02-09,181.3,192.25,192.25,171.23,194696.0,0.03736339188647938,0.060397131825703186,0.060397131825703186,-0.05554329840044137,0.11594043022614456,True,大幅高开(>2%),0.2091955468897415,True,-0.006862017804154212,前5日上涨,>3%
2026-02-10,198.37,211.48,211.48,198.37,155659.0,0.03183355006501953,0.06608862227151276,0.06608862227151276,0.0,0.06608862227151276,True,大幅高开(>2%),0.2799903159423798,True,0.03736339188647938,前5日上涨,>3%
2026-02-11,208.08,218.26,225.87,208.08,203428.0,-0.016077170418006326,0.04892349096501335,0.08549596309111876,0.0,0.08549596309111876,True,小幅低开(-2%~-0.5%),0.25791020690450117,True,0.03183355006501953,前5日上涨,-2~-1%
2026-02-12,221.0,227.0,229.77,210.15,169565.0,0.0125538348758362,0.027149321266968326,0.03968325791855208,-0.04909502262443436,0.08877828054298645,True,小幅高开(0.5-2%),0.4033135509396637,True,-0.016077170418006326,前5日上涨,1~2%
2026-02-13,225.0,213.39,226.99,211.2,160419.0,-0.00881057268722467,-0.05160000000000006,0.008844444444444485,-0.061333333333333385,0.07017777777777787,False,小幅低开(-2%~-0.5%),0.22097614006980582,True,0.0125538348758362,前5日上涨,-1~-0.5%
2026-02-24,228.0,234.73,234.73,221.03,119239.0,0.06846618866863496,0.029517543859649078,0.029517543859649078,-0.030570175438596487,0.060087719298245565,True,大幅高开(>2%),0.22096228868660583,False,-0.00881057268722467,前5日上涨,>3%
2026-02-25,240.0,228.55,244.88,218.51,203469.0,0.022451327056618287,-0.04770833333333328,0.020333333333333314,-0.0895416666666667,0.10987500000000001,False,大幅高开(>2%),0.08071685265746176,True,0.06846618866863496,前5日上涨,2~3%
2026-02-26,233.0,236.2,248.88,233.0,216253.0,0.019470575366440552,0.013733905579399092,0.06815450643776821,0.0,0.06815450643776821,True,小幅高开(0.5-2%),0.08219554659580308,False,0.022451327056618287,前5日上涨,1~2%
2026-02-27,223.09,231.31,237.95,215.08,198344.0,-0.05550381033022856,0.03684611591734277,0.06660988838585317,-0.035904791788067554,0.10251468017392074,True,大幅低开(<-2%),0.018986784140969215,True,0.019470575366440552,前5日横盘,<-3%
2026-03-02,227.62,242.42,254.44,224.65,214677.0,-0.01595261769919155,0.06502064844916959,0.11782795887883311,-0.013048062560407692,0.1308760214392408,True,小幅低开(-2%~-0.5%),0.1360419888467126,True,-0.05550381033022856,前5日上涨,-2~-1%
2026-03-03,242.52,236.0,253.87,235.0,184002.0,0.00041250721887642415,-0.026884380669635534,0.04680026389576115,-0.031007751937984537,0.07780801583374569,False,平开(-0.5~0.5%),0.005410471605674649,True,-0.01595261769919155,前5日横盘,0~0.5%
2026-03-04,226.87,228.27,245.77,224.0,140351.0,-0.03868644067796608,0.006170934896636866,0.08330762110459737,-0.012650416538105542,0.09595803764270291,True,大幅低开(<-2%),-0.001225114854517595,False,0.00041250721887642415,前5日横盘,<-3%
2026-03-05,233.0,223.36,236.01,219.59,142939.0,0.020721075918867963,-0.04137339055793986,0.012918454935622279,-0.05755364806866951,0.0704721030042918,False,大幅高开(>2%),-0.05436071126164255,True,-0.03868644067796608,前5日下跌,2~3%
2026-03-06,219.74,213.2,221.66,211.58,137415.0,-0.01620702005730661,-0.029762446527714665,0.008737598980613395,-0.037134795667607155,0.04587239464822055,False,小幅低开(-2%~-0.5%),-0.07829319960226544,False,0.020721075918867963,前5日下跌,-2~-1%
2026-03-09,204.78,211.91,211.91,196.12,136859.0,-0.039493433395872364,0.03481785330598689,0.03481785330598689,-0.04228928606309208,0.07710713936907897,True,大幅低开(<-2%),-0.12585595247916836,False,-0.01620702005730661,前5日下跌,<-3%
2026-03-10,217.25,233.1,233.1,214.25,170543.0,0.025199377094049378,0.07295742232451091,0.07295742232451091,-0.01380897583429229,0.0867663981588032,True,大幅高开(>2%),-0.012288135593220395,True,-0.039493433395872364,前5日横盘,2~3%
2026-03-11,244.75,250.01,256.41,244.66,246696.0,0.04997854997855,0.021491317671092913,0.04764044943820235,-0.0003677221654749884,0.04800817160367734,True,大幅高开(>2%),0.09523809523809512,True,0.025199377094049378,前5日上涨,>3%
2026-03-12,245.01,245.0,266.66,242.82,196167.0,-0.01999920003199872,-4.0814660626059776e-05,0.08836374025549992,-0.00893841067711521,0.09730215093261513,False,小幅低开(-2%~-0.5%),0.09688395415472772,True,0.04997854997855,前5日上涨,-2~-1%
2026-03-13,243.78,241.9,254.97,241.06,159105.0,-0.00497959183673469,-0.0077118713594224115,0.04590204282549839,-0.011157601115760108,0.057059643941258495,False,平开(-0.5~0.5%),0.1346153846153848,False,-0.01999920003199872,前5日上涨,-0.5~0%
2026-03-16,242.0,233.0,245.0,228.0,152351.0,0.00041339396444809557,-0.0371900826446281,0.012396694214876033,-0.05785123966942149,0.07024793388429752,False,平开(-0.5~0.5%),0.09952338256807147,False,-0.00497959183673469,前5日上涨,0~0.5%
2026-03-17,232.98,215.81,232.98,213.8,166216.0,-8.583690987128855e-05,-0.07369731307408356,0.0,-0.08232466306120688,0.08232466306120688,False,平开(-0.5~0.5%),-0.07417417417417416,False,0.00041339396444809557,前5日下跌,-0.5~0%
2026-03-18,221.0,222.93,224.36,214.67,137808.0,0.024048931930865103,0.008733031674208176,0.015203619909502324,-0.02864253393665164,0.043846153846153965,True,大幅高开(>2%),-0.108315667373305,False,-8.583690987128855e-05,前5日下跌,2~3%
2026-03-19,212.0,215.93,222.93,212.0,105390.0,-0.04902884313461628,0.018537735849056637,0.05155660377358494,0.0,0.05155660377358494,True,大幅低开(<-2%),-0.11865306122448982,True,0.024048931930865103,前5日下跌,<-3%
2026-03-20,222.3,216.88,233.6,215.08,205015.0,0.029500301023479853,-0.024381466486729717,0.05083220872694549,-0.032478632478632474,0.08331084120557797,False,大幅高开(>2%),-0.1034311699049194,True,-0.04902884313461628,前5日下跌,2~3%
2026-03-23,213.54,212.1,222.64,209.6,143246.0,-0.015400221320545941,-0.006743467266085969,0.042614966750959986,-0.018450875714151906,0.06106584246511189,False,小幅低开(-2%~-0.5%),-0.08969957081545066,False,0.029500301023479853,前5日下跌,-2~-1%
2026-03-24,216.34,233.31,233.31,212.79,195170.0,0.019990570485620033,0.0784413423315152,0.0784413423315152,-0.016409355643893925,0.09485069797540913,True,小幅高开(0.5-2%),0.08108984755108661,False,-0.015400221320545941,前5日上涨,1~2%
2026-03-25,246.0,256.64,256.64,243.0,216140.0,0.05439115340105438,0.04325203252032515,0.04325203252032515,-0.012195121951219513,0.05544715447154466,True,大幅高开(>2%),0.1512133853676041,True,0.019990570485620033,前5日上涨,>3%
2026-03-26,258.44,268.88,276.5,254.07,216812.0,0.007013715710723237,0.04039622349481504,0.06988082340195018,-0.01690914719083735,0.08678997059278752,True,小幅高开(0.5-2%),0.2452183578011391,True,0.05439115340105438,前5日上涨,0.5~1%
2026-03-27,258.0,274.26,279.66,252.25,205662.0,-0.04046414757512643,0.06302325581395345,0.08395348837209313,-0.022286821705426358,0.10624031007751948,True,大幅低开(<-2%),0.26457026927333094,True,0.007013715710723237,前5日上涨,<-3%
2026-03-30,269.28,301.69,301.69,269.28,149173.0,-0.018157952308028944,0.1203579916815212,0.1203579916815212,0.0,0.1203579916815212,True,小幅低开(-2%~-0.5%),0.4223950966525225,True,-0.04046414757512643,前5日上涨,-2~-1%
2026-03-31,300.0,309.49,320.0,287.01,213010.0,-0.00560177665815903,0.03163333333333336,0.06666666666666667,-0.04330000000000003,0.1099666666666667,True,小幅低开(-2%~-0.5%),0.32651836612232654,True,-0.018157952308028944,前5日上涨,-1~-0.5%
2026-04-01,320.0,308.0,320.0,291.0,182901.0,0.03395909399334386,-0.0375,0.0,-0.090625,0.090625,False,大幅高开(>2%),0.20012468827930174,True,-0.00560177665815903,前5日上涨,>3%
2026-04-02,304.9,332.49,338.8,304.9,192142.0,-0.01006493506493514,0.09048868481469345,0.11118399475237795,0.0,0.11118399475237795,True,小幅低开(-2%~-0.5%),0.2365739363284738,False,0.03395909399334386,前5日上涨,-2~-1%
2026-04-03,339.13,352.5,363.63,330.0,186519.0,0.01997052542933618,0.03942440951847376,0.07224368236369534,-0.02692182938696074,0.09916551175065608,True,小幅高开(0.5-2%),0.28527674469481523,True,-0.01006493506493514,前5日上涨,1~2%
2026-04-07,351.5,357.1,368.0,346.0,172365.0,-0.0028368794326241137,0.015931721194879154,0.04694167852062589,-0.015647226173541962,0.06258890469416785,True,平开(-0.5~0.5%),0.1836653518512381,True,0.01997052542933618,前5日上涨,-0.5~0%
2026-04-08,362.2,362.1,365.1,341.5,218783.0,0.014281713805656583,-0.0002760905577028324,0.008006626173384965,-0.05715074544450577,0.06515737161789073,False,小幅高开(0.5-2%),0.1699893372968433,True,-0.0028368794326241137,前5日上涨,1~2%
2026-04-09,354.86,398.31,398.31,353.0,214583.0,-0.019994476663905022,0.12244265344079351,0.12244265344079351,-0.005241503691596724,0.12768415713239023,True,小幅低开(-2%~-0.5%),0.29321428571428565,False,0.014281713805656583,前5日上涨,-2~-1%
2026-04-10,392.0,384.38,396.53,370.0,248833.0,-0.01584193216339033,-0.019438775510204093,0.011556122448979522,-0.05612244897959184,0.06767857142857137,False,小幅低开(-2%~-0.5%),0.15606484405546017,True,-0.019994476663905022,前5日上涨,-2~-1%
2026-04-13,372.0,369.18,375.88,360.0,230442.0,-0.032207711119204945,-0.0075806451612903045,0.010430107526881708,-0.03225806451612903,0.04268817204301074,False,大幅低开(<-2%),0.047319148936170174,False,-0.01584193216339033,前5日横盘,<-3%
2026-04-14,369.99,364.5,376.76,360.01,174594.0,0.0021940516821062957,-0.014838238871320871,0.01829779183221163,-0.026973701991945778,0.04527149382415741,False,平开(-0.5~0.5%),0.020722486698403708,False,-0.032207711119204945,前5日横盘,0~0.5%
2026-04-15,360.12,358.61,371.8,352.0,170899.0,-0.012016460905349781,-0.004193046762190356,0.03243363323336668,-0.022548039542374776,0.05498167277574145,False,小幅低开(-2%~-0.5%),-0.00963822148577742,False,0.0021940516821062957,前5日横盘,-2~-1%
2026-04-16,350.0,368.52,373.05,346.0,180799.0,-0.024009369510052742,0.052914285714285664,0.06585714285714289,-0.011428571428571429,0.07728571428571432,True,大幅低开(<-2%),-0.07479099194095051,False,-0.012016460905349781,前5日下跌,-3~-2%
2026-04-17,367.44,365.89,372.64,360.35,152231.0,-0.002930641484858309,-0.004218375789244533,0.014151970389723462,-0.019295667319834463,0.03344763770955792,False,平开(-0.5~0.5%),-0.04810343930485461,True,-0.024009369510052742,前5日横盘,-0.5~0%
2026-04-20,374.23,385.0,401.98,374.23,210116.0,0.022793735822241746,0.028779093071105953,0.07415225930577451,0.0,0.07415225930577451,True,大幅高开(>2%),0.04285172544558202,False,-0.002930641484858309,前5日横盘,2~3%
2026-04-21,377.3,381.58,386.66,360.52,154608.0,-0.01999999999999997,0.01134375828253372,0.024807845216008515,-0.04447389345348537,0.06928173866949389,True,小幅低开(-2%~-0.5%),0.04685871056241431,True,0.022793735822241746,前5日横盘,-2~-1%
2026-04-22,382.29,412.0,417.96,382.29,202629.0,0.0018606845222496893,0.07771587015093248,0.09330612885505757,0.0,0.09330612885505757,True,平开(-0.5~0.5%),0.14888039931959507,True,-0.01999999999999997,前5日上涨,0~0.5%
2026-04-23,411.2,385.02,422.88,381.5,213286.0,-0.0019417475728155617,-0.0636673151750973,0.028404669260700406,-0.07222762645914395,0.10063229571984435,False,平开(-0.5~0.5%),0.044773689352002544,True,0.0018606845222496893,前5日横盘,-0.5~0%
2026-04-24,378.39,368.16,385.0,364.35,164065.0,-0.017219884681315245,-0.027035598192341134,0.017468749174132544,-0.03710457464520723,0.05457332381933978,False,小幅低开(-2%~-0.5%),0.006204050397660588,False,-0.0019417475728155617,前5日横盘,-2~-1%
2026-04-27,378.0,377.5,394.0,374.09,175410.0,0.026727509778357167,-0.0013227513227513227,0.042328042328042326,-0.01034391534391541,0.05267195767195774,False,大幅高开(>2%),-0.01948051948051943,False,-0.017219884681315245,前5日横盘,2~3%
2026-04-28,370.51,373.49,381.16,368.0,112319.0,-0.018516556291390752,0.00804296780113902,0.0287441634503793,-0.006774446033845216,0.035518609484224514,True,小幅低开(-2%~-0.5%),-0.021201320823942438,False,0.026727509778357167,前5日横盘,-2~-1%
2026-04-29,365.0,370.52,375.99,358.1,122974.0,-0.022731532303408415,0.015123287671232827,0.030109589041095914,-0.018904109589041034,0.04901369863013695,True,大幅低开(<-2%),-0.10067961165048545,True,-0.018516556291390752,前5日下跌,-3~-2%
2026-04-30,359.1,353.9,365.0,336.99,207769.0,-0.030821548094569686,-0.014480646059593554,0.016429963798384788,-0.06157059314954055,0.07800055694792533,False,大幅低开(<-2%),-0.08082697002753103,True,-0.022731532303408415,前5日下跌,<-3%
2026-05-06,362.0,361.05,370.0,353.5,173789.0,0.02288782141847986,-0.0026243093922651618,0.022099447513812154,-0.023480662983425413,0.04558011049723757,False,大幅高开(>2%),-0.01931225554106919,False,-0.030821548094569686,前5日横盘,2~3%
2026-05-07,380.11,389.2,392.0,368.18,202035.0,0.05279047223376264,0.023914130120228288,0.03128041882612924,-0.031385651521927876,0.06266607034805712,True,大幅高开(>2%),0.030993377483443663,False,0.02288782141847986,前5日横盘,>3%
2026-05-08,373.38,397.23,405.0,373.0,194562.0,-0.040647482014388475,0.06387594407841883,0.08468584284107344,-0.0010177299266163036,0.08570357276768975,True,大幅低开(<-2%),0.06356261211812897,True,0.05279047223376264,前5日上涨,<-3%
2026-05-11,404.4,400.31,404.99,385.0,193999.0,0.01804999622385006,-0.010113748763600335,0.0014589515331355882,-0.04797230464886246,0.04943125618199805,False,小幅高开(0.5-2%),0.08040051819065108,True,-0.040647482014388475,前5日上涨,1~2%
2026-05-12,406.05,411.46,430.0,406.0,178592.0,0.014338887362294245,0.013323482329762265,0.05898288388129538,-0.00012313754463738792,0.05910602142593276,True,小幅高开(0.5-2%),0.1626448149194688,False,0.01804999622385006,前5日上涨,1~2%
2026-05-13,393.0,406.96,412.98,393.0,138534.0,-0.04486462839644189,0.035521628498727684,0.0508396946564886,0.0,0.0508396946564886,True,大幅低开(<-2%),0.12715690347597275,True,0.014338887362294245,前5日上涨,<-3%
2026-05-14,410.82,404.7,419.68,398.72,142031.0,0.009484961666994333,-0.0148970351978969,0.021566622851857294,-0.029453288544861414,0.05101991139671871,False,小幅高开(0.5-2%),0.03982528263103813,True,-0.04486462839644189,前5日横盘,0.5~1%
2026-05-15,400.01,374.45,404.7,366.66,155276.0,-0.011588831233012102,-0.0638984025399365,0.011724706882327936,-0.08337291567710799,0.09509762255943592,False,小幅低开(-2%~-0.5%),-0.057347128867406894,False,0.009484961666994333,前5日下跌,-2~-1%
2026-05-18,368.0,399.48,401.99,367.5,165299.0,-0.017225263720122817,0.08554347826086961,0.09236413043478263,-0.001358695652173913,0.09372282608695655,True,小幅低开(-2%~-0.5%),-0.0020733931203317235,False,-0.011588831233012102,前5日横盘,-2~-1%
2026-05-19,395.49,397.9,398.98,376.99,124501.0,-0.009987984379693624,0.006093706541252543,0.008824496194594071,-0.04677741535816329,0.05560191155275736,True,小幅低开(-2%~-0.5%),-0.032955815875176264,True,-0.017225263720122817,前5日横盘,-1~-0.5%
2026-05-20,396.9,397.95,406.42,382.01,129645.0,-0.0025131942699170647,0.0026455026455026744,0.023985890652557417,-0.037515747039556534,0.06150163769211395,True,平开(-0.5~0.5%),-0.02213976803617057,True,-0.009987984379693624,前5日横盘,-0.5~0%
2026-05-21,397.95,375.8,402.03,374.0,137435.0,0.0,-0.05566025882648568,0.010252544289483564,-0.06018344013066965,0.07043598442015322,False,平开(-0.5~0.5%),-0.0714109216703731,True,-0.0025131942699170647,前5日下跌,-0.5~0%
2026-05-22,380.0,388.66,389.98,375.86,100802.0,0.011176157530601354,0.022789473684210592,0.02626315789473689,-0.010894736842105228,0.03715789473684212,True,小幅高开(0.5-2%),0.03794899185472045,False,0.0,前5日横盘,1~2%
2026-05-25,388.66,386.03,389.88,378.05,108557.0,0.0,-0.006766839911490897,0.0031389903771933576,-0.027298924509854404,0.03043791488704776,False,平开(-0.5~0.5%),-0.033668769400220344,True,0.011176157530601354,前5日横盘,-0.5~0%
2026-05-26,384.0,363.93,384.99,358.48,149897.0,-0.005258658653472458,-0.05226562499999998,0.0025781250000000235,-0.06645833333333329,0.06903645833333331,False,小幅低开(-2%~-0.5%),-0.08537320934908266,False,0.0,前5日下跌,-1~-0.5%
2026-05-27,362.99,366.1,375.0,360.07,114707.0,-0.002582914296705404,0.0085677291385438,0.033086310917656105,-0.008044298741012193,0.0411306096586683,True,平开(-0.5~0.5%),-0.08003518029903245,False,-0.005258658653472458,前5日下跌,-0.5~0%
2026-05-28,360.66,370.55,373.0,351.37,116444.0,-0.01485932805244468,0.027421948649697738,0.03421505018577046,-0.025758331946986138,0.059973382132756596,True,小幅低开(-2%~-0.5%),-0.013970196913251742,True,-0.002582914296705404,前5日横盘,-2~-1%
2026-05-29,369.97,402.81,407.0,365.0,253337.0,-0.001565240858183738,0.08876395383409458,0.10008919642133138,-0.01343352163688955,0.11352271805822092,True,平开(-0.5~0.5%),0.03640714248957955,True,-0.01485932805244468,前5日横盘,-0.5~0%
2026-06-01,399.99,371.58,399.99,367.0,183223.0,-0.007000819244805227,-0.07102677566939179,0.0,-0.08247706192654819,0.08247706192654819,False,小幅低开(-2%~-0.5%),-0.03743232391264928,True,-0.001565240858183738,前5日横盘,-1~-0.5%
2026-06-02,373.11,408.74,408.74,368.58,197541.0,0.00411755207492338,0.09549462624963145,0.09549462624963145,-0.01214119160569277,0.10763581785532424,True,平开(-0.5~0.5%),0.12312807408018034,False,-0.007000819244805227,前5日上涨,0~0.5%
2026-06-03,423.0,444.99,449.61,420.99,211772.0,0.034887703674707615,0.0519858156028369,0.06290780141843975,-0.0047517730496453685,0.06765957446808511,True,大幅高开(>2%),0.21548757170172084,True,0.00411755207492338,前5日上涨,>3%
2026-06-04,434.9,455.89,469.99,433.0,190685.0,-0.02267466684644606,0.048263968728443345,0.08068521499195225,-0.004368820418486957,0.08505403541043921,True,大幅低开(<-2%),0.2303063014437996,True,0.034887703674707615,前5日上涨,-3~-2%
2026-06-05,455.95,441.67,487.1,436.01,203175.0,0.00013161069556253104,-0.03131922359907879,0.06831889461563775,-0.04373286544577256,0.11205176006141032,False,平开(-0.5~0.5%),0.09647228221742266,True,-0.02267466684644606,前5日上涨,0~0.5%
2026-06-08,406.0,440.3,462.3,406.0,189114.0,-0.0807616546290217,0.08448275862068969,0.13866995073891628,0.0,0.13866995073891628,True,大幅低开(<-2%),0.1849399860057055,False,0.00013161069556253104,前5日上涨,<-3%
2026-06-09,454.0,484.33,484.33,447.1,173082.0,0.03111514876220756,0.06680616740088102,0.06680616740088102,-0.015198237885462505,0.08200440528634352,True,大幅高开(>2%),0.18493418799236672,True,-0.0807616546290217,前5日上涨,>3%
2026-06-10,482.0,452.69,495.0,445.0,179845.0,-0.004810769516651837,-0.0608091286307054,0.026970954356846474,-0.07676348547717843,0.1037344398340249,False,平开(-0.5~0.5%),0.017303759635048044,True,0.03111514876220756,前5日横盘,-0.5~0%
2026-06-11,443.68,442.51,459.96,431.1,116596.0,-0.01990324504627889,-0.002637035701406455,0.03669311215290293,-0.02835376848178864,0.06504688063469156,False,小幅低开(-2%~-0.5%),-0.029349185110443266,False,-0.004810769516651837,前5日横盘,-2~-1%
2026-06-12,456.51,436.5,462.46,432.51,149071.0,0.03163770310275474,-0.04383255569428926,0.013033668484808632,-0.052572780442925675,0.0656064489277343,False,大幅高开(>2%),-0.011705572033418599,False,-0.01990324504627889,前5日横盘,>3%
2026-06-15,440.0,450.3,452.88,421.01,146375.0,0.008018327605956471,0.023409090909090935,0.029272727272727263,-0.04315909090909093,0.0724318181818182,True,小幅高开(0.5-2%),0.02271178741766966,False,0.03163770310275474,前5日横盘,0.5~1%
2026-06-16,450.31,464.1,474.99,447.0,150030.0,2.2207417277350442e-05,0.0306233483600187,0.05480668872554464,-0.0073504918833692395,0.06215718060891388,True,平开(-0.5~0.5%),-0.041769041769041726,True,0.008018327605956471,前5日横盘,0~0.5%
2026-06-17,452.01,460.5,464.69,445.38,133681.0,-0.026050420168067294,0.01878277029269266,0.028052476715116938,-0.014667817083692828,0.04272029379880977,True,大幅低开(<-2%),0.01725242439638608,True,2.2207417277350442e-05,前5日横盘,-3~-2%
2026-06-18,455.0,471.55,482.58,454.98,158951.0,-0.011943539630836048,0.0363736263736264,0.06061538461538458,-4.395604395600398e-05,0.06065934065934058,True,小幅低开(-2%~-0.5%),0.06562563557885692,True,-0.026050420168067294,前5日上涨,-2~-1%
2026-06-22,494.78,518.71,518.71,490.1,84661.0,0.04926306860354143,0.04836492986782017,0.04836492986782017,-0.009458749343142307,0.05782367921096248,True,大幅高开(>2%),0.1883390607101949,True,-0.011943539630836048,前5日上涨,>3%
2026-06-23,555.0,570.58,570.58,539.46,230562.0,0.06996202116789721,0.028072072072072147,0.028072072072072147,-0.027999999999999935,0.05607207207207208,True,大幅高开(>2%),0.2671108150122141,True,0.04926306860354143,前5日上涨,>3%
2026-06-24,558.2,580.0,594.0,553.18,189302.0,-0.021697220372252787,0.03905410247223209,0.0641347187388032,-0.008993192404156386,0.07312791114295959,True,大幅低开(<-2%),0.24973066149536738,True,0.06996202116789721,前5日上涨,-3~-2%
2026-06-25,598.0,575.0,600.0,565.0,180120.0,0.03103448275862069,-0.038461538461538464,0.0033444816053511705,-0.05518394648829431,0.05852842809364549,False,大幅高开(>2%),0.2486427795874051,True,-0.021697220372252787,前5日上涨,>3%
2026-06-26,565.07,543.0,582.0,533.0,155835.0,-0.017269565217391217,-0.03905710796892429,0.02996088980126347,-0.05675403047410064,0.08671492027536411,False,小幅低开(-2%~-0.5%),0.15152157777542152,False,0.03103448275862069,前5日上涨,-2~-1%
2026-06-29,543.0,527.1,549.19,490.0,142109.0,0.0,-0.029281767955801064,0.01139963167587487,-0.09760589318600368,0.10900552486187855,False,平开(-0.5~0.5%),0.016174741184862507,False,-0.017269565217391217,前5日横盘,-0.5~0%
2026-06-30,540.0,545.9,549.9,522.69,121728.0,0.024473534433693753,0.010925925925925884,0.018333333333333292,-0.032055555555555455,0.05038888888888875,True,大幅高开(>2%),-0.04325423253531502,False,0.0,前5日横盘,2~3%
2026-07-01,535.0,508.51,542.87,500.1,135034.0,-0.019967026928008752,-0.0495140186915888,0.014710280373831784,-0.06523364485981305,0.07994392523364482,False,小幅低开(-2%~-0.5%),-0.12325862068965521,True,0.024473534433693753,前5日下跌,-2~-1%
2026-07-02,480.01,464.37,495.5,460.99,118198.0,-0.05604609545534994,-0.032582654528030636,0.03227016103831172,-0.03962417449636462,0.07189433553467635,False,大幅低开(<-2%),-0.19240000000000002,False,-0.019967026928008752,前5日下跌,<-3%
