code,date,direction,shares,price,commission,stamp_tax,pnl
600519.SH,2020-04-20,buy,1000,1228.527,307.13,0.0,0.0
000858.SZ,2020-04-20,buy,10800,129.439,349.49,0.0,0.0
601318.SH,2020-04-21,buy,20300,72.442,367.65,0.0,0.0
600036.SH,2020-04-21,buy,60200,32.683,491.87,0.0,0.0
000333.SZ,2020-04-22,buy,30600,51.451,393.6,0.0,0.0
300750.SZ,2020-04-22,buy,6200,130.981,203.02,0.0,0.0
601318.SH,2020-05-22,sell,20300,70.05,355.5,1422.01,-50345.06
002142.SZ,2020-05-22,buy,48700,25.385,309.07,0.0,0.0
600036.SH,2020-05-25,sell,60200,33.057,497.51,1990.03,20042.92
300760.SZ,2020-05-25,buy,4000,279.279,279.28,0.0,0.0
002142.SZ,2020-06-22,sell,48700,25.245,307.35,1229.42,-8385.45
600030.SH,2020-06-22,buy,83300,24.134,502.59,0.0,0.0
600030.SH,2020-07-10,sell,83300,31.738,660.95,2643.79,630118.45
601318.SH,2020-07-10,buy,17600,82.422,362.66,0.0,0.0
600519.SH,2020-07-24,sell,1000,1593.705,398.43,1593.7,363185.27
000858.SZ,2020-07-24,sell,10800,201.189,543.21,2172.84,772176.39
000333.SZ,2020-07-24,sell,30600,66.433,508.22,2032.87,455911.18
300750.SZ,2020-07-24,sell,6200,198.481,307.65,1230.58,416964.68
600809.SH,2020-07-24,buy,3600,163.043,146.74,0.0,0.0
601012.SH,2020-07-24,buy,15600,51.251,199.88,0.0,0.0
000568.SZ,2020-07-28,buy,6900,117.017,201.85,0.0,0.0
000538.SZ,2020-07-28,buy,9700,108.759,263.74,0.0,0.0
300760.SZ,2020-08-07,sell,4000,327.043,327.04,1308.17,189419.31
600690.SH,2020-08-07,buy,45200,22.613,255.52,0.0,0.0
600809.SH,2020-08-12,sell,3600,161.179,145.06,580.24,-7436.5
000568.SZ,2020-08-12,sell,6900,110.789,191.11,764.44,-43927.38
000538.SZ,2020-08-12,sell,9700,103.167,250.18,1000.72,-55492.52
002142.SZ,2020-08-12,buy,31400,33.023,259.23,0.0,0.0
300274.SZ,2020-08-12,buy,37500,20.831,195.29,0.0,0.0
300124.SZ,2020-08-13,buy,18000,52.603,236.71,0.0,0.0
601012.SH,2020-08-19,sell,15600,53.486,208.6,834.39,33827.07
000895.SZ,2020-08-19,buy,17400,58.018,252.38,0.0,0.0
601318.SH,2020-09-03,sell,17600,75.315,331.38,1325.54,-126752.97
600690.SH,2020-09-03,sell,45200,21.279,240.45,961.8,-61494.07
002304.SZ,2020-09-03,buy,7900,148.208,292.71,0.0,0.0
000538.SZ,2020-09-03,buy,10200,120.12,306.31,0.0,0.0
000895.SZ,2020-09-07,sell,17400,56.074,243.92,975.69,-35046.77
002594.SZ,2020-09-07,buy,11800,94.835,279.76,0.0,0.0
300124.SZ,2020-09-08,sell,18000,53.317,239.92,959.7,11653.82
000625.SZ,2020-09-08,buy,92500,12.873,297.68,0.0,0.0
300274.SZ,2020-09-09,sell,37500,20.36,190.87,763.49,-18623.98
600025.SH,2020-09-09,buy,501300,4.194,525.64,0.0,0.0
002142.SZ,2020-09-10,sell,31400,33.007,259.1,1036.42,-1798.87
600188.SH,2020-09-10,buy,267900,9.439,632.21,0.0,0.0
002304.SZ,2020-09-17,sell,7900,131.818,260.34,1041.36,-130782.78
000538.SZ,2020-09-17,sell,10200,105.884,270.0,1080.02,-146557.12
600031.SH,2020-09-17,buy,46400,25.085,290.99,0.0,0.0
601012.SH,2020-09-17,buy,12500,74.574,233.05,0.0,0.0
600188.SH,2020-09-24,sell,267900,9.52,637.63,2550.53,18522.45
300122.SZ,2020-09-24,buy,5000,142.743,178.43,0.0,0.0
600025.SH,2020-09-25,sell,501300,4.016,503.3,2013.21,-91853.19
002007.SZ,2020-09-25,buy,17800,55.005,244.77,0.0,0.0
000625.SZ,2020-09-29,sell,92500,13.377,309.33,1237.34,45050.2
002013.SZ,2020-09-29,buy,69200,11.812,204.34,0.0,0.0
601012.SH,2020-10-19,sell,12500,71.428,223.21,892.86,-40441.07
000001.SZ,2020-10-19,buy,87000,17.497,380.57,0.0,0.0
002007.SZ,2020-10-22,sell,17800,53.576,238.41,953.66,-26620.8
002013.SZ,2020-10-22,sell,69200,11.289,195.29,781.18,-37174.99
002304.SZ,2020-10-22,buy,7400,167.988,310.78,0.0,0.0
000568.SZ,2020-10-22,buy,9200,162.162,372.97,0.0,0.0
600031.SH,2020-10-23,sell,46400,24.755,287.16,1148.64,-16740.38
601166.SH,2020-10-23,buy,102900,18.338,471.75,0.0,0.0
300122.SZ,2020-10-26,sell,5000,142.278,177.85,711.39,-3214.33
002415.SZ,2020-10-26,buy,35700,42.833,382.28,0.0,0.0
002594.SZ,2020-11-11,sell,11800,164.186,484.35,1937.39,815919.0
300124.SZ,2020-11-11,buy,11300,80.41,227.16,0.0,0.0
000001.SZ,2020-11-13,sell,87000,17.163,373.29,1493.17,-30981.88
300014.SZ,2020-11-13,buy,14100,67.467,237.82,0.0,0.0
300124.SZ,2020-11-27,sell,11300,77.722,219.57,878.26,-31473.7
000625.SZ,2020-11-27,buy,27400,23.954,164.08,0.0,0.0
000568.SZ,2020-11-30,sell,9200,183.147,421.24,1684.95,190952.78
002415.SZ,2020-11-30,sell,35700,45.624,407.2,1628.79,97621.99
601088.SH,2020-11-30,buy,95300,19.64,467.91,0.0,0.0
600025.SH,2020-11-30,buy,526400,4.615,607.28,0.0,0.0
300014.SZ,2020-12-02,sell,14100,62.118,218.97,875.86,-76523.9
000725.SZ,2020-12-02,buy,280200,5.736,401.79,0.0,0.0
601088.SH,2020-12-08,sell,95300,18.382,437.94,1751.77,-122079.01
300274.SZ,2020-12-08,buy,15400,51.932,199.94,0.0,0.0
601166.SH,2020-12-11,sell,102900,20.1,517.07,2068.28,178679.18
600809.SH,2020-12-11,buy,4100,292.292,299.6,0.0,0.0
000625.SZ,2020-12-24,sell,27400,22.108,151.44,605.76,-51339.24
002049.SZ,2020-12-24,buy,8700,131.832,286.73,0.0,0.0
002304.SZ,2021-01-08,sell,7400,242.228,448.12,1792.48,547133.25
300750.SZ,2021-01-08,buy,2300,404.904,232.82,0.0,0.0
600025.SH,2021-01-11,sell,526400,4.316,567.94,2271.77,-160196.47
002460.SZ,2021-01-11,buy,5900,126.376,186.4,0.0,0.0
002049.SZ,2021-01-14,sell,8700,131.149,285.25,1140.99,-7368.17
300433.SZ,2021-01-14,buy,29500,40.12,295.89,0.0,0.0
600809.SH,2021-01-15,sell,4100,371.238,380.52,1522.08,321777.6
601166.SH,2021-01-15,buy,70800,22.733,402.37,0.0,0.0
000725.SZ,2021-01-28,sell,280200,6.374,446.47,1785.89,176504.42
300750.SZ,2021-01-28,sell,2300,369.53,212.48,849.92,-82423.52
300433.SZ,2021-01-28,sell,29500,32.967,243.13,972.53,-212231.52
600111.SH,2021-01-28,buy,38000,17.648,167.65,0.0,0.0
300014.SZ,2021-01-28,buy,6300,109.109,171.85,0.0,0.0
002460.SZ,2021-01-29,sell,5900,119.68,176.53,706.11,-40389.34
600000.SH,2021-01-29,buy,246700,9.97,614.9,0.0,0.0
300418.SZ,2021-01-29,buy,43700,24.004,262.24,0.0,0.0
300014.SZ,2021-02-19,sell,6300,97.403,153.41,613.64,-74517.99
000963.SZ,2021-02-19,buy,39900,33.223,331.4,0.0,0.0
300274.SZ,2021-02-22,sell,15400,92.258,355.19,1420.77,619240.9
600028.SH,2021-02-22,buy,474700,4.655,552.39,0.0,0.0
000963.SZ,2021-02-25,sell,39900,32.967,328.85,1315.38,-11866.21
000002.SZ,2021-02-25,buy,54300,33.023,448.29,0.0,0.0
601166.SH,2021-02-26,sell,70800,24.655,436.4,1745.6,133938.79
601288.SH,2021-02-26,buy,1053100,3.263,859.13,0.0,0.0
600111.SH,2021-03-18,sell,38000,20.01,190.09,760.38,88818.45
000963.SZ,2021-03-18,buy,18000,42.412,190.86,0.0,0.0
300418.SZ,2021-03-19,sell,43700,22.477,245.57,982.27,-67935.01
600028.SH,2021-03-19,sell,474700,4.256,505.05,2020.2,-191887.83
600025.SH,2021-03-19,buy,179000,5.596,250.4,0.0,0.0
600188.SH,2021-03-19,buy,60500,12.853,194.4,0.0,0.0
000002.SZ,2021-03-24,sell,54300,30.729,417.15,1668.6,-126636.37
601668.SH,2021-03-24,buy,500100,5.155,644.52,0.0,0.0
000963.SZ,2021-04-09,sell,18000,35.654,160.44,641.78,-122447.3
000725.SZ,2021-04-09,buy,251200,6.617,415.52,0.0,0.0
600000.SH,2021-04-15,sell,246700,10.42,642.63,2570.51,107705.65
002007.SZ,2021-04-15,buy,35100,42.853,376.03,0.0,0.0
601288.SH,2021-04-23,sell,1053100,3.257,857.42,3429.67,-11153.3
300760.SZ,2021-04-23,buy,3200,435.735,348.59,0.0,0.0
600025.SH,2021-04-26,sell,179000,5.524,247.22,988.88,-13966.58
300413.SZ,2021-04-26,buy,22400,65.966,369.41,0.0,0.0
601668.SH,2021-04-27,sell,500100,4.975,622.0,2488.01,-93193.02
600809.SH,2021-04-27,buy,2800,406.686,284.68,0.0,0.0
600188.SH,2021-04-30,sell,60500,12.977,196.28,785.11,6530.9
300274.SZ,2021-04-30,buy,10100,89.99,227.22,0.0,0.0
002007.SZ,2021-05-06,sell,35100,39.67,348.11,1392.43,-113446.99
002049.SZ,2021-05-06,buy,10900,122.933,334.99,0.0,0.0
000725.SZ,2021-05-07,sell,251200,6.603,414.69,1658.77,-5394.33
601857.SH,2021-05-07,buy,760800,4.444,845.33,0.0,0.0
601857.SH,2021-05-20,sell,760800,4.655,885.45,3541.78,156025.49
000625.SZ,2021-05-20,buy,32500,23.073,187.47,0.0,0.0
300413.SZ,2021-06-03,sell,22400,68.262,382.27,1529.06,49513.92
600111.SH,2021-06-03,buy,57900,22.713,328.77,0.0,0.0
300274.SZ,2021-06-07,sell,10100,82.737,208.91,835.65,-74297.03
002304.SZ,2021-06-07,buy,5000,232.292,290.37,0.0,0.0
300760.SZ,2021-06-16,sell,3200,442.127,353.7,1414.81,18686.31
000625.SZ,2021-06-16,sell,32500,21.199,172.24,688.96,-61774.98
601857.SH,2021-06-16,buy,393600,5.315,523.03,0.0,0.0
002594.SZ,2021-06-16,buy,4500,211.211,237.61,0.0,0.0
600111.SH,2021-06-18,sell,57900,19.49,282.12,1128.5,-187976.0
002304.SZ,2021-06-18,sell,5000,199.64,249.55,998.2,-164507.25
002230.SZ,2021-06-18,buy,17600,66.046,290.6,0.0,0.0
600104.SH,2021-06-18,buy,100000,21.722,543.04,0.0,0.0
600809.SH,2021-06-23,sell,2800,433.606,303.52,1214.1,73857.48
603986.SH,2021-06-23,buy,6600,173.323,285.98,0.0,0.0
601857.SH,2021-07-08,sell,393600,4.985,490.52,1962.1,-132458.7
002460.SZ,2021-07-08,buy,6700,143.754,240.79,0.0,0.0
002230.SZ,2021-07-09,sell,17600,61.339,269.89,1079.56,-84199.34
600111.SH,2021-07-09,buy,36900,29.73,274.26,0.0,0.0
600104.SH,2021-07-14,sell,100000,20.779,519.48,2077.92,-96847.4
000725.SZ,2021-07-14,buy,335100,6.547,548.44,0.0,0.0
002594.SZ,2021-07-15,sell,4500,236.164,265.68,1062.74,110958.28
600188.SH,2021-07-15,buy,60300,17.157,258.64,0.0,0.0
603986.SH,2021-07-16,sell,6600,167.382,276.18,1104.72,-40589.53
300274.SZ,2021-07-16,buy,6100,126.026,192.19,0.0,0.0
000725.SZ,2021-07-28,sell,335100,5.674,475.37,1901.46,-294657.75
688981.SH,2021-07-28,buy,18100,59.319,268.42,0.0,0.0
002460.SZ,2021-08-03,sell,6700,175.025,293.17,1172.67,208051.14
600188.SH,2021-08-03,sell,60300,16.284,245.48,981.91,-53895.82
600031.SH,2021-08-03,buy,38600,28.789,277.81,0.0,0.0
000333.SZ,2021-08-03,buy,19400,70.991,344.31,0.0,0.0
688981.SH,2021-08-13,sell,18100,58.322,263.91,1055.62,-19376.81
002050.SZ,2021-08-13,buy,51400,25.345,325.69,0.0,0.0
600111.SH,2021-08-16,sell,36900,40.609,374.62,1498.49,399585.98
300274.SZ,2021-08-16,sell,6100,140.659,214.51,858.02,88190.6
000625.SZ,2021-08-16,buy,41100,21.461,220.52,0.0,0.0
600048.SH,2021-08-16,buy,95000,11.852,281.48,0.0,0.0
002049.SZ,2021-08-17,sell,10900,183.676,500.52,2002.07,659599.71
600585.SH,2021-08-17,buy,32500,41.902,340.45,0.0,0.0
600031.SH,2021-08-25,sell,38600,26.793,258.55,1034.22,-78322.16
002013.SZ,2021-08-25,buy,100400,11.952,299.99,0.0,0.0
000333.SZ,2021-08-26,sell,19400,67.862,329.13,1316.52,-62345.35
600188.SH,2021-08-26,buy,46100,19.509,224.85,0.0,0.0
600048.SH,2021-08-30,sell,95000,10.839,257.43,1029.72,-97492.7
600585.SH,2021-08-30,sell,32500,37.353,303.49,1213.96,-149368.07
002460.SZ,2021-08-30,buy,4200,216.206,227.02,0.0,0.0
601088.SH,2021-08-30,buy,126200,18.949,597.84,0.0,0.0
000625.SZ,2021-09-01,sell,41100,19.91,204.58,818.3,-64784.19
600030.SH,2021-09-01,buy,56900,26.917,382.89,0.0,0.0
002460.SZ,2021-09-03,sell,4200,180.15,189.16,756.63,-152382.33
600025.SH,2021-09-03,buy,294600,5.996,441.6,0.0,0.0
601088.SH,2021-09-10,sell,126200,22.378,706.01,2824.05,429168.09
000001.SZ,2021-09-10,buy,66900,20.591,344.38,0.0,0.0
002050.SZ,2021-09-13,sell,51400,24.036,308.86,1235.45,-68846.44
300418.SZ,2021-09-13,buy,51800,19.95,258.35,0.0,0.0
600188.SH,2021-09-17,sell,46100,31.199,359.57,1438.26,537077.98
601857.SH,2021-09-17,buy,229200,5.706,326.94,0.0,0.0
600025.SH,2021-09-24,sell,294600,7.403,545.2,2180.8,411658.36
003816.SZ,2021-09-24,buy,376200,3.283,308.79,0.0,0.0
000001.SZ,2021-09-28,sell,66900,17.952,300.25,1200.99,-178019.56
000568.SZ,2021-09-28,buy,5700,213.243,303.87,0.0,0.0
002013.SZ,2021-09-29,sell,100400,12.997,326.22,1304.9,103291.9
300418.SZ,2021-09-29,sell,51800,16.643,215.53,862.13,-172359.02
002714.SZ,2021-09-29,buy,24000,50.951,305.71,0.0,0.0
300498.SZ,2021-09-29,buy,114600,14.705,421.29,0.0,0.0
600030.SH,2021-09-30,sell,56900,25.255,359.25,1436.99,-96373.71
600900.SH,2021-09-30,buy,79600,22.022,438.24,0.0,0.0
003816.SZ,2021-10-12,sell,376200,3.007,282.81,1131.23,-105354.34
000963.SZ,2021-10-12,buy,37400,34.775,325.14,0.0,0.0
601857.SH,2021-10-13,sell,229200,5.744,329.15,1316.58,7189.93
002304.SZ,2021-10-13,buy,6200,188.398,292.02,0.0,0.0
002304.SZ,2021-11-03,sell,6200,174.765,270.89,1083.54,-85879.96
300418.SZ,2021-11-03,buy,59900,21.882,327.68,0.0,0.0
600900.SH,2021-11-08,sell,79600,20.33,404.56,1618.24,-136733.86
300014.SZ,2021-11-08,buy,7700,131.642,253.41,0.0,0.0
000568.SZ,2021-11-10,sell,5700,218.831,311.83,1247.34,30291.97
688981.SH,2021-11-10,buy,35000,59.439,520.09,0.0,0.0
002714.SZ,2021-11-24,sell,24000,55.744,334.47,1337.86,113366.87
300498.SZ,2021-11-24,sell,114600,16.104,461.38,1845.5,158040.29
600111.SH,2021-11-24,buy,19100,54.254,259.06,0.0,0.0
300413.SZ,2021-11-24,buy,21200,48.699,258.1,0.0,0.0
300418.SZ,2021-11-25,sell,59900,21.738,325.53,1302.12,-10230.49
600519.SH,2021-11-25,buy,1100,1957.986,538.45,0.0,0.0
000963.SZ,2021-11-26,sell,37400,34.056,318.42,1273.69,-28476.36
688981.SH,2021-11-26,sell,35000,54.196,474.21,1896.85,-185898.11
000858.SZ,2021-11-26,buy,8400,223.083,468.47,0.0,0.0
300750.SZ,2021-11-26,buy,2400,658.658,395.19,0.0,0.0
300014.SZ,2021-12-14,sell,7700,133.766,257.5,1030.0,15071.84
002475.SZ,2021-12-14,buy,33100,46.396,383.93,0.0,0.0
600111.SH,2021-12-15,sell,19100,49.071,234.31,937.25,-100172.98
300433.SZ,2021-12-15,buy,65600,24.374,399.74,0.0,0.0
300750.SZ,2021-12-20,sell,2400,609.6,365.76,1463.04,-119568.5
600900.SH,2021-12-20,buy,148600,21.772,808.82,0.0,0.0
000858.SZ,2021-12-21,sell,8400,231.418,485.98,1943.91,67588.22
600048.SH,2021-12-21,buy,76600,15.455,295.97,0.0,0.0
600519.SH,2021-12-29,sell,1100,2038.959,560.71,2242.85,86266.7
000963.SZ,2021-12-29,buy,44400,40.24,446.67,0.0,0.0
300433.SZ,2022-01-05,sell,65600,22.587,370.43,1481.73,-119076.74
300498.SZ,2022-01-05,buy,79300,20.871,413.76,0.0,0.0
300413.SZ,2022-01-11,sell,21200,49.091,260.18,1040.73,7013.94
000538.SZ,2022-01-11,buy,12600,109.609,345.27,0.0,0.0
002475.SZ,2022-01-13,sell,33100,45.315,374.98,1499.91,-37679.49
601857.SH,2022-01-13,buy,421500,5.485,578.03,0.0,0.0
600048.SH,2022-01-14,sell,76600,14.935,286.01,1144.02,-41291.91
000963.SZ,2022-01-14,sell,44400,38.941,432.25,1728.98,-59844.82
002007.SZ,2022-01-14,buy,33400,30.681,256.18,0.0,0.0
601166.SH,2022-01-14,buy,99300,20.681,513.4,0.0,0.0
300498.SZ,2022-01-17,sell,79300,19.351,383.63,1534.5,-122471.58
002555.SZ,2022-01-17,buy,37200,27.978,260.19,0.0,0.0
002007.SZ,2022-01-19,sell,33400,28.122,234.82,939.27,-86638.01
601668.SH,2022-01-19,buy,345200,5.375,463.89,0.0,0.0
000538.SZ,2022-01-25,sell,12600,92.407,291.08,1164.33,-218200.62
002142.SZ,2022-01-25,buy,38600,39.95,385.52,0.0,0.0
600900.SH,2022-01-28,sell,148600,21.898,813.51,3254.05,14705.07
601857.SH,2022-01-28,sell,421500,5.015,528.45,2113.81,-200958.02
601888.SH,2022-01-28,buy,3000,206.767,155.07,0.0,0.0
300750.SZ,2022-01-28,buy,1800,593.193,266.94,0.0,0.0
002555.SZ,2022-02-07,sell,37200,24.725,229.94,919.78,-122150.16
600028.SH,2022-02-07,buy,561400,4.364,612.54,0.0,0.0
300750.SZ,2022-02-18,sell,1800,526.972,237.14,948.55,-120381.87
600188.SH,2022-02-18,buy,25700,30.13,193.59,0.0,0.0
601668.SH,2022-02-24,sell,345200,5.145,444.0,1776.0,-81795.51
002142.SZ,2022-02-24,sell,38600,38.222,368.84,1475.36,-68551.56
601888.SH,2022-02-24,sell,3000,203.786,152.84,611.36,-9705.85
300274.SZ,2022-02-24,buy,7800,116.216,226.62,0.0,0.0
002460.SZ,2022-02-24,buy,6800,147.137,250.13,0.0,0.0
600111.SH,2022-02-25,buy,23800,47.968,285.41,0.0,0.0
601166.SH,2022-03-07,sell,99300,21.319,529.24,2116.94,60707.22
600900.SH,2022-03-07,buy,125800,23.844,749.89,0.0,0.0
600028.SH,2022-03-08,sell,561400,4.226,593.09,2372.35,-80769.86
002460.SZ,2022-03-08,sell,6800,123.876,210.59,842.36,-159227.68
600111.SH,2022-03-08,sell,23800,41.548,247.21,988.85,-154020.4
601857.SH,2022-03-08,buy,171100,5.906,252.62,0.0,0.0
600048.SH,2022-03-08,buy,78700,16.817,330.87,0.0,0.0
601088.SH,2022-03-09,buy,40800,26.947,274.86,0.0,0.0
600188.SH,2022-03-15,sell,25700,30.669,197.05,788.2,12872.19
600900.SH,2022-03-15,sell,125800,21.129,664.5,2658.01,-344865.74
601857.SH,2022-03-15,sell,171100,4.995,213.66,854.64,-156923.3
300122.SZ,2022-03-15,buy,7000,125.365,219.39,0.0,0.0
603986.SH,2022-03-16,buy,5900,160.681,237.0,0.0,0.0
601012.SH,2022-03-16,buy,11500,81.081,233.11,0.0,0.0
300274.SZ,2022-03-22,sell,7800,113.297,220.93,883.71,-23876.82
300498.SZ,2022-03-22,buy,42000,21.852,229.44,0.0,0.0
603986.SH,2022-03-30,sell,5900,146.443,216.0,864.02,-85078.97
601012.SH,2022-03-30,sell,11500,75.315,216.53,866.12,-67396.13
601288.SH,2022-03-30,buy,793700,3.053,605.8,0.0,0.0
000002.SZ,2022-03-30,buy,44300,18.999,210.41,0.0,0.0
300122.SZ,2022-04-14,sell,7000,115.884,202.8,811.19,-67382.66
600690.SH,2022-04-14,buy,51300,24.875,319.02,0.0,0.0
600048.SH,2022-04-20,sell,78700,17.413,342.59,1370.37,45174.14
000895.SZ,2022-04-20,buy,41300,31.932,329.7,0.0,0.0
300498.SZ,2022-04-21,sell,42000,20.679,217.13,868.53,-50331.92
601398.SH,2022-04-21,buy,627000,4.785,750.01,0.0,0.0
601088.SH,2022-04-25,sell,40800,28.671,292.45,1169.79,68892.47
000002.SZ,2022-04-25,sell,44300,18.811,208.33,833.33,-9361.65
003816.SZ,2022-04-25,buy,278600,2.823,196.61,0.0,0.0
601888.SH,2022-04-26,buy,4700,180.2,211.74,0.0,0.0
000895.SZ,2022-05-16,sell,41300,29.77,307.38,1229.51,-90815.1
000625.SZ,2022-05-16,buy,56300,12.903,181.61,0.0,0.0
601398.SH,2022-05-18,sell,627000,4.615,723.46,2893.84,-109831.1
002594.SZ,2022-05-18,buy,3600,281.701,253.53,0.0,0.0
601888.SH,2022-05-19,sell,4700,167.632,196.97,787.87,-60053.59
601012.SH,2022-05-19,buy,11300,75.245,212.57,0.0,0.0
601012.SH,2022-06-06,sell,11300,60.559,171.08,684.32,-166804.83
300014.SZ,2022-06-06,buy,9700,90.901,220.43,0.0,0.0
600690.SH,2022-06-08,sell,51300,24.316,311.85,1247.39,-30245.69
300274.SZ,2022-06-08,buy,9000,92.993,209.23,0.0,0.0
000625.SZ,2022-06-27,sell,56300,18.482,260.13,1040.51,312775.11
002050.SZ,2022-06-27,buy,27800,27.638,192.08,0.0,0.0
300014.SZ,2022-07-01,sell,9700,95.624,231.89,927.56,44658.21
600276.SH,2022-07-01,buy,34400,38.979,335.22,0.0,0.0
300274.SZ,2022-07-05,sell,9000,87.842,197.64,790.58,-47345.69
300122.SZ,2022-07-05,buy,8200,120.05,246.1,0.0,0.0
002594.SZ,2022-07-11,sell,3600,323.976,291.58,1166.31,150729.52
300498.SZ,2022-07-11,buy,35700,25.836,230.58,0.0,0.0
600276.SH,2022-07-12,sell,34400,36.833,316.76,1267.06,-75399.69
000651.SZ,2022-07-12,buy,45200,34.965,395.1,0.0,0.0
601288.SH,2022-07-14,sell,793700,2.947,584.77,2339.07,-87056.04
300750.SZ,2022-07-14,buy,1800,556.566,250.45,0.0,0.0
300122.SZ,2022-07-19,sell,8200,102.747,210.63,842.53,-142935.95
600900.SH,2022-07-19,buy,81600,25.075,511.53,0.0,0.0
300498.SZ,2022-07-28,sell,35700,22.947,204.8,819.21,-104153.46
300274.SZ,2022-07-28,buy,5200,124.825,162.27,0.0,0.0
300750.SZ,2022-07-29,sell,1800,508.091,228.64,914.56,-88397.5
600028.SH,2022-07-29,buy,694900,4.114,714.72,0.0,0.0
003816.SZ,2022-08-02,sell,278600,2.677,186.48,745.9,-41468.68
000651.SZ,2022-08-02,sell,45200,31.828,359.66,1438.63,-143581.2
000625.SZ,2022-08-02,buy,41000,19.95,204.49,0.0,0.0
002475.SZ,2022-08-02,buy,28600,34.715,248.21,0.0,0.0
600900.SH,2022-08-03,sell,81600,23.417,477.7,1910.79,-137721.27
002049.SZ,2022-08-03,buy,4600,221.071,254.23,0.0,0.0
002050.SZ,2022-08-05,sell,27800,27.642,192.11,768.46,-829.35
688981.SH,2022-08-05,buy,34100,44.384,378.38,0.0,0.0
000625.SZ,2022-08-16,sell,41000,17.233,176.64,706.54,-112287.56
600188.SH,2022-08-16,buy,21100,42.923,226.42,0.0,0.0
002049.SZ,2022-08-24,sell,4600,161.339,185.54,742.16,-275696.51
688981.SH,2022-08-24,sell,34100,39.66,338.1,1352.42,-162780.28
601088.SH,2022-08-24,buy,40300,30.871,311.02,0.0,0.0
601857.SH,2022-08-24,buy,466700,5.335,622.5,0.0,0.0
300274.SZ,2022-08-31,sell,5200,111.289,144.68,578.7,-71111.1
600690.SH,2022-08-31,buy,45300,25.896,293.27,0.0,0.0
002475.SZ,2022-09-01,sell,28600,35.864,256.43,1025.71,31591.27
300122.SZ,2022-09-01,buy,7000,98.849,172.99,0.0,0.0
600028.SH,2022-09-16,sell,694900,4.296,746.27,2985.08,122455.54
300122.SZ,2022-09-16,sell,7000,82.817,144.93,579.72,-112946.2
600048.SH,2022-09-16,buy,26600,18.068,120.15,0.0,0.0
000651.SZ,2022-09-16,buy,27800,34.625,240.64,0.0,0.0
601857.SH,2022-09-19,sell,466700,5.345,623.59,2494.35,1231.71
601288.SH,2022-09-19,buy,925500,2.873,664.71,0.0,0.0
600690.SH,2022-09-22,sell,45300,24.535,277.86,1111.46,-63016.8
601398.SH,2022-09-22,buy,574400,4.394,631.03,0.0,0.0
601088.SH,2022-09-26,sell,40300,30.33,305.57,1222.28,-23338.22
600809.SH,2022-09-26,buy,4100,299.95,307.45,0.0,0.0
600188.SH,2022-09-27,sell,21100,49.82,262.8,1051.2,144217.97
601888.SH,2022-09-27,buy,5600,202.652,283.71,0.0,0.0
000651.SZ,2022-09-30,sell,27800,32.398,225.16,900.65,-63036.97
300760.SZ,2022-09-30,buy,3300,299.299,246.92,0.0,0.0
600809.SH,2022-10-12,sell,4100,278.221,285.18,1140.71,-90511.3
601888.SH,2022-10-12,sell,5600,180.849,253.19,1012.75,-123365.43
300124.SZ,2022-10-12,buy,10000,61.662,154.15,0.0,0.0
300274.SZ,2022-10-12,buy,5300,126.126,167.12,0.0,0.0
600048.SH,2022-10-14,sell,26600,17.233,114.6,458.39,-22791.97
600276.SH,2022-10-14,buy,25800,38.028,245.28,0.0,0.0
601398.SH,2022-10-26,sell,574400,4.276,613.99,2455.97,-71234.01
002013.SZ,2022-10-26,buy,97500,12.292,299.62,0.0,0.0
601288.SH,2022-10-27,sell,925500,2.797,647.2,2588.81,-73268.6
688981.SH,2022-10-27,buy,28300,42.172,298.37,0.0,0.0
300760.SZ,2022-11-09,sell,3300,306.193,252.61,1010.44,21488.8
300274.SZ,2022-11-09,sell,5300,125.894,166.81,667.24,-2063.75
002013.SZ,2022-11-09,sell,97500,11.309,275.65,1102.6,-97279.25
002475.SZ,2022-11-09,buy,27400,32.112,219.97,0.0,0.0
300122.SZ,2022-11-09,buy,6300,99.539,156.77,0.0,0.0
300418.SZ,2022-11-10,buy,84300,14.244,300.2,0.0,0.0
300122.SZ,2022-11-23,sell,6300,90.37,142.33,569.33,-58482.03
601668.SH,2022-11-23,buy,232400,5.526,321.03,0.0,0.0
600276.SH,2022-11-28,sell,25800,39.141,252.46,1009.83,27448.72
688981.SH,2022-11-28,sell,28300,40.04,283.28,1133.13,-61757.96
002475.SZ,2022-11-28,sell,27400,30.699,210.29,841.16,-39762.44
300418.SZ,2022-11-28,sell,84300,13.736,289.49,1157.97,-44270.17
000002.SZ,2022-11-28,buy,45400,17.137,194.51,0.0,0.0
601328.SH,2022-11-28,buy,220000,4.725,259.86,0.0,0.0
000001.SZ,2022-11-29,buy,81700,13.003,265.59,0.0,0.0
600048.SH,2022-11-29,buy,47700,17.918,213.67,0.0,0.0
601668.SH,2022-12-15,sell,232400,5.604,325.62,1302.46,16701.31
002304.SZ,2022-12-15,buy,5600,167.667,234.73,0.0,0.0
300124.SZ,2022-12-20,sell,10000,67.403,168.51,674.03,56566.77
600048.SH,2022-12-20,sell,47700,15.375,183.34,733.37,-122231.64
300498.SZ,2022-12-20,buy,61000,18.599,283.63,0.0,0.0
300413.SZ,2022-12-21,buy,35900,27.477,246.61,0.0,0.0
000002.SZ,2022-12-26,sell,45400,18.352,208.29,833.16,54097.3
002415.SZ,2022-12-26,buy,38200,34.955,333.82,0.0,0.0
002415.SZ,2023-01-11,sell,38200,32.857,313.79,1255.14,-81705.27
300122.SZ,2023-01-11,buy,9800,103.603,253.83,0.0,0.0
300413.SZ,2023-01-31,sell,35900,30.45,273.28,1093.14,105330.89
300433.SZ,2023-01-31,buy,96600,13.303,321.27,0.0,0.0
000001.SZ,2023-02-06,sell,81700,13.986,285.66,1142.66,78883.6
300122.SZ,2023-02-06,sell,9800,95.684,234.43,937.71,-78781.08
002230.SZ,2023-02-06,buy,19300,47.948,231.35,0.0,0.0
300418.SZ,2023-02-06,buy,52800,19.63,259.11,0.0,0.0
002304.SZ,2023-02-07,sell,5600,169.37,237.12,948.47,8350.98
002050.SZ,2023-02-07,buy,38900,27.407,266.54,0.0,0.0
300498.SZ,2023-02-13,sell,61000,19.52,297.69,1190.75,54746.24
000568.SZ,2023-02-13,buy,3900,260.861,254.34,0.0,0.0
300418.SZ,2023-02-17,sell,52800,22.957,303.03,1212.13,174172.08
600031.SH,2023-02-17,buy,78400,18.048,353.74,0.0,0.0
300433.SZ,2023-02-24,sell,96600,12.717,307.12,1228.49,-58145.14
002050.SZ,2023-02-24,sell,38900,25.544,248.42,993.68,-73710.85
000651.SZ,2023-02-24,buy,37700,36.597,344.92,0.0,0.0
600188.SH,2023-02-24,buy,31600,35.636,281.52,0.0,0.0
000568.SZ,2023-03-08,sell,3900,243.556,237.47,949.87,-68674.5
600028.SH,2023-03-08,buy,306100,5.315,406.75,0.0,0.0
600031.SH,2023-03-09,sell,78400,17.932,351.47,1405.87,-10850.17
003816.SZ,2023-03-09,buy,691300,2.873,496.5,0.0,0.0
002230.SZ,2023-03-10,sell,19300,47.582,229.58,918.34,-8202.65
600188.SH,2023-03-10,sell,31600,32.428,256.18,1024.71,-102655.58
300413.SZ,2023-03-10,buy,21600,35.145,189.78,0.0,0.0
601288.SH,2023-03-10,buy,509500,2.983,379.96,0.0,0.0
003816.SZ,2023-03-28,sell,691300,2.857,493.79,1975.14,-13343.08
300418.SZ,2023-03-28,buy,12600,38.288,120.61,0.0,0.0
300418.SZ,2023-04-10,sell,12600,41.748,131.51,526.03,42937.96
688981.SH,2023-04-10,buy,14900,60.06,223.72,0.0,0.0
300413.SZ,2023-04-17,sell,21600,34.835,188.11,752.44,-7636.12
601857.SH,2023-04-17,buy,156700,7.347,287.83,0.0,0.0
688981.SH,2023-04-26,sell,14900,58.102,216.43,865.72,-30258.73
002555.SZ,2023-04-26,buy,17700,30.13,133.33,0.0,0.0
000651.SZ,2023-04-28,sell,37700,39.301,370.41,1481.63,100092.53
300274.SZ,2023-04-28,buy,6000,112.853,169.28,0.0,0.0
601328.SH,2023-05-10,sell,220000,5.924,325.82,1303.3,262227.88
600028.SH,2023-05-10,sell,306100,6.464,494.62,1978.49,348997.03
601288.SH,2023-05-10,sell,509500,3.606,459.36,1837.46,315330.58
601857.SH,2023-05-10,sell,156700,7.762,304.09,1216.34,63492.84
600016.SH,2023-05-10,buy,163300,4.184,170.82,0.0,0.0
600837.SH,2023-05-10,buy,91800,9.92,227.66,0.0,0.0
600025.SH,2023-05-11,buy,220000,7.487,411.81,0.0,0.0
600900.SH,2023-05-11,buy,85000,22.823,484.98,0.0,0.0
002555.SZ,2023-05-15,sell,17700,27.972,123.78,495.1,-38817.25
002230.SZ,2023-05-15,buy,8400,63.964,134.32,0.0,0.0
600837.SH,2023-05-24,sell,91800,9.241,212.08,848.3,-63407.26
002050.SZ,2023-05-24,buy,46400,25.085,290.99,0.0,0.0
300274.SZ,2023-05-29,sell,6000,109.291,163.94,655.74,-22192.52
002230.SZ,2023-05-29,sell,8400,55.784,117.15,468.59,-69295.55
300760.SZ,2023-05-29,buy,5300,312.332,413.84,0.0,0.0
603986.SH,2023-05-29,buy,8400,112.282,235.79,0.0,0.0
600016.SH,2023-06-01,sell,163300,3.906,159.47,637.86,-46209.43
300418.SZ,2023-06-01,buy,8000,57.457,114.91,0.0,0.0
002050.SZ,2023-06-09,sell,46400,24.176,280.44,1121.76,-43591.86
002555.SZ,2023-06-09,buy,18000,34.244,154.1,0.0,0.0
603986.SH,2023-06-12,sell,8400,102.797,215.87,863.5,-80753.96
300413.SZ,2023-06-12,buy,28900,34.334,248.07,0.0,0.0
600025.SH,2023-06-14,sell,220000,7.153,393.41,1573.62,-75587.83
000651.SZ,2023-06-14,buy,40300,36.657,369.32,0.0,0.0
300418.SZ,2023-06-21,sell,8000,50.29,100.58,402.32,-57844.82
002230.SZ,2023-06-21,buy,10300,77.678,200.02,0.0,0.0
300413.SZ,2023-06-26,sell,28900,36.014,260.2,1040.8,47240.88
002475.SZ,2023-06-26,buy,31100,30.38,236.21,0.0,0.0
002555.SZ,2023-07-03,sell,18000,31.459,141.56,566.25,-50850.42
000625.SZ,2023-07-03,buy,82000,13.844,283.8,0.0,0.0
002230.SZ,2023-07-10,sell,10300,65.824,169.5,677.99,-122938.43
600188.SH,2023-07-10,buy,53600,33.624,450.56,0.0,0.0
600188.SH,2023-07-17,sell,53600,18.731,251.0,1004.0,-799484.42
603986.SH,2023-07-17,buy,7000,118.478,207.34,0.0,0.0
600900.SH,2023-07-21,sell,85000,21.578,458.54,1834.16,-108066.7
300498.SZ,2023-07-21,buy,63800,19.199,306.23,0.0,0.0
002475.SZ,2023-07-26,sell,31100,32.038,249.09,996.38,50305.26
600809.SH,2023-07-26,buy,5100,228.148,290.89,0.0,0.0
300760.SZ,2023-08-04,sell,5300,285.794,378.68,1514.71,-142545.31
603986.SH,2023-08-04,sell,7000,106.753,186.82,747.27,-83010.63
600030.SH,2023-08-04,buy,32000,24.725,197.8,0.0,0.0
600837.SH,2023-08-04,buy,128000,10.841,346.91,0.0,0.0
300498.SZ,2023-08-09,sell,63800,17.582,280.44,1121.76,-104552.76
300750.SZ,2023-08-09,buy,6000,247.247,370.87,0.0,0.0
000651.SZ,2023-08-10,sell,40300,36.513,367.87,1471.49,-7609.12
600025.SH,2023-08-10,buy,189900,7.147,339.31,0.0,0.0
000625.SZ,2023-08-11,sell,82000,14.585,299.0,1196.0,59313.74
000538.SZ,2023-08-11,buy,26500,54.454,360.76,0.0,0.0
600030.SH,2023-08-21,sell,32000,22.917,183.34,733.35,-58761.16
600837.SH,2023-08-21,sell,128000,10.12,323.84,1295.34,-93902.06
003816.SZ,2023-08-21,buy,198400,3.143,155.9,0.0,0.0
300122.SZ,2023-08-21,buy,25700,45.746,293.92,0.0,0.0
600809.SH,2023-08-23,sell,5100,221.578,282.51,1130.05,-34918.13
300750.SZ,2023-08-23,sell,6000,227.273,340.91,1363.63,-121551.54
600585.SH,2023-08-23,buy,27500,25.936,178.31,0.0,0.0
600016.SH,2023-08-23,buy,357800,3.994,357.26,0.0,0.0
600016.SH,2023-08-31,sell,357800,3.776,337.78,1351.13,-79607.02
688981.SH,2023-08-31,buy,20800,54.294,282.33,0.0,0.0
688981.SH,2023-09-07,sell,20800,52.068,270.75,1083.01,-47662.05
600188.SH,2023-09-07,buy,52200,19.73,257.47,0.0,0.0
600585.SH,2023-10-10,sell,27500,25.045,172.18,688.74,-25362.87
000625.SZ,2023-10-10,buy,75300,14.444,271.92,0.0,0.0
003816.SZ,2023-10-11,sell,198400,3.087,153.11,612.44,-11921.59
600188.SH,2023-10-11,sell,52200,19.88,259.44,1037.74,6553.18
300433.SZ,2023-10-11,buy,60200,13.323,200.52,0.0,0.0
002230.SZ,2023-10-11,buy,16300,55.535,226.31,0.0,0.0
000538.SZ,2023-10-17,sell,26500,52.038,344.75,1379.0,-65760.74
601398.SH,2023-10-17,buy,316100,4.925,389.19,0.0,0.0
300433.SZ,2023-10-20,sell,60200,12.547,188.84,755.36,-47651.57
688981.SH,2023-10-20,buy,16300,57.157,232.92,0.0,0.0
000625.SZ,2023-10-23,sell,75300,13.886,261.41,1045.62,-43349.28
002475.SZ,2023-10-23,buy,34900,31.652,276.16,0.0,0.0
002230.SZ,2023-10-24,sell,16300,46.653,190.11,760.45,-145730.09
300498.SZ,2023-10-24,buy,68800,17.738,305.09,0.0,0.0
600025.SH,2023-10-25,sell,189900,7.373,350.02,1400.06,41068.58
601398.SH,2023-10-25,sell,316100,4.705,371.84,1487.34,-71284.22
002415.SZ,2023-10-25,buy,12000,35.305,105.92,0.0,0.0
600809.SH,2023-10-25,buy,3500,239.689,209.73,0.0,0.0
688981.SH,2023-11-10,sell,16300,54.336,221.42,885.67,-47097.38
002555.SZ,2023-11-10,buy,30600,24.294,185.85,0.0,0.0
002475.SZ,2023-11-20,sell,34900,31.119,271.51,1086.05,-19951.23
000625.SZ,2023-11-20,buy,45600,16.607,189.32,0.0,0.0
002555.SZ,2023-11-27,sell,30600,22.228,170.04,680.17,-64085.72
002714.SZ,2023-11-27,buy,43800,39.449,431.97,0.0,0.0
600809.SH,2023-11-28,sell,3500,233.756,204.54,818.15,-21789.72
600025.SH,2023-11-28,buy,206800,8.148,421.26,0.0,0.0
002415.SZ,2023-11-29,sell,12000,34.985,104.95,419.82,-4368.25
300124.SZ,2023-11-29,buy,15200,65.155,247.59,0.0,0.0
000625.SZ,2023-12-01,sell,45600,19.161,218.43,873.73,115380.72
300418.SZ,2023-12-01,buy,13700,38.859,133.09,0.0,0.0
300122.SZ,2023-12-04,sell,25700,63.007,404.82,1619.28,441589.51
300760.SZ,2023-12-04,buy,2700,293.343,198.01,0.0,0.0
300124.SZ,2023-12-06,sell,15200,59.99,227.96,911.85,-79649.94
300413.SZ,2023-12-06,buy,30500,28.729,219.06,0.0,0.0
300418.SZ,2023-12-22,sell,13700,35.764,122.49,489.97,-43008.76
300413.SZ,2023-12-22,sell,30500,25.574,195.0,780.02,-97181.17
600188.SH,2023-12-22,buy,36100,20.671,186.55,0.0,0.0
003816.SZ,2023-12-22,buy,478100,3.123,373.29,0.0,0.0
002714.SZ,2024-01-08,sell,43800,39.031,427.39,1709.55,-20466.37
300760.SZ,2024-01-08,sell,2700,278.821,188.2,752.82,-40150.83
601088.SH,2024-01-08,buy,10600,33.684,89.26,0.0,0.0
601857.SH,2024-01-08,buy,95600,7.477,178.71,0.0,0.0
600025.SH,2024-01-09,sell,206800,8.611,445.21,1780.83,93571.99
002460.SZ,2024-01-09,buy,19500,43.323,211.2,0.0,0.0
300498.SZ,2024-01-22,sell,68800,18.721,322.01,1288.02,66057.52
600188.SH,2024-01-22,sell,36100,20.529,185.28,741.11,-6023.71
003816.SZ,2024-01-22,sell,478100,3.257,389.26,1557.05,61937.41
600036.SH,2024-01-22,buy,28300,30.28,214.23,0.0,0.0
300274.SZ,2024-01-22,buy,8600,87.587,188.31,0.0,0.0
601857.SH,2024-01-23,sell,95600,7.003,167.37,669.49,-46197.15
002460.SZ,2024-01-23,sell,19500,40.11,195.54,782.14,-63639.56
000333.SZ,2024-01-23,buy,24500,56.436,345.67,0.0,0.0
000895.SZ,2024-01-23,buy,61600,27.227,419.3,0.0,0.0
601398.SH,2024-01-24,buy,398300,4.975,495.38,0.0,0.0
300274.SZ,2024-01-30,sell,8600,79.91,171.81,687.23,-66885.45
600028.SH,2024-01-30,buy,186500,5.936,276.76,0.0,0.0
601088.SH,2024-03-01,sell,10600,38.342,101.61,406.42,48866.46
002049.SZ,2024-03-01,buy,9000,76.346,171.78,0.0,0.0
601398.SH,2024-03-12,sell,398300,5.195,517.27,2069.09,84971.93
300274.SZ,2024-03-12,buy,6500,108.849,176.88,0.0,0.0
000895.SZ,2024-03-13,sell,61600,28.302,435.85,1743.38,64008.12
300750.SZ,2024-03-13,buy,5300,185.365,245.61,0.0,0.0
000333.SZ,2024-03-18,sell,24500,62.298,381.57,1526.29,141693.0
000625.SZ,2024-03-18,buy,43800,17.918,196.2,0.0,0.0
600036.SH,2024-03-19,sell,28300,30.769,217.69,870.77,12748.82
000858.SZ,2024-03-19,buy,8900,157.527,350.5,0.0,0.0
002049.SZ,2024-03-22,sell,9000,66.973,150.69,602.76,-85113.24
002475.SZ,2024-03-22,buy,31700,31.872,252.58,0.0,0.0
000858.SZ,2024-04-09,sell,8900,146.334,325.59,1302.37,-101253.23
600111.SH,2024-04-09,buy,44300,21.622,239.46,0.0,0.0
300274.SZ,2024-04-10,sell,6500,99.47,161.64,646.56,-61767.21
002475.SZ,2024-04-10,sell,31700,27.662,219.22,876.9,-134538.22
601857.SH,2024-04-10,buy,94400,10.28,242.61,0.0,0.0
600690.SH,2024-04-10,buy,51100,26.236,335.17,0.0,0.0
000625.SZ,2024-04-16,sell,43800,16.503,180.71,722.85,-62855.16
601088.SH,2024-04-16,buy,31200,41.742,325.59,0.0,0.0
600111.SH,2024-04-23,sell,44300,19.031,210.77,843.07,-115819.63
000538.SZ,2024-04-23,buy,24100,55.976,337.25,0.0,0.0
600028.SH,2024-04-29,sell,186500,6.254,291.58,1166.32,57813.66
600048.SH,2024-04-29,buy,95900,9.289,222.71,0.0,0.0
601857.SH,2024-05-06,sell,94400,10.0,236.0,944.0,-27638.43
300760.SZ,2024-05-06,buy,3400,313.473,266.45,0.0,0.0
600690.SH,2024-05-20,sell,51100,30.42,388.61,1554.44,211825.63
000002.SZ,2024-05-20,buy,67500,9.189,155.07,0.0,0.0
000538.SZ,2024-05-30,sell,24100,53.087,319.85,1279.39,-71225.59
600048.SH,2024-05-30,sell,95900,10.21,244.78,979.12,87052.05
688981.SH,2024-05-30,buy,20700,45.435,235.13,0.0,0.0
002475.SZ,2024-05-30,buy,29100,32.292,234.93,0.0,0.0
300760.SZ,2024-05-31,sell,3400,289.85,246.37,985.49,-81551.08
002050.SZ,2024-05-31,buy,39400,23.043,226.97,0.0,0.0
000002.SZ,2024-06-03,sell,67500,8.082,136.38,545.53,-75422.64
300014.SZ,2024-06-03,buy,22700,40.821,231.66,0.0,0.0
300750.SZ,2024-06-07,sell,5300,193.007,255.73,1022.94,39221.92
600025.SH,2024-06-07,buy,140200,10.721,375.76,0.0,0.0
002050.SZ,2024-06-20,sell,39400,21.778,214.52,858.06,-50906.48
300433.SZ,2024-06-20,buy,54400,17.197,233.88,0.0,0.0
688981.SH,2024-06-25,sell,20700,45.494,235.43,941.74,45.58
003816.SZ,2024-06-25,buy,228800,4.504,257.66,0.0,0.0
300014.SZ,2024-06-28,sell,22700,39.88,226.32,905.28,-22485.49
601328.SH,2024-06-28,buy,189600,7.477,354.43,0.0,0.0
601088.SH,2024-07-10,sell,31200,41.668,325.01,1300.05,-3915.46
603986.SH,2024-07-10,buy,8400,97.137,203.99,0.0,0.0
002475.SZ,2024-07-22,sell,29100,39.68,288.67,1154.7,213548.01
300433.SZ,2024-07-22,sell,54400,18.581,252.71,1010.83,74038.03
600030.SH,2024-07-22,buy,34400,20.21,173.81,0.0,0.0
000625.SZ,2024-07-22,buy,56100,15.736,220.69,0.0,0.0
603986.SH,2024-07-24,sell,8400,86.214,181.05,724.2,-92661.3
300274.SZ,2024-07-24,buy,10100,71.051,179.4,0.0,0.0
600025.SH,2024-07-31,sell,140200,11.429,400.57,1602.28,97237.71
003816.SZ,2024-07-31,sell,228800,4.675,267.43,1069.71,37746.47
000651.SZ,2024-07-31,buy,23200,40.06,232.35,0.0,0.0
600276.SH,2024-07-31,buy,28500,42.252,301.05,0.0,0.0
000625.SZ,2024-08-05,sell,56100,13.247,185.79,743.14,-140560.71
002555.SZ,2024-08-05,buy,73300,13.173,241.4,0.0,0.0
300274.SZ,2024-08-21,sell,10100,66.414,167.69,670.78,-47676.82
002555.SZ,2024-08-21,sell,73300,12.727,233.23,932.91,-33850.61
000963.SZ,2024-08-21,buy,34900,30.21,263.58,0.0,0.0
600025.SH,2024-08-21,buy,129100,11.932,385.1,0.0,0.0
600030.SH,2024-08-26,sell,34400,18.442,158.6,634.39,-61634.55
000333.SZ,2024-08-26,buy,19800,66.386,328.61,0.0,0.0
000651.SZ,2024-08-28,sell,23200,38.761,224.81,899.26,-31256.7
600028.SH,2024-08-28,buy,108700,7.107,193.14,0.0,0.0
600025.SH,2024-08-29,sell,129100,11.149,359.83,1439.32,-102894.77
600031.SH,2024-08-29,buy,54900,15.896,218.17,0.0,0.0
601328.SH,2024-08-30,sell,189600,7.103,336.68,1346.71,-72703.75
002475.SZ,2024-08-30,buy,23600,39.459,232.81,0.0,0.0
600028.SH,2024-09-05,sell,108700,6.543,177.82,711.27,-62157.85
002594.SZ,2024-09-05,buy,4400,253.103,278.41,0.0,0.0
000963.SZ,2024-09-09,sell,34900,28.372,247.54,990.17,-65404.15
000333.SZ,2024-09-09,sell,19800,61.029,302.09,1208.37,-107587.18
600031.SH,2024-09-09,sell,54900,15.225,208.96,835.84,-37889.29
002050.SZ,2024-09-09,buy,24800,17.888,110.9,0.0,0.0
000895.SZ,2024-09-09,buy,28300,23.493,166.22,0.0,0.0
300418.SZ,2024-09-10,buy,24000,27.417,164.5,0.0,0.0
002475.SZ,2024-09-18,sell,23600,35.864,211.6,846.39,-85907.54
300274.SZ,2024-09-18,buy,11600,78.849,228.66,0.0,0.0
600276.SH,2024-09-20,sell,28500,42.667,304.0,1216.02,10309.76
600690.SH,2024-09-20,buy,29100,27.257,198.3,0.0,0.0
002594.SZ,2024-10-09,sell,4400,305.384,335.92,1343.69,228358.81
000895.SZ,2024-10-09,sell,28300,24.925,176.34,705.38,39631.99
300418.SZ,2024-10-09,sell,24000,39.081,234.49,937.94,278751.33
300274.SZ,2024-10-09,sell,11600,99.011,287.13,1148.53,232444.93
688981.SH,2024-10-09,buy,7800,83.974,163.75,0.0,0.0
300122.SZ,2024-10-09,buy,15700,36.627,143.76,0.0,0.0
300014.SZ,2024-10-10,buy,9100,50.0,113.75,0.0,0.0
002049.SZ,2024-10-10,buy,10400,66.767,173.59,0.0,0.0
002050.SZ,2024-10-11,sell,24800,21.998,136.39,545.55,101248.79
600030.SH,2024-10-11,buy,20400,28.198,143.81,0.0,0.0
300122.SZ,2024-10-29,sell,15700,29.231,114.73,458.92,-116688.5
601012.SH,2024-10-29,buy,26400,19.259,127.11,0.0,0.0
600690.SH,2024-10-30,sell,29100,29.87,217.3,869.22,74947.99
688981.SH,2024-10-30,sell,7800,85.734,167.18,668.73,12894.35
600585.SH,2024-10-30,buy,39000,26.817,261.46,0.0,0.0
600111.SH,2024-10-30,buy,42200,21.141,223.04,0.0,0.0
002049.SZ,2024-11-01,sell,10400,64.116,166.7,666.8,-28402.66
600809.SH,2024-11-01,buy,3900,208.969,203.74,0.0,0.0
600111.SH,2024-11-14,sell,42200,24.106,254.32,1017.27,123840.87
600104.SH,2024-11-14,buy,53700,16.737,224.69,0.0,0.0
601012.SH,2024-11-15,sell,26400,18.501,122.11,488.44,-20615.41
002230.SZ,2024-11-15,buy,12000,53.123,159.37,0.0,0.0
300014.SZ,2024-11-18,sell,9100,47.932,109.05,436.18,-19363.39
000625.SZ,2024-11-18,buy,45500,15.135,172.16,0.0,0.0
600585.SH,2024-11-22,sell,39000,25.285,246.53,986.1,-60984.53
600809.SH,2024-11-22,sell,3900,199.201,194.22,776.88,-39066.93
600030.SH,2024-11-25,sell,20400,29.63,151.11,604.46,28460.69
002460.SZ,2024-11-25,buy,12000,42.713,128.14,0.0,0.0
300413.SZ,2024-11-25,buy,22600,28.218,159.43,0.0,0.0
600016.SH,2024-11-26,buy,253000,3.934,248.82,0.0,0.0
600104.SH,2024-11-28,sell,53700,17.413,233.76,935.06,35124.33
000963.SZ,2024-11-28,buy,24000,36.536,219.22,0.0,0.0
000625.SZ,2024-12-04,sell,45500,13.786,156.82,627.27,-62159.95
300124.SZ,2024-12-04,buy,15200,62.302,236.75,0.0,0.0
002460.SZ,2024-12-09,sell,12000,39.49,118.47,473.89,-39258.76
300418.SZ,2024-12-09,buy,10300,49.99,128.72,0.0,0.0
300413.SZ,2024-12-23,sell,22600,28.352,160.19,640.75,2214.58
000963.SZ,2024-12-23,sell,24000,35.474,212.85,851.39,-26552.47
300124.SZ,2024-12-23,sell,15200,58.441,222.08,888.31,-59793.64
300418.SZ,2024-12-23,sell,10300,41.439,106.7,426.82,-88613.15
603986.SH,2024-12-23,buy,6000,107.357,161.04,0.0,0.0
601398.SH,2024-12-23,buy,160100,6.707,268.44,0.0,0.0
688981.SH,2024-12-24,buy,7900,96.957,191.49,0.0,0.0
600900.SH,2024-12-24,buy,64300,29.84,479.67,0.0,0.0
002230.SZ,2024-12-31,sell,12000,48.272,144.82,579.26,-58940.76
600104.SH,2024-12-31,buy,30600,20.781,158.97,0.0,0.0
688981.SH,2025-01-06,sell,7900,86.853,171.53,686.14,-80677.69
000651.SZ,2025-01-06,buy,28500,46.066,328.22,0.0,0.0
600016.SH,2025-01-13,sell,253000,3.926,248.32,993.3,-3230.2
600104.SH,2025-01-13,sell,30600,16.254,124.34,497.36,-139148.82
002050.SZ,2025-01-13,buy,25500,26.026,165.92,0.0,0.0
600036.SH,2025-01-13,buy,35600,39.109,348.07,0.0,0.0
601398.SH,2025-01-20,sell,160100,6.563,262.7,1050.81,-24251.03
300433.SZ,2025-01-20,buy,20400,24.565,125.28,0.0,0.0
000651.SZ,2025-01-22,sell,28500,44.016,313.61,1254.45,-59995.35
300124.SZ,2025-01-22,buy,14800,60.771,224.85,0.0,0.0
603986.SH,2025-02-14,sell,6000,127.193,190.79,763.16,118058.63
002594.SZ,2025-02-14,buy,2500,356.406,222.75,0.0,0.0
600900.SH,2025-02-21,sell,64300,27.772,446.44,1785.75,-135179.51
600276.SH,2025-02-21,buy,26800,48.328,323.8,0.0,0.0
002050.SZ,2025-02-28,sell,25500,30.29,193.1,772.39,107758.36
300433.SZ,2025-02-28,sell,20400,26.783,136.59,546.38,44577.49
600809.SH,2025-02-28,buy,4700,203.884,239.56,0.0,0.0
600031.SH,2025-02-28,buy,72600,18.218,330.66,0.0,0.0
002594.SZ,2025-03-04,sell,2500,344.495,215.31,861.24,-30853.77
300014.SZ,2025-03-04,buy,16400,49.299,202.13,0.0,0.0
300124.SZ,2025-03-17,sell,14800,70.34,260.26,1041.03,140318.14
000568.SZ,2025-03-17,buy,6700,143.083,239.66,0.0,0.0
600276.SH,2025-03-21,sell,26800,44.805,300.19,1200.78,-95920.86
000333.SZ,2025-03-21,buy,17000,75.355,320.26,0.0,0.0
600036.SH,2025-03-26,sell,35600,42.617,379.29,1517.18,122997.94
002714.SZ,2025-03-26,buy,30300,40.01,303.08,0.0,0.0
300014.SZ,2025-03-27,sell,16400,47.872,196.28,785.1,-24386.97
000963.SZ,2025-03-27,buy,33400,37.167,310.35,0.0,0.0
600031.SH,2025-03-31,sell,72600,19.051,345.77,1383.1,58727.33
601088.SH,2025-03-31,buy,28400,38.388,272.56,0.0,0.0
000568.SZ,2025-04-02,sell,6700,129.58,217.05,868.19,-91552.99
300274.SZ,2025-04-02,buy,13200,72.542,239.39,0.0,0.0
000333.SZ,2025-04-03,sell,17000,73.287,311.47,1245.87,-36724.22
600025.SH,2025-04-03,buy,133600,9.369,312.94,0.0,0.0
300274.SZ,2025-04-07,sell,13200,55.644,183.63,734.5,-223973.97
002007.SZ,2025-04-07,buy,75600,16.466,311.22,0.0,0.0
600809.SH,2025-04-28,sell,4700,209.3,245.93,983.71,24229.37
601288.SH,2025-04-28,buy,148900,5.616,209.04,0.0,0.0
002714.SZ,2025-04-29,sell,30300,39.461,298.91,1195.65,-18143.51
603986.SH,2025-04-29,buy,6000,126.847,190.27,0.0,0.0
603986.SH,2025-05-21,sell,6000,118.022,177.03,708.13,-53834.32
300750.SZ,2025-05-21,buy,4300,274.354,294.93,0.0,0.0
002007.SZ,2025-05-23,sell,75600,15.854,299.64,1198.57,-47789.61
300418.SZ,2025-05-23,buy,21900,36.607,200.42,0.0,0.0
300750.SZ,2025-06-06,sell,4300,248.631,267.28,1069.11,-111945.12
600016.SH,2025-06-06,buy,275900,4.484,309.32,0.0,0.0
600025.SH,2025-06-12,sell,133600,9.61,320.99,1283.95,30595.34
002714.SZ,2025-06-12,buy,25100,43.824,274.99,0.0,0.0
300418.SZ,2025-06-13,sell,21900,32.527,178.09,712.35,-90223.39
601857.SH,2025-06-13,buy,138600,8.999,311.82,0.0,0.0
000963.SZ,2025-06-17,sell,33400,41.858,349.52,1398.06,154930.82
600028.SH,2025-06-17,buy,137100,5.966,204.48,0.0,0.0
601857.SH,2025-06-25,sell,138600,8.681,300.81,1203.23,-45534.48
002555.SZ,2025-06-25,buy,55800,16.967,236.69,0.0,0.0
601088.SH,2025-07-07,sell,28400,37.662,267.4,1069.61,-21956.83
600104.SH,2025-07-07,buy,85500,17.357,371.01,0.0,0.0
002555.SZ,2025-07-14,sell,55800,16.813,234.54,938.17,-9753.64
600111.SH,2025-07-14,buy,37000,29.91,276.67,0.0,0.0
600016.SH,2025-07-22,sell,275900,5.255,362.45,1449.78,210702.51
600585.SH,2025-07-22,buy,37300,27.197,253.61,0.0,0.0
600585.SH,2025-07-28,sell,37300,24.276,226.37,905.48,-110102.69
300122.SZ,2025-07-28,buy,39400,23.554,232.0,0.0,0.0
600104.SH,2025-07-31,sell,85500,17.163,366.86,1467.42,-18465.74
600111.SH,2025-07-31,sell,37000,37.462,346.53,1386.11,277714.3
600276.SH,2025-07-31,buy,10600,62.963,166.85,0.0,0.0
300418.SZ,2025-07-31,buy,26100,35.936,234.48,0.0,0.0
600028.SH,2025-08-01,sell,137100,5.684,194.83,779.32,-39588.36
002049.SZ,2025-08-01,buy,16200,72.192,292.38,0.0,0.0
300418.SZ,2025-08-27,sell,26100,40.26,262.69,1050.78,111537.71
600111.SH,2025-08-27,buy,11500,53.513,153.85,0.0,0.0
300122.SZ,2025-08-29,sell,39400,22.487,221.5,886.01,-43109.48
688981.SH,2025-08-29,buy,5500,114.875,157.95,0.0,0.0
002049.SZ,2025-09-02,sell,16200,77.472,313.76,1255.05,83972.53
603986.SH,2025-09-02,buy,3400,176.176,149.75,0.0,0.0
601288.SH,2025-09-15,sell,148900,7.153,266.26,1065.06,227562.22
300274.SZ,2025-09-15,buy,3200,136.807,109.45,0.0,0.0
002714.SZ,2025-09-18,sell,25100,54.695,343.21,1372.85,271157.83
600111.SH,2025-09-18,sell,11500,48.052,138.15,552.6,-63498.69
002050.SZ,2025-09-18,buy,14100,45.596,160.72,0.0,0.0
300750.SZ,2025-09-18,buy,1900,367.257,174.45,0.0,0.0
600276.SH,2025-10-13,sell,10600,66.913,177.32,709.28,40984.67
002460.SZ,2025-10-13,buy,7500,69.82,130.91,0.0,0.0
603986.SH,2025-10-14,sell,3400,195.804,166.43,665.73,65903.03
300274.SZ,2025-10-14,sell,3200,139.65,111.72,446.88,8540.73
002050.SZ,2025-10-14,sell,14100,40.12,141.42,565.69,-77914.62
601012.SH,2025-10-14,buy,42400,19.299,204.57,0.0,0.0
601088.SH,2025-10-14,buy,41600,40.691,423.18,0.0,0.0
003816.SZ,2025-10-15,buy,416000,3.954,411.21,0.0,0.0
688981.SH,2025-10-17,sell,5500,121.858,167.55,670.22,37570.16
300750.SZ,2025-10-17,sell,1900,357.782,169.95,679.79,-18852.29
600188.SH,2025-10-17,buy,74000,15.045,278.33,0.0,0.0
601288.SH,2025-10-17,buy,163500,7.628,311.78,0.0,0.0
003816.SZ,2025-11-18,sell,416000,3.906,406.23,1624.93,-21940.93
600188.SH,2025-11-18,sell,74000,14.376,265.95,1063.8,-50866.82
600887.SH,2025-11-18,buy,23900,29.55,176.56,0.0,0.0
601857.SH,2025-11-18,buy,143500,9.88,354.44,0.0,0.0
601012.SH,2025-11-20,sell,42400,20.08,212.85,851.39,32034.05
600028.SH,2025-11-20,buy,308300,6.056,466.77,0.0,0.0
002460.SZ,2025-11-21,sell,7500,64.076,120.14,480.57,-43679.89
601328.SH,2025-11-21,buy,138000,7.628,263.15,0.0,0.0
601088.SH,2025-11-24,sell,41600,41.159,428.05,1712.21,17334.78
000895.SZ,2025-11-24,buy,21800,27.207,148.28,0.0,0.0
601288.SH,2025-11-26,sell,163500,7.932,324.22,1296.89,48154.83
300418.SZ,2025-11-26,buy,15900,45.205,179.69,0.0,0.0
601857.SH,2025-12-10,sell,143500,9.59,344.06,1376.22,-43259.22
601328.SH,2025-12-10,sell,138000,7.303,251.94,1007.77,-46100.05
601318.SH,2025-12-10,buy,15500,62.613,242.62,0.0,0.0
000725.SZ,2025-12-10,buy,370600,4.184,387.66,0.0,0.0
300418.SZ,2025-12-11,sell,15900,39.78,158.13,632.5,-87047.81
300433.SZ,2025-12-11,buy,25400,30.681,194.82,0.0,0.0
600887.SH,2025-12-31,liquidate,23900,28.571,170.71,682.86,-24230.64
600028.SH,2025-12-31,liquidate,308300,6.174,475.85,1903.39,33929.26
000895.SZ,2025-12-31,liquidate,21800,26.444,144.12,576.47,-17368.16
601318.SH,2025-12-31,liquidate,15500,68.332,264.78,1059.14,87321.35
000725.SZ,2025-12-31,liquidate,370600,4.206,389.67,1558.67,6060.33
300433.SZ,2025-12-31,liquidate,25400,30.24,192.02,768.09,-12159.48
