date,open,high,low,close,preclose,volume,amount
2020-01-02,10.38,10.87,10.21,10.8,10.03,66350931,695266628.41
2020-01-03,10.65,10.72,10.47,10.49,10.8,41351705,437851322.01
2020-01-06,10.44,10.72,10.35,10.43,10.49,38464827,404837331.88
2020-01-07,10.47,10.88,10.47,10.7,10.43,38530668,412707297.3
2020-01-08,10.66,11.19,10.55,10.97,10.7,51745516,564449697.49
2020-01-09,10.99,11.25,10.91,10.98,10.97,35043075,386915559.02
2020-01-10,10.95,11.42,10.91,11.3,10.98,44976592,506486746.9
2020-01-13,11.41,11.9,11.38,11.9,11.3,44294336,517556054.21
2020-01-14,12.0,12.04,10.88,11.17,11.9,82356452,937781737.92
2020-01-15,11.2,11.37,10.95,11.23,11.17,45206870,506762860.65
2020-01-16,11.2,11.29,11.0,11.21,11.23,27474968,306568700.15
2020-01-17,11.13,11.23,10.74,10.9,11.21,55746208,609523903.75
2020-01-20,11.08,11.15,10.7,10.91,10.9,36437497,397420604.52
2020-01-21,10.9,10.92,10.29,10.39,10.91,55839729,587506081.5
2020-01-22,10.35,10.6,10.21,10.47,10.39,39668739,414716012.69
2020-01-23,10.34,10.45,9.76,9.88,10.47,44864757,451070282.94
2020-02-03,8.89,8.89,8.89,8.89,9.88,9914200,88137238.0
2020-02-04,8.29,9.22,8.29,9.18,8.89,71339171,638148301.79
2020-02-05,9.18,9.43,8.9,8.98,9.18,45517973,415777596.2
2020-02-06,8.9,9.15,8.82,9.01,8.98,37493224,338570080.85
2020-02-07,8.92,9.11,8.92,9.02,9.01,27513985,248034190.82
2020-02-10,8.99,9.46,8.95,9.4,9.02,41346711,383916873.0
2020-02-11,9.41,9.84,9.26,9.62,9.4,37080036,354877479.85
2020-02-12,9.52,9.65,9.4,9.6,9.62,24547347,234193076.81
2020-02-13,9.59,9.95,9.59,9.79,9.6,39546418,386755002.14
2020-02-14,9.76,9.76,9.44,9.59,9.79,31151004,298055476.91
2020-02-17,9.95,10.55,9.95,10.55,9.59,64929884,676364449.31
2020-02-18,10.58,10.85,10.34,10.74,10.55,57028089,606166517.13
2020-02-19,10.7,11.07,10.62,10.65,10.74,44912914,487571297.37
2020-02-20,10.65,11.09,10.61,10.86,10.65,31823595,346542891.41
2020-02-21,11.13,11.47,11.01,11.32,10.86,50258134,566580870.93
2020-02-24,11.15,11.6,11.1,11.4,11.32,47353135,539157312.54
2020-02-25,11.18,11.8,10.93,11.6,11.4,69989663,796008634.24
2020-02-26,11.38,11.61,10.86,10.9,11.6,52610185,588103441.63
2020-02-27,10.89,11.15,10.58,10.78,10.9,51541302,556519243.21
2020-02-28,10.4,10.67,10.03,10.17,10.78,62516907,643751068.26
2020-03-02,10.3,11.09,10.17,10.79,10.17,66495955,718311513.59
2020-03-03,10.99,11.23,10.51,10.61,10.79,38701834,419374574.04
2020-03-04,10.5,11.18,10.41,11.18,10.61,50869208,552346581.48
2020-03-05,11.2,11.66,11.03,11.46,11.18,57353053,654029761.18
2020-03-06,11.46,11.6,11.16,11.47,11.46,32127822,364822937.28
2020-03-09,11.21,11.35,10.67,10.68,11.47,35958191,394469129.22
2020-03-10,10.64,11.34,10.6,11.27,10.68,43233187,476115702.14
2020-03-11,11.27,11.63,11.09,11.14,11.27,37091409,422077684.57
2020-03-12,10.98,11.39,10.87,11.28,11.14,42471718,471777810.26
2020-03-13,10.7,11.95,10.56,11.71,11.28,68771048,789098063.7
2020-03-16,11.86,11.86,10.6,10.62,11.71,52742435,586889314.88
2020-03-17,10.72,10.88,9.75,10.26,10.62,49589634,508122363.42
2020-03-18,10.21,10.62,9.7,9.76,10.26,44436354,449349849.83
2020-03-19,9.7,10.35,9.4,10.03,9.76,54860932,539675450.41
2020-03-20,10.18,10.46,10.04,10.43,10.03,27804455,285427310.73
2020-03-23,9.9,10.07,9.53,9.6,10.43,34240801,334253513.71
2020-03-24,9.9,10.49,9.71,10.4,9.6,39857544,400628433.69
2020-03-25,10.75,11.22,10.44,10.99,10.4,53017281,574448364.21
2020-03-26,10.77,10.82,10.26,10.41,10.99,41146447,433439740.37
2020-03-27,10.61,10.71,10.11,10.49,10.41,31376357,327147874.95
2020-03-30,10.3,10.85,10.15,10.69,10.49,37651303,400388512.62
2020-03-31,10.79,10.93,10.39,10.58,10.69,35956428,383881434.81
2020-04-01,10.58,10.78,10.01,10.15,10.58,41853334,435765557.98
2020-04-02,10.01,10.03,9.65,10.0,10.15,43589042,428193281.23
2020-04-03,9.97,10.09,9.7,9.82,10.0,24370716,240219438.06
2020-04-07,9.95,10.01,9.8,9.94,9.82,34116013,336823420.6
2020-04-08,9.8,9.88,9.59,9.84,9.94,40053933,389168766.15
2020-04-09,9.9,10.2,9.88,10.05,9.84,37989850,381547806.57
2020-04-10,10.05,10.05,9.72,9.8,10.05,22335348,219109010.87
2020-04-13,9.81,9.96,9.63,9.92,9.8,23471487,229526669.83
2020-04-14,9.89,10.02,9.76,9.94,9.92,22809158,225802292.1
2020-04-15,9.98,10.27,9.98,9.99,9.94,25882729,260893513.79
2020-04-16,10.03,10.06,9.8,9.86,9.99,21793114,215566179.11
2020-04-17,9.95,10.05,9.7,9.92,9.86,24663923,243536028.29
2020-04-20,9.86,9.95,9.69,9.75,9.92,32531765,317222378.49
2020-04-21,9.69,9.75,9.23,9.32,9.75,41940153,395212084.78
2020-04-22,9.17,9.26,9.05,9.19,9.32,42175253,385972830.21
2020-04-23,9.26,9.32,9.0,9.02,9.19,32375256,294597236.21
2020-04-24,9.05,9.22,8.91,9.14,9.02,37470034,339309553.21
2020-04-27,9.11,9.16,8.9,9.01,9.14,29740064,268871268.43
2020-04-28,9.05,9.25,8.8,9.18,9.01,41949230,381593559.13
2020-04-29,9.18,9.31,9.02,9.09,9.18,24947165,228433324.79
2020-04-30,9.25,9.86,9.24,9.7,9.09,51684702,496355675.0
2020-05-06,9.89,10.56,9.86,10.52,9.7,65316111,670808981.39
2020-05-07,10.51,10.68,10.37,10.54,10.52,33685425,354697642.38
2020-05-08,10.65,10.75,10.47,10.68,10.54,32838613,349231370.54
2020-05-11,10.68,10.98,10.54,10.77,10.68,41304648,445717497.22
2020-05-12,10.85,10.98,10.6,10.85,10.77,32297862,349615804.66
2020-05-13,10.78,10.91,10.71,10.8,10.85,22577123,244196903.76
2020-05-14,10.79,10.88,10.58,10.62,10.8,24249961,259023836.33
2020-05-15,10.7,10.78,10.49,10.54,10.62,22896581,242400759.06
2020-05-18,10.53,10.67,10.27,10.35,10.54,29923177,312576014.7
2020-05-19,10.52,10.62,10.36,10.49,10.35,25983485,272882198.86
2020-05-20,10.49,10.53,10.15,10.19,10.49,26400792,271199731.74
2020-05-21,10.36,10.44,10.01,10.09,10.19,20468305,208000657.5
2020-05-22,10.1,10.33,9.94,9.99,10.09,30633065,309057672.97
2020-05-25,10.04,10.54,10.04,10.2,9.99,31686397,326513811.19
2020-05-26,10.27,10.3,9.93,10.06,10.2,31195875,313642600.66
2020-05-27,10.08,10.2,9.95,10.06,10.06,21610837,217259288.44
2020-05-28,10.0,10.12,9.72,9.81,10.06,25197716,248769385.84
2020-05-29,9.88,10.05,9.74,9.86,9.81,27388780,271356814.49
2020-06-01,9.95,10.24,9.93,10.15,9.86,40686338,412914163.08
2020-06-02,10.26,10.27,9.87,9.9,10.15,40010913,398825276.47
2020-06-03,10.02,10.89,9.96,10.89,9.9,89000613,941213820.63
2020-06-04,10.99,10.99,10.34,10.6,10.89,86678531,912271926.09
2020-06-05,10.49,10.49,10.16,10.29,10.6,46220935,476067646.78
2020-06-08,10.22,10.71,10.22,10.59,10.29,52059346,546696125.28
2020-06-09,11.0,11.2,10.74,10.92,10.59,75514490,827372364.5
2020-06-10,10.88,11.04,10.7,10.9,10.92,45064114,489421001.68
2020-06-11,10.95,11.32,10.8,11.07,10.9,53358847,593127194.07
2020-06-12,10.9,11.57,10.87,11.47,11.07,60497633,687817134.29
2020-06-15,11.3,11.67,11.13,11.5,11.47,45707245,522484769.24
2020-06-16,11.6,11.66,11.42,11.56,11.5,27791787,320935420.16
2020-06-17,11.63,11.66,11.3,11.49,11.56,28810086,330005955.67
2020-06-18,11.48,11.64,11.33,11.49,11.49,31797110,366003028.07
2020-06-19,11.6,11.79,11.51,11.6,11.49,26943778,314095202.0
2020-06-22,11.59,11.68,11.37,11.45,11.6,30847541,354131558.84
2020-06-23,11.46,11.52,11.23,11.39,11.45,30020341,341874687.51
2020-06-24,11.5,11.54,11.3,11.33,11.39,24972303,284556783.04
2020-06-29,11.25,11.42,11.04,11.19,11.33,29791385,333522831.57
2020-06-30,11.29,11.36,10.9,11.0,11.19,42257558,466763574.41
2020-07-01,11.07,11.1,10.84,11.06,11.0,32908678,360597089.78
2020-07-02,11.03,11.34,10.94,11.2,11.06,53083604,591704645.21
2020-07-03,11.3,12.31,11.26,12.25,11.2,102457501,1231345889.31
2020-07-06,12.19,12.66,11.83,12.55,12.25,99668288,1218626455.1
2020-07-07,12.53,13.1,12.31,12.95,12.55,78350308,1007899063.68
2020-07-08,12.88,13.18,12.79,12.94,12.95,53676912,694559317.63
2020-07-09,12.91,13.25,12.8,12.93,12.94,46070789,600153224.54
2020-07-10,12.85,13.35,12.75,13.02,12.93,52213738,682290985.17
2020-07-13,12.94,13.6,12.91,13.41,13.02,45646211,607897161.88
2020-07-14,13.42,13.48,12.8,13.19,13.41,56065362,733986543.6
2020-07-15,12.56,12.75,11.87,11.87,13.19,125886223,1517949103.14
2020-07-16,11.45,11.56,10.82,10.95,11.87,108315776,1208938704.51
2020-07-17,10.96,11.2,10.6,10.73,10.95,68987494,744870325.12
2020-07-20,10.81,11.34,10.69,11.31,10.73,85461131,948254094.81
2020-07-21,11.33,11.68,11.24,11.53,11.31,62090751,712935816.13
2020-07-22,11.43,11.71,11.27,11.46,11.53,53582239,614915133.57
2020-07-23,11.32,11.49,11.02,11.48,11.46,45583953,512943580.75
2020-07-24,11.34,11.87,10.84,11.13,11.48,66943824,757248974.9
2020-07-27,11.0,11.19,10.76,11.01,11.13,36861285,405427200.32
2020-07-28,11.1,11.25,10.83,10.97,11.01,32830460,362166947.08
2020-07-29,10.95,11.25,10.75,11.24,10.97,36707010,406982013.67
2020-07-30,11.23,11.37,10.96,11.02,11.24,34311369,381740384.68
2020-07-31,10.99,11.14,10.81,11.07,11.02,41039422,450547963.85
2020-08-03,11.09,11.23,11.01,11.22,11.07,55349278,617440636.79
2020-08-04,11.25,11.3,11.02,11.18,11.22,39578690,440704137.99
2020-08-05,11.15,11.16,10.81,10.87,11.18,62740238,684721895.5
2020-08-06,10.88,11.04,10.68,10.9,10.87,40119361,434564821.38
2020-08-07,10.8,10.8,10.5,10.59,10.9,42697030,454081131.9
2020-08-10,10.7,11.2,10.7,11.15,10.59,74169626,819018814.82
2020-08-11,11.2,11.74,11.16,11.46,11.15,92217099,1062552627.61
2020-08-12,11.46,11.68,11.14,11.58,11.46,57963733,661796258.81
2020-08-13,11.7,11.74,11.35,11.41,11.58,40295210,462394326.89
2020-08-14,11.38,11.52,11.22,11.45,11.41,28916950,329069068.74
2020-08-17,11.48,11.97,11.42,11.91,11.45,56454180,663504957.91
2020-08-18,11.91,12.1,11.71,11.75,11.91,40937865,484749121.3
2020-08-19,11.75,11.86,11.52,11.58,11.75,34285989,401284778.9
2020-08-20,11.46,11.65,11.33,11.43,11.58,28876764,330693481.84
2020-08-21,11.52,11.89,11.48,11.86,11.43,47966673,562136014.28
2020-08-24,11.9,11.94,11.62,11.77,11.86,33171405,389971460.96
2020-08-25,11.81,11.81,11.33,11.44,11.77,41450910,476529933.62
2020-08-26,11.34,11.52,11.17,11.52,11.44,38143699,432700031.16
2020-08-27,11.52,11.88,11.42,11.79,11.52,45947773,537533611.93
2020-08-28,11.64,12.06,11.54,12.02,11.79,52628756,625930907.13
2020-08-31,12.19,12.25,11.71,11.71,12.02,42554792,507505129.56
2020-09-01,11.74,12.48,11.74,12.41,11.71,77412632,945333741.93
2020-09-02,12.42,12.47,12.14,12.24,12.41,48151847,591318972.38
2020-09-03,12.25,12.56,12.14,12.33,12.24,47739240,588022483.88
2020-09-04,12.05,12.55,11.96,12.52,12.33,46399525,571302935.34
2020-09-07,12.45,12.69,12.13,12.23,12.52,38767719,482225417.02
2020-09-08,12.36,13.09,12.3,12.86,12.23,71808901,919554135.97
2020-09-09,12.7,13.38,12.7,13.01,12.86,87295343,1148378099.54
2020-09-10,13.09,14.11,13.04,13.61,13.01,100257920,1369716577.11
2020-09-11,13.81,13.9,13.28,13.7,13.61,50678563,687722227.99
2020-09-14,13.71,13.8,13.19,13.61,13.7,62221562,837611007.07
2020-09-15,13.5,14.02,13.35,13.71,13.61,49093707,672912312.76
2020-09-16,13.62,14.56,13.5,14.28,13.71,56464069,800421657.86
2020-09-17,14.23,15.53,14.16,14.96,14.28,89752001,1331072772.75
2020-09-18,14.93,14.93,14.36,14.7,14.96,57865602,844432935.16
2020-09-21,14.56,14.94,14.45,14.55,14.7,35483558,518331514.81
2020-09-22,14.44,14.67,14.23,14.34,14.55,32616292,469513678.47
2020-09-23,14.36,14.51,14.17,14.33,14.34,28443383,407143917.85
2020-09-24,14.27,14.3,13.75,13.77,14.33,43638634,607923518.15
2020-09-25,13.93,14.16,13.7,13.85,13.77,23447402,325494801.72
2020-09-28,13.99,14.32,13.56,13.81,13.85,39995130,554422794.61
2020-09-29,13.83,13.88,13.3,13.39,13.81,43210843,582277398.92
2020-09-30,13.45,13.63,13.23,13.43,13.39,62782504,841803142.42
2020-10-09,13.95,14.34,13.77,14.25,13.43,59691635,843780098.42
2020-10-12,14.3,14.65,14.22,14.43,14.25,50078897,723335761.86
2020-10-13,14.43,15.87,14.06,15.87,14.43,62880960,944689956.72
2020-10-14,16.0,16.16,15.29,15.42,15.87,70165588,1100293859.65
2020-10-15,15.73,15.93,15.24,15.29,15.42,64079943,998219057.16
2020-10-16,15.33,15.5,14.72,14.85,15.29,49010390,731561902.46
2020-10-19,14.85,15.34,14.6,15.16,14.85,40727096,614104618.88
2020-10-20,15.0,16.68,14.82,16.68,15.16,78035617,1247196054.1
2020-10-21,16.69,17.64,16.36,16.67,16.68,111610246,1881624046.61
2020-10-22,16.58,16.59,15.26,15.88,16.67,101217399,1604539513.62
2020-10-23,15.61,16.2,15.15,15.63,15.88,66683628,1044002811.1
2020-10-26,15.32,16.05,15.01,15.82,15.63,45519703,713499142.89
2020-10-27,15.51,15.75,15.21,15.5,15.82,41791491,646184977.57
2020-10-28,15.46,16.24,15.46,15.93,15.5,65062081,1033744115.91
2020-10-29,15.48,16.73,15.36,16.3,15.93,73493734,1191549150.03
2020-10-30,16.16,17.23,15.95,16.52,16.3,83701639,1392373099.13
2020-11-02,16.72,17.88,16.32,17.7,16.52,95706902,1662307645.05
2020-11-03,17.7,17.7,16.9,17.33,17.7,75423367,1299239914.11
2020-11-04,17.23,18.03,17.08,17.58,17.33,72516977,1280451504.64
2020-11-05,18.05,18.71,17.71,18.46,17.58,82129415,1488598242.14
2020-11-06,18.4,18.87,17.03,17.7,18.46,95658384,1701924364.7
2020-11-09,17.47,17.65,16.95,17.44,17.7,82260426,1418878742.53
2020-11-10,17.15,17.22,16.26,16.51,17.44,83210555,1380721853.02
2020-11-11,16.29,16.65,15.9,16.06,16.51,59698992,966342896.83
2020-11-12,16.1,16.56,16.1,16.49,16.06,53377177,875303696.96
2020-11-13,16.8,17.24,16.29,17.07,16.49,69524627,1173525308.78
2020-11-16,18.78,18.78,17.88,18.78,17.07,145824035,2687813096.95
2020-11-17,19.49,20.66,19.48,20.3,18.78,256544856,5225594975.93
2020-11-18,20.78,22.33,20.18,22.33,20.3,264406997,5623931733.59
2020-11-19,23.3,23.67,20.1,20.25,22.33,332311776,7170371491.42
2020-11-20,19.9,20.89,19.26,20.58,20.25,259555525,5247130808.15
2020-11-23,20.0,22.5,19.41,21.98,20.58,249962787,5164944781.23
2020-11-24,22.43,22.7,21.34,21.51,21.98,193533040,4235412424.38
2020-11-25,21.9,23.66,21.6,23.66,21.51,341560256,7955868325.5
2020-11-26,22.93,22.93,21.58,22.22,23.66,247607663,5498650145.37
2020-11-27,22.12,24.33,21.42,23.93,22.22,261954037,5961194110.62
2020-11-30,23.23,26.04,23.02,25.26,23.93,264683817,6560738758.92
2020-12-01,24.91,27.79,24.68,27.79,25.26,300734192,7952990847.45
2020-12-02,27.5,28.38,26.39,27.07,27.79,307410976,8406952357.8
2020-12-03,26.57,26.9,24.88,24.99,27.07,259831248,6628646685.74
2020-12-04,24.68,25.55,24.38,24.8,24.99,172444979,4302779128.98
2020-12-07,24.3,24.3,23.34,23.84,24.8,187506918,4446151593.46
2020-12-08,24.1,25.47,23.67,25.2,23.84,224588934,5513356305.07
2020-12-09,24.72,25.27,23.9,24.0,25.2,160177751,3939031751.8
2020-12-10,23.5,23.7,22.32,22.59,24.0,181951831,4149535785.23
2020-12-11,22.77,23.23,22.04,23.05,22.59,156112899,3550571132.1
2020-12-14,22.89,23.8,21.98,23.25,23.05,170211639,3916404276.92
2020-12-15,22.96,25.0,22.76,24.43,23.25,208939948,4971368477.02
2020-12-16,24.44,24.88,23.47,23.63,24.43,138449370,3295657037.56
2020-12-17,23.01,23.94,22.72,23.28,23.63,117929416,2753864179.0
2020-12-18,23.07,24.23,22.96,23.72,23.28,167505659,3988562266.57
2020-12-21,23.79,25.42,23.11,25.03,23.72,236990730,5755818752.62
2020-12-22,24.4,24.85,23.56,23.62,25.03,178493931,4327829314.62
2020-12-23,23.2,24.44,23.15,23.64,23.62,154201793,3672207260.65
2020-12-24,23.6,23.6,22.01,22.13,23.64,147128128,3326174358.77
2020-12-25,21.97,22.38,21.03,22.07,22.13,132456876,2856254830.93
2020-12-28,22.0,22.84,21.65,22.24,22.07,120825642,2687886229.35
2020-12-29,21.97,22.11,21.12,21.23,22.24,107633404,2313933435.63
2020-12-30,21.31,22.19,21.26,21.53,21.23,126852206,2756375294.28
2020-12-31,21.56,22.45,21.56,21.88,21.53,121383244,2668493998.11
2021-01-04,21.2,22.3,21.01,21.75,21.88,135936128,2951944056.0
2021-01-05,21.89,22.11,20.95,21.03,21.75,148287857,3151772050.28
2021-01-06,21.3,21.73,20.6,21.13,21.03,125023245,2639324343.24
2021-01-07,21.34,23.0,20.6,22.69,21.13,259417397,5685951180.47
2021-01-08,22.9,23.59,21.8,23.43,22.69,236316471,5384089157.59
2021-01-11,23.43,24.7,22.9,23.16,23.43,218777196,5223739749.65
2021-01-12,22.6,22.77,21.5,22.24,23.16,163804825,3620061130.98
2021-01-13,22.27,22.86,21.5,21.69,22.24,139003698,3071335452.69
2021-01-14,21.3,21.3,19.74,19.92,21.69,163489285,3339554588.47
2021-01-15,19.62,20.43,19.11,20.1,19.92,112109237,2201083319.96
2021-01-18,19.62,19.93,19.28,19.63,20.1,74576003,1466837341.22
2021-01-19,19.73,20.18,19.43,19.8,19.63,89304369,1768617730.51
2021-01-20,19.89,20.2,19.48,19.6,19.8,101444938,2009397299.18
2021-01-21,19.3,19.83,19.0,19.45,19.6,114090572,2217614059.8
2021-01-22,19.34,20.35,19.15,20.14,19.45,151958727,3005682890.06
2021-01-25,19.85,20.37,19.38,19.83,20.14,126562026,2505914398.86
2021-01-26,19.81,19.85,18.87,18.94,19.83,102345227,1974093019.76
2021-01-27,18.66,18.82,17.8,18.24,18.94,135393592,2473485580.11
2021-01-28,17.92,18.09,17.44,17.54,18.24,102380308,1818406419.79
2021-01-29,17.55,17.84,16.74,17.24,17.54,97584038,1686939427.07
2021-02-01,17.16,18.04,17.16,17.69,17.24,115382650,2034378076.42
2021-02-02,18.45,19.46,18.26,19.46,17.69,128450773,2455005970.36
2021-02-03,20.26,20.46,19.41,19.53,19.46,212534545,4235251255.12
2021-02-04,19.52,20.28,19.28,19.97,19.53,145563641,2893039091.03
2021-02-05,19.67,19.8,17.97,18.04,19.97,162655966,3040619029.3
2021-02-08,17.7,19.25,17.7,18.86,18.04,106703004,1983771830.72
2021-02-09,19.07,19.26,18.48,19.0,18.86,87702639,1664241165.26
2021-02-10,19.13,19.85,19.0,19.02,19.0,88735952,1708590449.6
2021-02-18,19.13,19.73,18.58,19.59,19.02,112717847,2164957466.11
2021-02-19,19.29,19.29,18.4,18.96,19.59,105638925,1982654612.13
2021-02-22,18.8,19.03,18.42,18.43,18.96,87034801,1623859512.29
2021-02-23,18.05,18.07,17.25,17.4,18.43,108386492,1904523991.48
2021-02-24,17.35,17.78,16.98,17.13,17.4,87843181,1526152058.19
2021-02-25,17.41,17.48,17.05,17.25,17.13,56636198,977805653.24
2021-02-26,16.88,18.89,16.6,18.15,17.25,163342439,2910597945.95
2021-03-01,17.6,17.76,17.0,17.68,18.15,112488013,1956828061.62
2021-03-02,17.73,17.73,17.09,17.22,17.68,80662102,1392038641.02
2021-03-03,16.95,17.4,16.77,17.33,17.22,66691230,1146345637.16
2021-03-04,17.15,17.15,16.77,16.79,17.33,67904137,1147983712.04
2021-03-05,16.57,17.14,16.41,16.95,16.79,61648840,1042134814.34
2021-03-08,17.0,17.17,16.43,16.49,16.95,61190408,1029344672.2
2021-03-09,16.42,16.43,15.03,15.3,16.49,106998072,1662408193.55
2021-03-10,15.64,15.86,15.21,15.29,15.3,72924882,1129557836.23
2021-03-11,15.28,15.98,15.04,15.73,15.29,80204750,1247795566.66
2021-03-12,15.8,16.08,15.42,15.9,15.73,81331048,1280464055.48
2021-03-15,15.66,15.75,15.14,15.24,15.9,68295906,1052035250.59
2021-03-16,15.01,15.34,14.7,15.1,15.24,65130173,980794338.97
2021-03-17,15.14,15.45,14.95,15.26,15.1,54481415,831194068.44
2021-03-18,15.27,15.4,15.02,15.1,15.26,51771234,784940096.0
2021-03-19,14.89,15.06,14.75,14.76,15.1,52630659,781905116.09
2021-03-22,14.81,15.43,14.66,15.17,14.76,69161534,1043777761.11
2021-03-23,15.18,15.2,14.61,14.71,15.17,57627954,854799125.39
2021-03-24,14.57,14.7,14.07,14.08,14.71,62918732,897141858.89
2021-03-25,13.91,14.27,13.76,14.07,14.08,51952152,728780390.26
2021-03-26,14.07,14.72,14.05,14.55,14.07,99504980,1435417422.99
2021-03-29,14.42,14.9,14.06,14.5,14.55,78243658,1127007785.12
2021-03-30,14.46,14.69,14.35,14.59,14.5,54168938,787313758.01
2021-03-31,14.68,15.05,14.16,14.19,14.59,74663688,1082797424.19
2021-04-01,14.4,14.74,14.28,14.48,14.19,72957921,1059213395.33
2021-04-02,14.42,14.98,14.22,14.79,14.48,97658306,1433564545.41
2021-04-06,14.82,15.66,14.63,15.38,14.79,128338047,1945008081.99
2021-04-07,15.11,15.16,14.75,14.83,15.38,94125435,1400465500.21
2021-04-08,14.85,14.97,14.6,14.77,14.83,52672899,779738802.49
2021-04-09,14.83,14.86,14.42,14.48,14.77,50399626,733465398.18
2021-04-12,14.48,14.66,14.18,14.2,14.48,47599190,682245112.53
2021-04-13,14.3,14.54,14.18,14.25,14.2,43477794,623277849.37
2021-04-14,14.31,14.72,14.31,14.6,14.25,58386068,849547033.81
2021-04-15,14.5,14.5,14.18,14.37,14.6,47929076,686172587.66
2021-04-16,14.57,15.81,14.57,15.81,14.37,185328527,2862900134.99
2021-04-19,17.3,17.39,16.75,17.39,15.81,150426144,2586246123.57
2021-04-20,18.49,19.13,17.61,18.01,17.39,398969712,7322126628.12
2021-04-21,17.29,17.39,16.6,16.78,18.01,234504471,3974148020.44
2021-04-22,16.78,17.3,16.67,16.81,16.78,149340142,2533654892.28
2021-04-23,16.45,16.7,16.01,16.12,16.81,143789288,2343984763.33
2021-04-26,16.15,16.95,15.86,16.84,16.12,233352513,3828788194.81
2021-04-27,16.48,16.62,15.9,16.19,16.84,139006224,2254006594.33
2021-04-28,16.0,16.88,15.94,16.66,16.19,175686520,2885520057.1
2021-04-29,16.59,16.85,16.2,16.59,16.66,135211744,2231846022.51
2021-04-30,16.6,16.8,16.21,16.37,16.59,123295083,2035851214.56
2021-05-06,16.18,17.49,16.08,16.98,16.37,193723569,3265508107.03
2021-05-07,16.86,17.1,16.12,16.71,16.98,146423454,2431351828.39
2021-05-10,16.42,18.38,16.25,18.38,16.71,262232575,4650501334.11
2021-05-11,18.89,20.22,18.38,19.5,18.38,415629968,8047771056.41
2021-05-12,19.5,21.45,19.28,21.45,19.5,194377000,4051406716.18
2021-05-13,22.0,22.88,20.87,20.92,21.45,462672800,10167519322.02
2021-05-14,21.7,23.01,21.0,23.01,20.92,329649168,7309497667.33
2021-05-17,23.01,24.15,22.52,23.77,23.01,378203728,8864661906.86
2021-05-18,23.01,23.67,22.64,23.47,23.77,253168427,5836754629.88
2021-05-19,23.0,25.5,22.41,24.6,23.47,289139408,6886303301.81
2021-05-20,24.74,25.3,23.01,23.05,24.6,311303872,7614513758.26
2021-05-21,22.4,25.3,22.11,25.0,23.05,390103664,9206360329.2
2021-05-24,23.55,24.22,22.5,22.5,25.0,362009568,8416216322.44
2021-05-25,22.1,22.11,21.03,21.5,22.5,279462880,6018710245.72
2021-05-26,21.51,22.52,21.51,22.15,21.5,233606581,5148667640.23
2021-05-27,22.5,22.6,21.56,21.76,22.15,166859282,3652341002.24
2021-05-28,21.72,23.7,21.3,23.04,21.76,292746816,6631634950.89
2021-05-31,22.7,24.1,22.2,23.75,23.04,233715969,5464532080.26
2021-06-01,23.4,24.69,23.2,23.79,23.75,214984042,5123708431.05
2021-06-02,23.5,23.93,22.77,22.96,23.79,163546360,3819864556.42
2021-06-03,23.1,23.9,22.45,23.4,22.96,158747440,3701043545.16
2021-06-04,23.21,24.25,22.88,23.58,23.4,157983098,3741705619.23
2021-06-07,23.58,23.75,22.38,22.8,23.58,161255730,3691173993.38
2021-06-08,22.68,23.45,22.06,22.51,22.8,133030124,3022493016.85
2021-06-09,22.5,22.83,22.1,22.53,22.51,90428545,2041048271.37
2021-06-10,22.23,23.67,22.12,23.29,22.53,173593809,4017384297.29
2021-06-11,23.2,23.99,22.23,23.29,23.29,201895106,4693894018.4
2021-06-15,23.37,25.13,23.31,23.58,23.29,223087426,5394260680.8
2021-06-16,23.02,23.13,21.22,21.22,23.58,222597460,4907272189.71
2021-06-17,20.52,21.88,20.52,21.55,21.22,120903838,2596129768.41
2021-06-18,21.7,23.71,21.47,23.69,21.55,232841131,5341989218.65
2021-06-21,23.7,24.29,23.33,23.63,23.69,185622725,4411750082.47
2021-06-22,23.8,24.85,23.44,24.12,23.63,193986644,4712258779.25
2021-06-23,25.15,26.53,24.61,26.53,24.12,278359920,7213695775.47
2021-06-24,26.99,27.41,26.16,26.22,26.53,229702807,6155603194.98
2021-06-25,26.26,27.2,25.66,26.44,26.22,159375326,4197379604.8
2021-06-28,26.47,27.15,25.8,26.71,26.44,166486880,4394031225.33
2021-06-29,27.17,27.43,25.03,25.9,26.71,181473625,4707941001.5
2021-06-30,25.83,26.45,25.26,26.28,25.9,116076636,2995597451.6
2021-07-01,19.0,20.0,18.32,18.81,18.55,296470096,5663292214.11
2021-07-02,18.28,18.55,17.81,18.07,18.81,198213271,3600363757.03
2021-07-05,18.07,19.68,17.9,19.47,18.07,273379952,5149666889.53
2021-07-06,19.55,20.38,18.85,19.99,19.47,307046112,6048367378.12
2021-07-07,19.49,20.86,19.02,20.4,19.99,266560080,5364085533.22
2021-07-08,20.4,20.7,19.98,20.34,20.4,172785835,3508034014.26
2021-07-09,20.0,21.5,19.75,20.99,20.34,233425839,4838150511.11
2021-07-12,21.36,22.38,20.99,21.12,20.99,272596752,5887170839.95
2021-07-13,21.0,21.11,20.36,20.44,21.12,197090271,4058801816.78
2021-07-14,20.12,20.39,19.35,19.67,20.44,192735356,3821925523.58
2021-07-15,19.25,19.45,18.4,19.15,19.67,206758041,3915332479.83
2021-07-16,19.0,19.72,18.81,19.13,19.15,156703920,3020616961.17
2021-07-19,18.73,19.0,18.3,18.57,19.13,129588443,2413112049.3
2021-07-20,18.33,19.33,18.31,19.33,18.57,146812357,2791799997.83
2021-07-21,19.42,20.18,19.33,19.93,19.33,189790458,3785157882.78
2021-07-22,19.96,20.39,19.3,19.41,19.93,203549741,4013644749.28
2021-07-23,19.41,20.25,19.19,19.48,19.41,185972711,3680900338.74
2021-07-26,19.33,19.37,18.0,18.71,19.48,182454626,3409007592.13
2021-07-27,18.67,19.03,17.88,17.9,18.71,148448381,2742293578.23
2021-07-28,17.4,17.69,16.24,16.56,17.9,207466073,3466535201.79
2021-07-29,16.99,17.73,16.7,17.45,16.56,173861632,3004490988.38
2021-07-30,17.46,18.86,17.11,18.4,17.45,193770809,3498938151.06
2021-08-02,18.82,19.52,18.53,18.99,18.4,198213310,3769369775.53
2021-08-03,18.97,18.97,18.04,18.09,18.99,134060940,2455821586.17
2021-08-04,18.0,19.28,17.81,19.13,18.09,191599559,3616124462.98
2021-08-05,18.94,19.29,18.62,19.02,19.13,136681708,2590815879.66
2021-08-06,19.3,20.23,18.91,19.39,19.02,223017699,4379975046.18
2021-08-09,19.0,19.15,18.28,19.09,19.39,149026466,2786900765.55
2021-08-10,19.11,20.19,19.03,19.89,19.09,219263791,4329872293.11
2021-08-11,20.0,20.2,19.22,19.9,19.89,177782380,3492467185.42
2021-08-12,19.72,21.88,19.55,21.37,19.9,350269360,7380316892.38
2021-08-13,20.96,21.2,20.3,20.96,21.37,227808381,4721680309.36
2021-08-16,20.6,22.1,20.52,21.44,20.96,227170420,4898795771.77
2021-08-17,21.24,22.31,21.1,21.31,21.44,212631798,4639884015.99
2021-08-18,21.32,21.77,19.89,20.38,21.31,234698419,4804027693.09
2021-08-19,20.81,22.42,20.6,22.42,20.38,320439760,7009590227.49
2021-08-20,22.4,22.87,21.75,22.44,22.42,264445118,5906032741.88
2021-08-23,22.88,23.66,21.95,22.6,22.44,340830736,7720744525.73
2021-08-24,22.92,23.1,21.3,21.58,22.6,337132304,7476955775.53
2021-08-25,21.4,21.4,20.35,21.17,21.58,229856237,4801860260.66
2021-08-26,21.13,21.13,20.48,20.63,21.17,143755035,2978666842.45
2021-08-27,20.48,21.65,20.4,21.05,20.63,217295832,4592217809.24
2021-08-30,20.57,21.58,20.26,21.24,21.05,191677088,4013947316.44
2021-08-31,20.75,21.1,20.3,20.62,21.24,145019329,2989886552.34
2021-09-01,20.61,20.79,19.6,19.93,20.62,138978611,2786812210.56
2021-09-02,19.7,20.5,19.68,20.18,19.93,115738949,2344024468.81
2021-09-03,19.93,20.15,19.25,19.4,20.18,135074415,2652290850.98
2021-09-06,19.5,20.05,19.31,19.94,19.4,105045367,2077764907.89
2021-09-07,19.94,20.75,19.8,20.39,19.94,138169393,2815872712.35
2021-09-08,20.49,20.63,20.05,20.19,20.39,92039406,1863759217.41
2021-09-09,20.0,20.33,19.6,20.29,20.19,106791243,2126142175.52
2021-09-10,20.29,20.29,19.8,19.93,20.29,77929754,1553353911.16
2021-09-13,19.85,19.88,19.0,19.11,19.93,138559341,2669725036.44
2021-09-14,19.0,19.54,18.61,19.15,19.11,106653615,2042459188.97
2021-09-15,18.9,18.91,18.5,18.63,19.15,89212245,1662484454.22
2021-09-16,18.54,18.64,17.75,17.78,18.63,124288872,2245315078.45
2021-09-17,18.03,18.14,17.2,17.73,17.78,111131717,1956409679.65
2021-09-22,17.3,17.49,16.82,17.26,17.73,84799922,1463613358.33
2021-09-23,17.45,17.73,17.31,17.57,17.26,78993479,1380921705.59
2021-09-24,17.58,17.65,17.14,17.17,17.57,68653992,1191170393.14
2021-09-27,17.35,17.65,16.72,17.25,17.17,81925099,1411307883.5
2021-09-28,17.26,17.32,16.89,16.91,17.25,57448736,976544155.52
2021-09-29,16.69,17.18,16.38,16.52,16.91,90054619,1500349276.73
2021-09-30,16.52,16.77,16.4,16.7,16.52,60222688,1001179188.93
2021-10-08,16.96,17.96,16.8,17.7,16.7,108213983,1875181119.67
2021-10-11,17.71,18.07,17.31,17.75,17.7,82867298,1469892767.11
2021-10-12,17.7,18.4,17.51,18.11,17.75,118309834,2145621920.74
2021-10-13,18.12,18.84,17.97,18.5,18.11,119681348,2225406270.59
2021-10-14,18.35,18.69,18.01,18.21,18.5,79752752,1455993132.53
2021-10-15,18.13,18.65,17.9,18.23,18.21,80776874,1479125125.12
2021-10-18,18.35,19.0,18.08,18.29,18.23,98416676,1822013402.95
2021-10-19,18.29,18.6,18.03,18.11,18.29,70442740,1281022307.43
2021-10-20,18.02,19.8,17.98,19.49,18.11,233098288,4440328980.44
2021-10-21,19.5,19.55,18.81,19.06,19.49,118529547,2265783083.88
2021-10-22,19.1,19.76,18.91,19.5,19.06,146986198,2860030625.45
2021-10-25,19.28,20.12,19.19,19.94,19.5,155422735,3067626284.87
2021-10-26,20.41,20.85,19.39,19.52,19.94,177382470,3563784490.17
2021-10-27,19.2,19.97,19.2,19.75,19.52,116490905,2294378093.58
2021-10-28,19.5,19.54,18.65,18.75,19.75,116228937,2216245059.31
2021-10-29,19.0,19.5,18.44,19.5,18.75,99692668,1895123506.99
2021-11-01,20.09,20.99,19.7,20.54,19.5,251212529,5161404811.55
2021-11-02,20.58,20.81,20.0,20.27,20.54,142494917,2904961233.99
2021-11-03,20.25,20.27,19.63,19.89,20.27,100477226,2004019623.94
2021-11-04,20.05,20.99,20.05,20.82,19.89,186268352,3852215160.95
2021-11-05,20.82,21.57,20.52,20.8,20.82,156525779,3292718019.6
2021-11-08,21.0,21.23,20.51,20.95,20.8,119657268,2498872486.41
2021-11-09,21.0,21.15,20.7,20.85,20.95,73663047,1537505944.0
2021-11-10,20.7,21.05,20.22,20.52,20.85,83107955,1706878236.56
2021-11-11,20.41,21.11,20.27,20.91,20.52,107548085,2238161075.94
2021-11-12,20.99,21.88,20.86,21.66,20.91,171022725,3667477185.86
2021-11-15,21.6,21.8,19.87,20.09,21.66,171543998,3513215677.43
2021-11-16,19.68,19.68,18.15,18.27,20.09,249841814,4664098534.38
2021-11-17,18.29,18.63,18.03,18.2,18.27,176534670,3219164388.46
2021-11-18,18.0,18.1,17.57,18.06,18.2,147299767,2627687850.76
2021-11-19,17.96,18.33,17.57,18.21,18.06,165775714,2973939085.11
2021-11-22,18.15,18.65,18.0,18.47,18.21,161146947,2966192688.69
2021-11-23,18.46,18.46,17.85,18.01,18.47,189625846,3416270081.63
2021-11-24,17.85,17.95,17.53,17.58,18.01,141499106,2498678817.43
2021-11-25,17.4,17.48,17.11,17.33,17.58,129267714,2233891457.73
2021-11-26,17.4,17.58,17.21,17.37,17.33,111783783,1943232598.92
2021-11-29,17.01,17.48,16.8,17.39,17.37,89486939,1542910485.33
2021-11-30,17.46,17.77,17.35,17.37,17.39,96076731,1684244132.95
2021-12-01,17.4,17.46,17.15,17.29,17.37,78670449,1356577364.22
2021-12-02,17.3,17.62,17.22,17.51,17.29,92055225,1609076431.92
2021-12-03,17.48,17.52,17.18,17.35,17.51,82633107,1429463283.3
2021-12-06,17.25,17.37,17.15,17.22,17.35,65623698,1131603545.08
2021-12-07,17.27,17.46,17.18,17.35,17.22,72800919,1259209126.48
2021-12-08,17.35,17.58,17.21,17.57,17.35,91287245,1584671252.22
2021-12-09,17.6,17.99,17.5,17.86,17.57,145047345,2584382612.56
2021-12-10,17.62,18.12,17.6,18.05,17.86,114389829,2055827314.88
2021-12-13,18.13,18.24,17.75,17.87,18.05,106193489,1903691694.49
2021-12-14,17.74,17.8,17.35,17.38,17.87,99689284,1737898550.12
2021-12-15,17.37,17.5,17.2,17.31,17.38,61227021,1060754497.39
2021-12-16,17.29,17.37,17.13,17.36,17.31,60709187,1046116324.82
2021-12-17,17.3,17.3,17.16,17.17,17.36,53418260,918542891.64
2021-12-20,16.65,16.65,15.91,15.95,17.17,193631620,3134601647.06
2021-12-21,15.95,16.18,15.9,15.98,15.95,80822203,1294222381.42
2021-12-22,16.07,16.24,16.01,16.06,15.98,57806231,929826027.48
2021-12-23,16.13,16.16,15.95,16.06,16.06,59588780,955364366.77
2021-12-24,16.12,16.14,15.3,15.39,16.06,117325893,1826746400.34
2021-12-27,15.3,15.46,14.8,15.12,15.39,85411864,1290471408.02
2021-12-28,15.2,15.52,15.08,15.49,15.12,68491282,1047284059.99
2021-12-29,15.5,15.54,15.15,15.2,15.49,57499982,877239947.93
2021-12-30,15.15,15.35,15.08,15.16,15.2,48092583,731744967.1
2021-12-31,15.25,15.35,15.13,15.19,15.16,43720468,663772003.08
2022-01-04,15.24,15.48,15.2,15.39,15.19,69936092,1071375512.74
2022-01-05,15.38,15.38,15.02,15.11,15.39,60234827,910117188.11
2022-01-06,15.0,15.02,14.4,14.57,15.11,119686712,1749748549.85
2022-01-07,14.5,14.75,14.42,14.47,14.57,69831072,1014725970.33
2022-01-10,14.45,14.54,14.01,14.51,14.47,95924514,1369438585.07
2022-01-11,14.4,14.5,14.08,14.13,14.51,80292316,1144287960.99
2022-01-12,14.3,14.5,14.21,14.39,14.13,99253274,1425871295.03
2022-01-13,14.4,14.54,14.28,14.29,14.39,71910980,1035118276.97
2022-01-14,14.08,14.15,14.01,14.03,14.29,68890323,968545422.55
2022-01-17,14.03,14.25,13.84,14.21,14.03,57861645,818657325.07
2022-01-18,14.21,14.35,14.11,14.21,14.21,54489601,775405868.38
2022-01-19,14.2,14.3,13.73,13.87,14.21,92697091,1294203278.94
2022-01-20,13.85,13.95,13.66,13.73,13.87,56917388,783395737.0
2022-01-21,13.7,13.78,13.46,13.48,13.73,54500190,739796214.77
2022-01-24,13.38,13.64,13.23,13.54,13.48,54675371,736732593.69
2022-01-25,13.47,13.9,13.03,13.06,13.54,81702059,1093804832.08
2022-01-26,13.06,13.3,12.94,13.2,13.06,64408582,847584656.3
2022-01-27,13.2,13.23,12.8,12.82,13.2,55463321,721255599.58
2022-01-28,12.82,12.94,12.54,12.78,12.82,59261232,757177545.35
2022-02-07,13.14,13.42,12.95,12.98,12.78,75560470,991110086.01
2022-02-08,12.95,13.08,12.81,13.04,12.98,56783571,735986606.6
2022-02-09,13.05,13.34,12.98,13.28,13.04,70629642,933264253.72
2022-02-10,13.29,13.45,13.13,13.19,13.28,50083959,661694931.2
2022-02-11,13.11,13.13,12.84,12.87,13.19,54379958,705631377.53
2022-02-14,12.79,12.79,12.37,12.47,12.87,76165006,956207715.4
2022-02-15,12.49,12.98,12.49,12.94,12.47,101243255,1300432952.61
2022-02-16,13.09,13.28,13.0,13.08,12.94,85262370,1120868394.4
2022-02-17,13.12,13.15,12.9,13.03,13.08,52899979,689026544.86
2022-02-18,12.9,13.08,12.81,13.07,13.03,42986895,556757343.59
2022-02-21,13.03,13.15,13.0,13.08,13.07,36529648,477665453.55
2022-02-22,13.0,13.0,12.81,12.9,13.08,45567214,587131292.17
2022-02-23,12.9,13.32,12.9,13.28,12.9,90962078,1199485034.45
2022-02-24,13.15,13.35,12.7,12.82,13.28,106253805,1379654815.82
2022-02-25,12.91,13.35,12.91,13.1,12.82,95255502,1251648344.78
2022-02-28,13.1,13.11,12.81,12.94,13.1,56889092,735327792.0
2022-03-01,13.09,13.44,13.08,13.27,12.94,117060782,1553718864.0
2022-03-02,13.0,13.17,13.0,13.08,13.27,77310657,1009461344.0
2022-03-03,13.14,13.15,12.86,12.9,13.08,74118197,958506848.0
2022-03-04,12.78,12.79,12.5,12.6,12.9,96131663,1211062800.0
2022-03-07,12.56,12.56,12.13,12.19,12.6,70097098,856786720.0
2022-03-08,12.14,12.27,11.5,11.55,12.19,90096954,1060812816.0
2022-03-09,11.56,11.65,10.54,11.19,11.55,127243460,1413853168.0
2022-03-10,11.5,11.55,11.26,11.28,11.19,72849562,827467552.0
2022-03-11,11.0,11.46,10.93,11.44,11.28,81853460,919872944.0
2022-03-14,11.35,11.57,11.25,11.3,11.44,65707626,751162128.0
2022-03-15,11.25,11.34,10.61,10.64,11.3,82180386,902083744.0
2022-03-16,10.8,11.11,10.33,11.05,10.64,97394862,1049041568.0
2022-03-17,11.2,11.45,11.15,11.23,11.05,89430621,1009378000.0
2022-03-18,11.15,11.42,11.12,11.4,11.23,68410922,774615766.43
2022-03-21,11.55,11.75,11.31,11.43,11.4,90620818,1044349041.09
2022-03-22,11.32,11.57,11.28,11.51,11.43,59050271,677600842.61
2022-03-23,11.55,11.63,11.45,11.52,11.51,54582639,629020093.17
2022-03-24,11.41,11.5,11.3,11.4,11.52,46860104,534998132.27
2022-03-25,11.45,11.45,11.18,11.19,11.4,46311816,522306978.69
2022-03-28,11.11,11.41,10.95,11.21,11.19,57679954,644193045.82
2022-03-29,11.23,11.34,11.01,11.05,11.21,41388449,461938335.61
2022-03-30,11.2,11.48,11.1,11.45,11.05,81969541,933643233.26
2022-03-31,11.42,11.51,11.32,11.33,11.45,48563730,552804124.52
2022-04-01,11.33,11.44,11.21,11.38,11.33,38124332,432588386.09
2022-04-06,11.38,11.4,11.17,11.23,11.38,50633405,570707507.18
2022-04-07,11.19,11.23,10.92,10.93,11.23,48783156,539408508.92
2022-04-08,10.93,11.0,10.61,10.99,10.93,52642566,570592144.09
2022-04-11,10.9,10.94,10.2,10.26,10.99,91421375,955621098.59
2022-04-12,10.14,10.35,10.01,10.32,10.26,64822727,659769017.06
2022-04-13,10.24,10.48,10.13,10.27,10.32,51504514,530796512.77
2022-04-14,10.52,10.74,10.43,10.49,10.27,65550063,691689542.5
2022-04-15,10.34,10.47,10.23,10.39,10.49,45170814,467487154.18
2022-04-18,10.44,10.65,10.32,10.62,10.39,60801712,640514794.58
2022-04-19,10.65,10.9,10.56,10.64,10.62,57448146,614121081.51
2022-04-20,10.68,11.35,10.65,11.0,10.64,135481353,1499048385.44
2022-04-21,10.8,10.89,10.25,10.28,11.0,106741283,1122931948.75
2022-04-22,10.28,10.45,10.09,10.33,10.28,50958598,525512899.65
2022-04-25,10.13,10.15,9.4,9.42,10.33,92826110,912326196.27
2022-04-26,9.47,9.6,9.0,9.05,9.42,81942344,758505174.12
2022-04-27,8.8,9.25,8.55,9.16,9.05,95894885,850785777.86
2022-04-28,9.22,9.66,9.12,9.52,9.16,100265773,945560169.4
2022-04-29,10.47,10.47,10.47,10.47,9.52,29872748,312767671.56
2022-05-05,11.3,11.52,11.07,11.52,10.47,111596705,1268369644.19
2022-05-06,11.9,12.34,11.62,11.78,11.52,354777552,4247638138.18
2022-05-09,11.78,11.99,11.2,11.38,11.78,214409146,2474558262.56
2022-05-10,11.07,11.42,10.67,11.28,11.38,185827940,2059471257.86
2022-05-11,11.25,12.41,11.22,12.23,11.28,346335936,4132146986.51
2022-05-12,11.88,12.2,11.74,11.96,12.23,240165443,2867413072.65
2022-05-13,11.96,13.16,11.84,13.16,11.96,386938688,4886107632.72
2022-05-16,13.22,13.33,12.8,12.89,13.16,323104656,4195912903.47
2022-05-17,12.77,13.98,12.75,13.51,12.89,359491296,4840886866.67
2022-05-18,13.51,14.46,13.11,13.37,13.51,394904816,5460881058.13
2022-05-19,13.07,13.89,12.99,13.81,13.37,329268816,4464683022.23
2022-05-20,13.65,13.77,13.35,13.49,13.81,247088787,3342778151.03
2022-05-23,13.49,13.97,13.32,13.71,13.49,248855994,3394023596.13
2022-05-24,14.07,14.9,14.0,14.08,13.71,413036112,5962842378.13
2022-05-25,13.85,14.84,13.5,14.54,14.08,339669680,4816627347.82
2022-05-26,14.3,14.38,13.9,14.11,14.54,191619131,2708203267.1
2022-05-27,14.22,14.6,13.86,14.15,14.11,178125644,2532129104.65
2022-05-30,14.31,14.38,13.9,14.14,14.15,157092716,2223215762.13
2022-05-31,14.06,14.07,13.61,13.95,14.14,189228981,2621740418.98
2022-06-01,14.3,14.85,14.25,14.52,13.95,293046496,4245723984.63
2022-06-02,14.24,15.88,14.2,15.51,14.52,365584608,5568282376.9
2022-06-06,15.42,15.98,15.2,15.66,15.51,294193728,4578256897.28
2022-06-07,15.45,15.48,14.98,15.28,15.66,191329076,2911673262.28
2022-06-08,15.27,15.8,15.1,15.69,15.28,225494682,3489634640.29
2022-06-09,15.55,15.55,15.04,15.1,15.69,146771292,2230526424.97
2022-06-10,14.9,15.8,14.84,15.6,15.1,187655832,2895508530.84
2022-06-13,15.5,17.15,15.39,16.99,15.6,369601088,6177845574.41
2022-06-14,16.67,18.69,16.61,18.69,16.99,424918400,7488058785.49
2022-06-15,18.9,20.0,18.62,18.62,18.69,472790032,9067054026.79
2022-06-16,18.62,19.3,18.39,18.58,18.62,297089664,5601198760.8
2022-06-17,18.5,19.0,18.16,18.92,18.58,246306039,4609731040.4
2022-06-20,19.5,19.75,18.84,19.14,18.92,262930335,5064239424.61
2022-06-21,18.8,20.3,18.78,20.2,19.14,336387568,6578856670.32
2022-06-22,20.22,20.48,19.7,19.75,20.2,261972099,5236024698.01
2022-06-23,20.0,21.73,19.8,21.73,19.75,351267936,7302951570.74
2022-06-24,21.95,22.88,21.32,22.35,21.73,350456864,7700924089.5
2022-06-27,17.5,18.71,16.71,18.5,17.01,575392880,10273950485.19
2022-06-28,18.13,20.35,18.11,20.35,18.5,588658624,11490120440.49
2022-06-29,20.56,21.43,18.32,18.32,20.35,849254768,16461642050.3
2022-06-30,17.3,18.44,16.86,17.32,18.32,711225696,12490196629.5
2022-07-01,17.1,18.5,16.48,18.14,17.32,705488336,12332837640.73
2022-07-04,17.83,18.4,17.26,17.89,18.14,449427536,8034956540.0
2022-07-05,17.7,18.18,16.94,17.17,17.89,452505216,7901823736.05
2022-07-06,16.9,17.78,16.82,17.56,17.17,388184224,6760693363.63
2022-07-07,17.46,19.09,17.36,18.99,17.56,637864960,11616979952.5
2022-07-08,18.63,18.72,17.81,17.83,18.99,437461408,7957874214.2
2022-07-11,17.52,17.66,17.0,17.33,17.83,276282603,4763467570.76
2022-07-12,17.33,17.59,16.24,16.55,17.33,386430251,6517249904.29
2022-07-13,16.55,17.18,16.34,16.97,16.55,272137974,4587320781.12
2022-07-14,16.65,17.31,16.6,17.0,16.97,231197525,3933552380.28
2022-07-15,17.1,18.65,17.1,17.93,17.0,502394817,9159426008.44
2022-07-18,18.1,18.38,17.65,17.79,17.93,324243642,5824770183.65
2022-07-19,17.81,18.35,17.42,17.94,17.79,276608274,4963099662.99
2022-07-20,17.81,17.85,17.36,17.57,17.94,220301869,3875752225.14
2022-07-21,17.5,17.5,16.86,17.1,17.57,204824339,3515116233.04
2022-07-22,17.2,17.88,17.18,17.59,17.1,253468062,4464747664.32
2022-07-25,17.3,17.3,16.38,16.86,17.59,262664938,4417065246.53
2022-07-26,17.08,17.58,17.05,17.13,16.86,209378447,3617983978.6
2022-07-27,17.0,17.55,16.78,17.35,17.13,210306495,3629933548.75
2022-07-28,17.47,18.31,17.21,17.8,17.35,333534226,5942253725.08
2022-07-29,17.8,18.51,17.61,18.34,17.8,381485655,6935122329.63
2022-08-01,18.4,20.1,18.01,20.1,18.34,515463044,9929775485.3
2022-08-02,19.66,20.59,19.0,19.93,20.1,486934323,9638676601.62
2022-08-03,20.06,20.88,18.22,18.57,19.93,536424435,10554253017.77
2022-08-04,18.55,18.76,17.55,18.2,18.57,335743764,6047075097.85
2022-08-05,18.23,18.24,17.28,17.76,18.2,270849364,4808280764.17
2022-08-08,17.57,18.11,17.3,18.08,17.76,189556181,3390369423.22
2022-08-09,18.1,18.23,17.4,17.48,18.08,277320921,4914961596.08
2022-08-10,17.5,17.79,17.15,17.38,17.48,229286943,3996442169.99
2022-08-11,17.2,17.72,16.86,17.49,17.38,299577715,5156533864.12
2022-08-12,17.33,17.35,17.02,17.04,17.49,174155292,2977719127.04
2022-08-15,16.92,17.28,16.77,16.94,17.04,180282653,3071565867.08
2022-08-16,17.0,17.45,16.86,17.25,16.94,220043801,3794886626.43
2022-08-17,17.15,17.55,16.88,17.46,17.25,280741641,4840039169.49
2022-08-18,17.5,17.5,16.91,17.04,17.46,230661279,3954377138.29
2022-08-19,16.89,16.89,16.35,16.42,17.04,271763202,4509524248.83
2022-08-22,16.35,17.25,15.87,16.87,16.42,285314513,4761674907.95
2022-08-23,16.67,16.97,16.28,16.39,16.87,207675148,3418011944.9
2022-08-24,16.33,16.35,15.12,15.17,16.39,390953976,6097556712.97
2022-08-25,15.23,15.4,14.9,15.18,15.17,214304040,3245234061.08
2022-08-26,15.39,15.49,15.1,15.18,15.18,157974727,2407731036.35
2022-08-29,14.8,15.28,14.7,15.16,15.18,119255358,1794337616.21
2022-08-30,15.16,15.65,15.07,15.35,15.16,173409052,2667996595.06
2022-08-31,15.02,15.2,14.46,14.52,15.35,205679346,3042698557.49
2022-09-01,14.54,14.7,14.36,14.41,14.52,137019320,1989252163.37
2022-09-02,14.56,14.63,14.26,14.4,14.41,118263425,1704269059.68
2022-09-05,14.22,14.39,14.0,14.08,14.4,197006282,2785630408.47
2022-09-06,14.23,14.59,14.15,14.55,14.08,215621957,3099105364.55
2022-09-07,14.46,14.62,14.27,14.29,14.55,190944838,2751867784.96
2022-09-08,14.37,14.52,14.11,14.13,14.29,155797058,2229179917.56
2022-09-09,14.15,14.21,13.9,14.11,14.13,116928853,1643497746.92
2022-09-13,14.22,14.58,14.11,14.39,14.11,206184767,2962809463.86
2022-09-14,14.15,14.32,13.86,14.14,14.39,166271056,2344665473.3
2022-09-15,14.19,14.24,13.18,13.41,14.14,288336484,3902181599.26
2022-09-16,13.22,13.6,13.12,13.13,13.41,157270050,2098207301.7
2022-09-19,13.2,13.64,13.17,13.4,13.13,191366100,2572294951.16
2022-09-20,13.6,13.92,13.46,13.51,13.4,182394914,2492725630.99
2022-09-21,13.38,13.96,13.21,13.76,13.51,218615688,2980095503.53
2022-09-22,13.55,13.72,13.35,13.38,13.76,155478268,2094484780.07
2022-09-23,13.33,13.56,12.92,13.24,13.38,151081631,1989323758.92
2022-09-26,13.24,13.53,13.13,13.29,13.24,145465831,1945990204.56
2022-09-27,13.42,13.52,13.08,13.48,13.29,146614925,1946233481.5
2022-09-28,13.46,13.47,12.78,12.78,13.48,153334004,2001567290.01
2022-09-29,12.95,13.23,12.66,12.94,12.78,153522630,1990162103.52
2022-09-30,12.8,12.96,12.42,12.56,12.94,129860842,1639371223.47
2022-10-10,12.48,12.48,12.0,12.02,12.56,140543062,1711573222.95
2022-10-11,12.15,12.22,11.91,12.16,12.02,93201702,1127160361.2
2022-10-12,12.18,12.93,12.04,12.92,12.16,206547633,2574252927.95
2022-10-13,12.79,13.05,12.68,12.76,12.92,164455140,2114397837.36
2022-10-14,12.99,13.39,12.82,13.17,12.76,199750809,2616485251.71
2022-10-17,13.0,13.1,12.66,12.92,13.17,175773905,2260538786.48
2022-10-18,13.22,13.31,12.72,12.75,12.92,190942015,2480791592.94
2022-10-19,12.6,12.88,12.51,12.51,12.75,126963513,1606955089.91
2022-10-20,12.37,12.57,12.08,12.35,12.51,144935781,1781493215.14
2022-10-21,12.35,12.4,12.13,12.18,12.35,93778567,1149651187.88
2022-10-24,12.24,12.51,11.81,11.96,12.18,141210239,1715194278.87
2022-10-25,11.9,12.25,11.59,12.09,11.96,138408416,1655124575.69
2022-10-26,12.13,12.31,11.9,12.02,12.09,155401524,1882974590.11
2022-10-27,12.0,12.3,11.92,11.95,12.02,173680492,2101389812.83
2022-10-28,11.8,11.8,11.21,11.29,11.95,174751202,2003567428.11
2022-10-31,11.19,11.46,11.1,11.29,11.29,121131420,1369023566.38
2022-11-01,11.33,11.68,11.24,11.68,11.29,166501247,1910921002.06
2022-11-02,11.58,12.57,11.52,12.36,11.68,319242073,3877923823.82
2022-11-03,12.1,12.51,12.05,12.18,12.36,190837333,2341385941.65
2022-11-04,12.17,12.95,12.17,12.8,12.18,309469641,3918140472.3
2022-11-07,12.79,12.94,12.58,12.77,12.8,185055496,2359959713.09
2022-11-08,12.71,12.81,12.43,12.59,12.77,141134313,1771946924.19
2022-11-09,12.61,12.69,12.41,12.45,12.59,103040704,1291584642.88
2022-11-10,12.31,12.35,12.1,12.21,12.45,116453149,1421940901.19
2022-11-11,12.65,12.75,12.3,12.44,12.21,173753329,2167635745.22
2022-11-14,12.36,12.53,12.15,12.21,12.44,122856289,1515400725.98
2022-11-15,12.19,12.61,12.07,12.58,12.21,156989469,1948637011.18
2022-11-16,12.59,12.74,12.27,12.32,12.58,148014593,1843874812.01
2022-11-17,12.22,12.22,11.9,12.04,12.32,150366309,1807074829.07
2022-11-18,12.06,12.17,11.82,11.83,12.04,126191364,1511840970.0
2022-11-21,11.71,12.12,11.5,12.06,11.83,116149260,1380793710.71
2022-11-22,12.0,12.15,11.88,11.94,12.06,82153038,983804627.7
2022-11-23,11.97,11.99,11.78,11.92,11.94,70821689,841358075.86
2022-11-24,12.0,12.19,11.84,12.13,11.92,138136432,1661517539.1
2022-11-25,12.02,12.02,11.8,11.81,12.13,109394980,1299125550.0
2022-11-28,11.6,11.69,11.4,11.63,11.81,87917275,1015050450.71
2022-11-29,11.63,12.4,11.6,12.23,11.63,238024527,2873728473.56
2022-11-30,12.25,13.45,12.24,13.45,12.23,407698382,5298726681.13
2022-12-01,14.01,14.31,13.67,13.75,13.45,597219424,8330247560.9
2022-12-02,13.71,13.99,13.47,13.58,13.75,314876329,4314362845.94
2022-12-05,13.79,13.95,13.48,13.79,13.58,292878541,4027007049.51
2022-12-06,13.58,14.25,13.32,13.95,13.79,357798786,4974925210.74
2022-12-07,14.2,14.58,13.95,14.04,13.95,355948734,5070870530.69
2022-12-08,13.9,14.21,13.8,13.85,14.04,206281734,2879757728.27
2022-12-09,13.8,14.05,13.71,13.9,13.85,165501871,2292341133.7
2022-12-12,13.69,13.84,13.38,13.4,13.9,197826357,2682448989.95
2022-12-13,13.43,13.84,13.43,13.51,13.4,158584022,2160882074.63
2022-12-14,13.41,13.55,13.18,13.24,13.51,148684287,1978714996.81
2022-12-15,13.45,13.72,13.23,13.57,13.24,222295184,3001528694.48
2022-12-16,13.39,13.75,13.32,13.49,13.57,128338648,1733133086.13
2022-12-19,13.68,13.92,13.32,13.46,13.49,215832604,2944586643.08
2022-12-20,13.3,13.43,12.96,13.17,13.46,161680015,2131887375.27
2022-12-21,13.15,13.38,12.73,12.84,13.17,146821706,1906756256.62
2022-12-22,13.0,13.7,12.79,13.3,12.84,257170715,3405067303.45
2022-12-23,13.11,13.15,12.73,12.81,13.3,145008023,1871852376.46
2022-12-26,12.73,13.14,12.6,13.06,12.81,122612208,1586989193.52
2022-12-27,13.03,13.12,12.75,13.09,13.06,124584938,1613615085.95
2022-12-28,12.81,12.86,12.27,12.36,13.09,220060639,2744626799.53
2022-12-29,12.27,12.57,12.16,12.29,12.36,124305850,1533075235.49
2022-12-30,12.5,12.68,12.27,12.31,12.29,137598284,1716596619.69
2023-01-03,12.15,12.38,11.98,12.34,12.31,142196728,1731463486.03
2023-01-04,12.15,12.32,12.11,12.23,12.34,94080317,1147880239.54
2023-01-05,12.38,12.64,12.28,12.49,12.23,182929726,2279907190.5
2023-01-06,12.39,12.85,12.38,12.51,12.49,162008303,2041664066.3
2023-01-09,12.41,12.76,12.4,12.5,12.51,163382639,2053975277.42
2023-01-10,12.59,13.42,12.4,13.36,12.5,371817128,4829399962.58
2023-01-11,13.1,13.28,13.0,13.06,13.36,223105670,2926834037.83
2023-01-12,13.11,13.39,13.04,13.13,13.06,169905585,2239356402.05
2023-01-13,13.14,13.42,13.09,13.23,13.13,163824737,2165952092.91
2023-01-16,13.23,13.29,13.03,13.15,13.23,148091782,1946519795.15
2023-01-17,13.15,13.25,13.06,13.1,13.15,88352385,1161030073.1
2023-01-18,13.15,13.53,13.15,13.22,13.1,153516618,2042911919.66
2023-01-19,13.11,13.25,13.01,13.22,13.22,106006618,1394032203.13
2023-01-20,13.22,13.57,13.2,13.54,13.22,181438078,2435248657.33
2023-01-30,14.21,14.35,13.86,13.95,13.54,311282433,4389682559.69
2023-01-31,13.96,14.34,13.91,14.13,13.95,234692087,3315468767.35
2023-02-01,14.16,14.82,14.09,14.79,14.13,322293681,4675622978.36
2023-02-02,14.65,14.85,14.46,14.47,14.79,238074120,3478394743.14
2023-02-03,14.49,14.58,13.9,14.13,14.47,209671776,2970486493.91
2023-02-06,14.0,14.14,13.8,13.85,14.13,139066770,1938195121.96
2023-02-07,13.96,14.04,13.85,13.99,13.85,101514131,1415543384.02
2023-02-08,13.98,13.98,13.72,13.72,13.99,111791018,1544391579.17
2023-02-09,13.65,13.9,13.6,13.86,13.72,100361231,1387665949.31
2023-02-10,13.85,13.86,13.6,13.67,13.86,97365853,1333874282.01
2023-02-13,13.6,13.89,13.54,13.79,13.67,109343149,1503627293.28
2023-02-14,13.8,13.96,13.71,13.84,13.79,112349360,1552439667.13
2023-02-15,13.9,13.95,13.61,13.65,13.84,135040111,1860904631.74
2023-02-16,13.62,13.86,13.31,13.46,13.65,153996486,2099735137.67
2023-02-17,13.4,13.54,13.2,13.25,13.46,108985619,1456821926.84
2023-02-20,13.3,13.46,13.17,13.44,13.25,92766521,1236545889.29
2023-02-21,13.46,13.88,13.39,13.77,13.44,175067104,2399729200.9
2023-02-22,13.64,13.73,13.55,13.68,13.77,86882050,1183331886.7
2023-02-23,13.63,13.92,13.62,13.78,13.68,128918663,1779481922.39
2023-02-24,13.7,13.76,13.37,13.46,13.78,118673703,1602501570.32
2023-02-27,13.35,13.45,13.24,13.28,13.46,73916565,984755730.42
2023-02-28,13.33,13.42,13.23,13.42,13.28,65798577,877293916.02
2023-03-01,13.39,13.66,13.32,13.58,13.42,100825000,1365444074.69
2023-03-02,13.58,13.65,13.45,13.46,13.58,71008820,960890543.91
2023-03-03,13.43,13.5,13.3,13.36,13.46,66374519,887733629.45
2023-03-06,13.32,13.45,13.11,13.42,13.36,80936850,1075748482.26
2023-03-07,13.39,13.55,13.16,13.17,13.42,93613386,1251942663.82
2023-03-08,13.14,13.14,13.01,13.07,13.17,63383330,827874353.47
2023-03-09,13.07,13.14,12.96,13.0,13.07,62006867,809645488.5
2023-03-10,12.84,12.84,12.27,12.28,13.0,198796897,2466862640.6
2023-03-13,12.01,12.05,11.61,11.85,12.28,181565198,2145777637.8
2023-03-14,11.8,11.83,11.32,11.63,11.85,165344632,1916040585.86
2023-03-15,11.68,11.76,11.53,11.56,11.63,107703003,1253283276.06
2023-03-16,11.48,11.66,11.34,11.35,11.56,101375489,1161291787.44
2023-03-17,11.45,11.64,11.37,11.48,11.35,97755788,1124131998.82
2023-03-20,11.46,11.59,11.34,11.43,11.48,80400446,921719848.25
2023-03-21,11.48,11.73,11.4,11.73,11.43,113915655,1323061376.8
2023-03-22,11.8,11.95,11.66,11.73,11.73,110283144,1302686115.5
2023-03-23,11.62,11.81,11.55,11.8,11.73,70981561,831975298.49
2023-03-24,11.81,11.85,11.72,11.77,11.8,63506941,748421885.5
2023-03-27,11.75,11.84,11.63,11.78,11.77,64529287,757805055.89
2023-03-28,11.79,12.0,11.77,11.87,11.78,92731128,1102396104.67
2023-03-29,11.9,12.02,11.7,11.71,11.87,75880651,897959154.03
2023-03-30,11.74,11.99,11.59,11.93,11.71,108458201,1283224345.88
2023-03-31,11.89,12.07,11.86,11.92,11.93,88448595,1056540040.63
2023-04-03,11.92,12.09,11.75,12.02,11.92,101684069,1211497427.64
2023-04-04,12.0,12.0,11.76,11.94,12.02,111059025,1319844326.89
2023-04-06,11.84,11.9,11.71,11.77,11.94,69017926,813704995.92
2023-04-07,11.72,11.97,11.72,11.84,11.77,64773494,768859555.04
2023-04-10,11.98,12.1,11.84,11.87,11.84,88847407,1060194475.16
2023-04-11,11.83,11.93,11.76,11.86,11.87,60072086,710356266.49
2023-04-12,11.87,11.88,11.65,11.7,11.86,68446312,802872883.96
2023-04-13,11.63,11.78,11.51,11.6,11.7,68023058,792213935.91
2023-04-14,11.65,12.15,11.65,11.95,11.6,183498827,2199293126.55
2023-04-17,11.94,12.26,11.9,12.18,11.95,130060638,1578890851.29
2023-04-18,12.19,12.34,12.08,12.1,12.18,97842187,1190084724.06
2023-04-19,12.1,12.12,11.85,11.91,12.1,74839789,893273384.12
2023-04-20,11.83,11.83,11.6,11.65,11.91,89835443,1048632756.58
2023-04-21,11.6,11.73,11.25,11.26,11.65,114870751,1314701703.62
2023-04-24,11.24,11.56,11.01,11.34,11.26,99567123,1126756069.91
2023-04-25,11.28,11.29,10.89,10.99,11.34,95632421,1053913285.74
2023-04-26,10.95,11.3,10.88,11.17,10.99,68096704,759153447.42
2023-04-27,11.16,11.34,11.12,11.19,11.17,66871625,751845467.37
2023-04-28,11.7,12.0,11.62,11.91,11.19,197571376,2338841614.13
2023-05-04,11.84,12.12,11.77,12.0,11.91,118188775,1417736104.83
2023-05-05,12.02,12.05,11.7,11.8,12.0,76390213,903707562.84
2023-05-08,11.93,12.17,11.89,11.95,11.8,89633047,1074997754.14
2023-05-09,11.9,12.1,11.8,11.92,11.95,102201918,1220675465.84
2023-05-10,11.96,13.0,11.91,12.68,11.92,292235229,3605379251.11
2023-05-11,12.68,12.78,12.34,12.35,12.68,201902902,2520074303.67
2023-05-12,12.28,12.44,12.05,12.08,12.35,107142464,1306301973.29
2023-05-15,12.07,12.38,12.03,12.36,12.08,106628850,1304477651.55
2023-05-16,12.4,12.44,12.06,12.09,12.36,86734920,1057265737.74
2023-05-17,12.09,12.2,11.91,12.07,12.09,62722948,755961776.19
2023-05-18,12.13,12.18,11.75,11.95,12.07,79990651,957272516.37
2023-05-19,11.86,11.97,11.74,11.85,11.95,61674372,731875768.23
2023-05-22,11.94,12.3,11.87,12.21,11.85,123730536,1501222830.66
2023-05-23,12.18,12.46,12.12,12.13,12.21,111672298,1372934268.99
2023-05-24,12.02,12.19,11.93,11.96,12.13,66995423,806915917.32
2023-05-25,11.88,12.09,11.76,12.03,11.96,86540715,1029879198.99
2023-05-26,12.07,12.38,11.8,12.26,12.03,142757884,1732367251.76
2023-05-29,12.19,12.22,11.92,11.98,12.26,78536733,943259204.88
2023-05-30,11.93,12.34,11.9,12.15,11.98,108408519,1317800795.45
2023-05-31,12.08,12.13,11.86,11.95,12.15,88150150,1054504716.34
2023-06-01,11.9,12.03,11.8,11.87,11.95,79957493,952443169.92
2023-06-02,11.88,12.25,11.88,12.18,11.87,132265732,1600583393.2
2023-06-05,12.15,12.17,11.9,12.04,12.18,127324979,1525293672.43
2023-06-06,11.94,12.01,11.81,11.86,12.04,86810366,1030884302.25
2023-06-07,11.82,11.84,11.42,11.53,11.86,106182059,1228015232.36
2023-06-08,11.61,11.66,11.41,11.63,11.53,57846896,667989224.05
2023-06-09,11.89,12.09,11.84,12.07,11.63,161116998,1932663715.78
2023-06-12,12.0,12.28,11.93,12.15,12.07,129697050,1577468170.38
2023-06-13,12.13,12.3,12.06,12.21,12.15,99147184,1206664758.7
2023-06-14,12.2,12.34,12.15,12.21,12.21,88151478,1079927889.47
2023-06-15,12.15,12.73,12.09,12.51,12.21,193093023,2418518796.1
2023-06-16,12.73,12.88,12.5,12.55,12.51,131646866,1662107607.53
2023-06-19,12.54,12.78,12.46,12.58,12.55,105819666,1333917731.11
2023-06-20,12.51,12.66,12.36,12.58,12.58,97059633,1217031957.1
2023-06-21,12.57,12.7,12.4,12.42,12.58,99977532,1252851517.38
2023-06-26,12.67,13.49,12.58,12.85,12.42,380417165,4972670365.88
2023-06-27,12.73,13.03,12.4,12.8,12.85,223234362,2827498164.05
2023-06-28,12.76,13.28,12.72,13.06,12.8,229699603,3004346548.41
2023-06-29,13.05,13.24,12.87,12.92,13.06,144426721,1882816216.76
2023-06-30,12.82,13.06,12.72,12.93,12.92,109189617,1410443794.19
2023-07-03,13.17,13.85,13.11,13.83,12.93,374707207,5078968094.86
2023-07-04,13.85,14.58,13.67,14.43,13.83,461692743,6561053413.86
2023-07-05,14.42,14.55,14.07,14.08,14.43,269272731,3842785617.27
2023-07-06,14.0,14.23,13.9,14.05,14.08,183793060,2586693080.56
2023-07-07,13.88,14.12,13.8,13.83,14.05,158227168,2199809958.37
2023-07-10,13.84,14.17,13.55,13.67,13.83,144866950,1993546173.32
2023-07-11,13.66,14.41,13.57,14.29,13.67,243399849,3431641596.41
2023-07-12,14.26,14.9,14.04,14.12,14.05,359359821,5175726821.11
2023-07-13,13.99,14.29,13.83,13.95,14.12,194497500,2722120755.97
2023-07-14,13.85,14.05,13.63,13.83,13.95,136290326,1889507206.21
2023-07-17,13.75,13.83,13.5,13.66,13.83,108303021,1473584915.14
2023-07-18,13.66,14.15,13.21,13.87,13.66,210877934,2893833806.3
2023-07-19,13.71,13.96,13.65,13.76,13.87,99841149,1376560505.27
2023-07-20,13.8,13.88,13.26,13.28,13.76,147024706,1984209070.61
2023-07-21,13.18,13.42,13.08,13.23,13.28,81873014,1083978462.64
2023-07-24,13.13,13.43,13.04,13.27,13.23,69813112,926945998.09
2023-07-25,13.65,14.6,13.65,14.6,13.27,459570318,6579961624.2
2023-07-26,14.6,14.65,14.04,14.1,14.6,308073720,4400759068.0
2023-07-27,14.59,14.89,13.9,13.94,14.1,289281261,4147251780.73
2023-07-28,13.79,14.95,13.65,14.84,13.94,421879029,6099229811.35
2023-07-31,15.2,16.29,15.2,16.03,14.84,514339476,8146146533.89
2023-08-01,15.88,16.19,15.7,15.83,16.03,306838822,4882419955.74
2023-08-02,15.7,16.41,15.67,15.87,15.83,263445630,4213548911.37
2023-08-03,15.67,15.87,15.5,15.64,15.87,183167479,2860675093.77
2023-08-04,15.84,16.09,15.61,15.68,15.64,172094791,2721146634.94
2023-08-07,15.5,15.8,15.36,15.64,15.68,149561084,2329484048.54
2023-08-08,15.55,15.59,15.08,15.45,15.64,157804479,2424797155.35
2023-08-09,15.31,15.35,14.76,15.01,15.45,210438968,3164621850.84
2023-08-10,14.95,15.17,14.91,14.96,15.01,97611595,1464861864.87
2023-08-11,15.02,15.14,14.58,14.6,14.96,129099618,1905004740.5
2023-08-14,14.3,14.3,13.53,13.89,14.6,244053235,3379954329.68
2023-08-15,13.99,14.05,13.67,13.83,13.89,109016594,1510317598.52
2023-08-16,13.71,13.75,13.36,13.37,13.83,127946847,1724765866.73
2023-08-17,13.3,13.79,13.07,13.63,13.37,216973198,2915435372.45
2023-08-18,13.56,13.68,13.29,13.29,13.63,125160610,1682442569.32
2023-08-21,13.25,13.35,12.96,12.96,13.29,111640735,1465849571.47
2023-08-22,13.24,13.27,12.91,13.19,12.96,126743832,1662479231.33
2023-08-23,13.04,13.19,12.8,12.81,13.19,100547978,1302879773.16
2023-08-24,12.86,13.25,12.72,13.01,12.81,123899711,1608364712.06
2023-08-25,12.9,13.2,12.81,13.08,13.01,112789396,1467029196.75
2023-08-28,13.99,14.0,13.0,13.04,13.08,221919937,2969144248.74
2023-08-29,13.0,13.85,12.95,13.64,13.04,252039402,3389917497.24
2023-08-30,13.56,13.59,13.31,13.36,13.64,136857576,1838575244.19
2023-08-31,13.05,13.05,12.38,12.54,13.36,313811111,3950433569.29
2023-09-01,12.66,13.16,12.66,12.88,12.54,221209767,2859170694.38
2023-09-04,12.99,13.42,12.82,13.35,12.88,199641598,2636852810.54
2023-09-05,13.27,13.32,13.12,13.17,13.35,117367851,1548537068.78
2023-09-06,13.12,13.34,13.08,13.24,13.17,111482912,1472494473.96
2023-09-07,13.15,13.16,12.85,12.89,13.24,100887121,1308754151.69
2023-09-08,12.79,12.92,12.71,12.86,12.89,63326901,811799893.82
2023-09-11,12.92,13.55,12.81,13.36,12.86,188986708,2504154100.79
2023-09-12,13.44,13.59,13.33,13.47,13.36,129741120,1745659831.71
2023-09-13,13.38,13.43,13.12,13.21,13.47,90151813,1194789808.94
2023-09-14,13.0,13.37,12.85,12.98,13.21,113233367,1481547536.39
2023-09-15,13.09,13.13,12.86,12.9,12.98,79527158,1029273534.63
2023-09-18,12.82,13.42,12.78,13.28,12.9,174002874,2306086906.52
2023-09-19,13.19,13.25,13.03,13.06,13.28,92200679,1209049186.05
2023-09-20,13.0,13.04,12.82,12.87,13.06,79061035,1019171502.7
2023-09-21,12.89,12.99,12.68,12.72,12.87,75212231,962198431.24
2023-09-22,12.71,12.95,12.6,12.93,12.72,81450709,1044976680.59
2023-09-25,13.0,13.16,12.93,12.97,12.93,93744569,1220891216.19
2023-09-26,12.81,13.13,12.81,12.94,12.97,76067539,989338842.03
2023-09-27,12.95,13.15,12.88,13.04,12.94,98201517,1278619778.07
2023-09-28,13.07,13.67,13.07,13.44,13.04,187484511,2515632723.18
2023-10-09,14.0,14.09,13.6,13.93,13.44,234462659,3260476788.17
2023-10-10,13.96,14.83,13.55,14.43,13.93,315460450,4469378871.39
2023-10-11,14.46,14.75,14.21,14.33,14.43,229117453,3308179018.77
2023-10-12,14.31,15.5,14.28,15.27,14.33,390496296,5912571271.1
2023-10-13,14.99,15.23,14.88,15.01,15.27,205703073,3090578617.32
2023-10-16,15.09,15.31,14.8,14.91,15.01,191057281,2872950607.79
2023-10-17,14.91,15.29,14.83,14.99,14.91,154012686,2310521813.27
2023-10-18,14.85,15.28,14.77,15.01,14.99,206421749,3110739101.39
2023-10-19,14.72,14.87,14.32,14.37,15.01,243950702,3553738713.1
2023-10-20,14.3,14.53,14.09,14.14,14.37,124478775,1774956848.65
2023-10-23,14.1,14.29,13.76,13.9,14.14,116177249,1629285607.42
2023-10-24,14.03,14.28,13.71,13.94,13.9,125622707,1753021415.58
2023-10-25,13.97,14.8,13.89,14.53,13.94,267489352,3849051652.55
2023-10-26,14.63,15.12,14.45,15.12,14.53,268967569,4008010304.4
2023-10-27,15.42,16.38,15.18,15.81,15.12,363777557,5743908771.72
2023-10-30,15.79,15.79,15.16,15.43,15.81,249536182,3857247322.46
2023-10-31,15.51,15.84,14.97,15.13,15.43,236867771,3628313927.89
2023-11-01,15.18,15.31,14.81,15.04,15.13,142883743,2158438838.16
2023-11-02,15.0,15.45,14.85,15.08,15.04,184964208,2806010330.12
2023-11-03,15.02,15.4,14.87,15.29,15.08,143617835,2178791073.36
2023-11-06,15.42,15.45,15.12,15.38,15.29,200828145,3069916813.7
2023-11-07,15.21,16.12,15.2,15.97,15.38,309387867,4904416977.89
2023-11-08,15.81,15.99,15.45,15.7,15.97,194585482,3051301702.06
2023-11-09,15.73,17.18,15.63,16.7,15.7,488122065,8088068722.0
2023-11-10,16.34,16.44,15.47,15.86,16.7,321027231,5098861292.08
2023-11-13,15.98,16.0,15.45,15.53,15.86,178575524,2802596487.7
2023-11-14,15.5,16.2,15.4,16.1,15.53,235348065,3738152766.07
2023-11-15,16.18,17.05,15.9,16.98,16.1,396328433,6572256098.11
2023-11-16,16.7,16.97,16.47,16.47,16.98,189751285,3158495994.46
2023-11-17,16.35,16.89,16.34,16.51,16.47,152105146,2522699086.95
2023-11-20,16.62,16.79,16.42,16.59,16.51,153403637,2543402067.99
2023-11-21,16.57,17.16,16.22,16.39,16.59,186654911,3096691829.59
2023-11-22,16.05,16.53,16.03,16.3,16.39,131894821,2155191983.62
2023-11-23,16.5,17.93,16.49,17.4,16.3,778719034,13683132471.05
2023-11-24,17.73,18.29,17.32,17.78,17.4,542474807,9684556176.43
2023-11-27,19.56,19.56,19.56,19.56,17.78,83505349,1633364626.44
2023-11-28,20.57,21.48,20.05,21.48,19.56,926525429,19225347088.92
2023-11-29,21.15,21.18,20.09,20.7,21.48,650309712,13433425825.42
2023-11-30,20.6,21.1,20.16,20.38,20.7,485466956,10006330291.61
2023-12-01,20.44,20.45,19.04,19.18,20.38,568628752,11032890773.94
2023-12-04,19.19,20.08,18.95,19.26,19.18,439284962,8583178517.55
2023-12-05,19.0,19.37,18.66,19.03,19.26,330121606,6271397738.33
2023-12-06,19.2,19.88,19.1,19.31,19.03,360807876,7030351365.32
2023-12-07,19.18,19.55,18.93,18.93,19.31,270691288,5191980840.42
2023-12-08,18.72,19.12,18.3,18.34,18.93,333341631,6171582477.11
2023-12-11,18.33,19.05,18.15,18.99,18.34,358271062,6655448989.93
2023-12-12,18.91,19.18,18.67,18.94,18.99,239611148,4526936912.17
2023-12-13,18.93,19.38,18.84,18.89,18.94,258255256,4928603531.49
2023-12-14,18.85,19.15,18.12,18.24,18.89,297178547,5498903356.94
2023-12-15,18.3,18.57,18.13,18.18,18.24,172808544,3163714670.62
2023-12-18,18.01,18.27,17.85,18.04,18.18,161187586,2907764894.67
2023-12-19,17.99,18.05,17.2,17.54,18.04,291769383,5112871277.79
2023-12-20,17.6,17.66,16.91,16.99,17.54,186432194,3205128975.57
2023-12-21,16.9,17.32,16.8,17.07,16.99,168735595,2873153850.27
2023-12-22,17.11,17.15,16.59,16.7,17.07,152728754,2570145707.44
2023-12-25,16.69,17.35,16.69,17.33,16.7,168989913,2880939903.06
2023-12-26,17.35,17.35,16.85,17.16,17.33,132459492,2264808222.41
2023-12-27,17.16,17.38,16.9,17.05,17.16,123841289,2115329370.89
2023-12-28,16.95,17.12,16.66,16.89,17.05,206855544,3495152850.89
2023-12-29,16.84,17.25,16.62,16.83,16.89,201342741,3404767633.5
2024-01-02,16.74,16.89,16.24,16.24,16.83,199517802,3286210733.06
2024-01-03,16.18,16.22,15.68,15.79,16.24,191319084,3038751803.31
2024-01-04,15.78,15.87,15.26,15.29,15.79,173990423,2685418565.53
2024-01-05,15.3,15.41,14.81,14.89,15.29,173385449,2622284536.09
2024-01-08,14.8,14.95,14.45,14.79,14.89,165615799,2440567207.35
2024-01-09,14.78,14.98,14.6,14.81,14.79,133350665,1968449660.75
2024-01-10,14.68,14.75,14.33,14.41,14.81,179698202,2603563023.72
2024-01-11,14.4,14.92,14.28,14.76,14.41,196055891,2868680404.37
2024-01-12,14.66,14.79,14.55,14.57,14.76,114671736,1680065678.87
2024-01-15,14.5,15.05,14.4,14.79,14.57,151141403,2234181904.1
2024-01-16,14.7,15.42,14.62,15.28,14.79,309383914,4694778541.37
2024-01-17,14.8,14.9,14.37,14.38,15.28,240792044,3523085641.99
2024-01-18,14.08,14.58,14.0,14.57,14.38,189008889,2701503383.98
2024-01-19,14.48,14.64,14.33,14.38,14.57,96513778,1394766976.25
2024-01-22,14.36,14.47,13.6,13.76,14.38,147445041,2067184401.16
2024-01-23,13.73,13.94,13.43,13.76,13.76,145122110,1984746402.5
2024-01-24,13.85,14.0,13.4,13.81,13.76,131375634,1795723851.85
2024-01-25,13.72,14.5,13.56,14.34,13.81,211084955,2985684175.63
2024-01-26,14.2,14.45,13.9,14.2,14.34,149184632,2114891755.97
2024-01-29,14.28,14.34,13.61,13.66,14.2,130883165,1813360371.44
2024-01-30,13.52,13.66,13.18,13.25,13.66,98800835,1324394988.02
2024-01-31,13.28,13.39,12.7,12.8,13.25,139095217,1805354238.01
2024-02-01,12.8,13.09,12.55,12.78,12.8,135728733,1740605927.24
2024-02-02,12.85,12.97,12.04,12.35,12.78,156375941,1952084027.1
2024-02-05,12.25,12.4,11.6,11.79,12.35,176669930,2119404371.01
2024-02-06,11.7,12.94,11.64,12.88,11.79,195077956,2429445625.11
2024-02-07,13.0,13.89,12.8,13.35,12.88,274847988,3698172351.15
2024-02-08,13.4,13.64,13.26,13.58,13.35,205852369,2774068227.13
2024-02-19,13.69,13.69,13.24,13.48,13.58,173877532,2342215697.47
2024-02-20,13.36,13.36,12.83,13.1,13.48,209971498,2734962801.82
2024-02-21,13.0,14.1,12.9,13.78,13.1,298001662,4054527873.69
2024-02-22,13.59,13.89,13.5,13.82,13.78,199645541,2736525793.23
2024-02-23,14.12,14.71,14.02,14.67,13.82,359523583,5169893159.17
2024-02-26,14.82,15.2,14.68,14.85,14.67,369167583,5527840908.85
2024-02-27,14.85,15.37,14.79,15.32,14.85,315502973,4761171202.06
2024-02-28,15.13,15.18,14.37,14.39,15.32,328918278,4868530185.72
2024-02-29,14.2,14.91,14.14,14.9,14.39,250688821,3687109807.72
2024-03-01,14.9,14.9,14.51,14.78,14.9,233596296,3431007633.4
2024-03-04,14.66,14.78,14.42,14.69,14.78,179424143,2620630709.18
2024-03-05,14.45,15.3,14.26,15.03,14.69,325472701,4816863929.32
2024-03-06,15.09,15.09,14.66,14.81,15.03,225088066,3345205232.82
2024-03-07,14.74,15.3,14.7,14.92,14.81,263347964,3973273400.53
2024-03-08,14.82,14.92,14.51,14.71,14.92,155884020,2284094987.97
2024-03-11,14.66,15.24,14.61,15.1,14.71,228852901,3435669929.95
2024-03-12,15.39,16.25,15.2,15.94,15.1,400086111,6301798436.79
2024-03-13,15.76,16.97,15.71,16.72,15.94,380260360,6301053249.02
2024-03-14,16.82,17.08,16.26,16.51,16.72,274236829,4554826605.18
2024-03-15,16.31,16.85,16.12,16.83,16.51,252848566,4185130538.03
2024-03-18,17.1,17.98,17.08,17.9,16.83,319458107,5643170167.87
2024-03-19,17.83,17.83,17.2,17.27,17.9,243022542,4241951918.3
2024-03-20,17.17,17.57,16.84,17.37,17.27,234326800,4028589750.71
2024-03-21,17.3,18.45,16.99,18.26,17.37,368905935,6558669663.04
2024-03-22,18.01,18.17,17.56,17.81,18.26,240951166,4313820679.6
2024-03-25,17.5,18.39,17.43,17.67,17.81,233949813,4198553093.87
2024-03-26,17.54,18.05,17.42,17.79,17.67,193732581,3438851653.98
2024-03-27,17.87,18.1,16.96,16.99,17.79,252114287,4379403575.99
2024-03-28,16.98,17.42,16.88,17.17,16.99,182926439,3137513707.05
2024-03-29,17.13,17.13,16.48,16.8,17.17,196683980,3300580125.55
2024-04-01,16.82,17.97,16.82,17.74,16.8,240752271,4244802550.02
2024-04-02,17.69,17.88,17.4,17.7,17.74,158537911,2796636239.86
2024-04-03,17.6,17.68,17.3,17.52,17.7,135116852,2362561335.2
2024-04-08,17.6,18.25,17.5,17.93,17.52,236940501,4253598485.24
2024-04-09,17.85,17.96,17.54,17.84,17.93,133908390,2372417140.88
2024-04-10,17.88,18.08,17.41,17.52,17.84,123504759,2175856821.31
2024-04-11,17.4,18.9,17.3,18.42,17.52,298043175,5443430922.61
2024-04-12,18.26,18.6,17.86,17.95,18.42,209584732,3818962189.61
2024-04-15,17.9,18.09,17.52,17.89,17.95,146623534,2611731294.77
2024-04-16,17.75,17.76,16.5,16.52,17.89,260367357,4403768697.36
2024-04-17,16.68,17.23,16.67,17.13,16.52,182268293,3097054700.59
2024-04-18,17.23,17.48,16.88,17.11,17.13,202221799,3482181754.55
2024-04-19,17.06,17.45,16.7,17.03,17.11,164574749,2796220630.63
2024-04-22,16.79,16.97,16.26,16.68,17.03,143364330,2382609657.76
2024-04-23,16.7,16.82,16.28,16.39,16.68,131320818,2162637754.29
2024-04-24,16.55,16.59,16.17,16.29,16.39,133948499,2188782431.37
2024-04-25,16.44,16.52,15.9,16.02,16.29,169550634,2732263175.21
2024-04-26,15.87,16.7,15.83,16.57,16.02,246911222,4067711811.8
2024-04-29,16.7,17.07,16.22,16.36,16.57,289915603,4783635420.83
2024-04-30,16.11,16.11,14.72,14.72,16.36,570165303,8600904118.34
2024-05-06,14.72,15.15,14.71,14.77,14.72,307903244,4570916709.45
2024-05-07,14.95,14.96,14.26,14.46,14.77,304913447,4402004401.63
2024-05-08,14.5,15.06,14.33,14.98,14.46,358397961,5312636302.43
2024-05-09,14.85,15.17,14.75,15.05,14.98,207689606,3110605543.95
2024-05-10,15.05,15.09,14.71,14.78,15.05,154437312,2285967648.34
2024-05-13,14.51,14.7,14.33,14.48,14.78,140480897,2038538293.32
2024-05-14,14.48,14.78,14.48,14.68,14.48,143068376,2101414918.72
2024-05-15,14.56,14.56,14.21,14.27,14.68,153355191,2201568192.05
2024-05-16,14.31,14.36,14.12,14.19,14.27,105329885,1497898241.99
2024-05-17,14.15,14.31,14.08,14.25,14.19,114139578,1620473759.32
2024-05-20,14.25,14.47,14.16,14.37,14.25,148597539,2131054080.29
2024-05-21,14.37,14.63,14.06,14.54,14.37,215916699,3097191156.93
2024-05-22,14.4,14.81,14.36,14.67,14.54,182417852,2663994250.94
2024-05-23,14.53,14.75,14.44,14.6,14.67,129112118,1883939950.99
2024-05-24,14.2,14.34,14.06,14.1,14.26,102608813,1452817960.16
2024-05-27,14.15,14.31,14.0,14.17,14.1,98155150,1387938046.1
2024-05-28,14.16,14.16,13.61,13.62,14.17,162340174,2241025105.05
2024-05-29,13.5,13.65,13.4,13.45,13.62,138087801,1862345804.43
2024-05-30,13.49,13.7,13.42,13.52,13.45,118540060,1604854427.36
2024-05-31,13.53,13.97,13.43,13.79,13.52,171664907,2370871023.68
2024-06-03,13.75,13.77,13.43,13.52,13.79,132367802,1789885557.98
2024-06-04,13.4,13.75,13.33,13.72,13.52,125604209,1712686066.36
2024-06-05,13.8,13.8,13.36,13.54,13.72,97699393,1325825586.87
2024-06-06,13.5,13.62,13.15,13.19,13.54,150554524,2003828022.77
2024-06-07,13.25,13.54,13.15,13.31,13.19,98684548,1313894835.27
2024-06-11,13.2,13.38,12.95,13.3,13.31,107121439,1409863900.77
2024-06-12,13.18,13.43,13.17,13.38,13.3,83363574,1111068253.49
2024-06-13,13.3,13.51,13.27,13.37,13.38,115512156,1546858632.14
2024-06-14,13.37,13.56,13.23,13.54,13.37,120682944,1616311746.74
2024-06-17,13.5,14.0,13.42,13.98,13.54,214859857,2972383806.72
2024-06-18,13.99,14.34,13.85,14.27,13.98,191108191,2700140308.77
2024-06-19,14.27,14.38,14.07,14.11,14.27,137786942,1958869869.64
2024-06-20,14.1,14.21,13.83,13.88,14.11,113180025,1582764536.74
2024-06-21,13.81,14.2,13.75,13.99,13.88,111407219,1559947121.22
2024-06-24,13.88,14.0,13.44,13.44,13.99,124567009,1701614827.72
2024-06-25,13.41,13.75,13.12,13.31,13.44,112902528,1514993699.66
2024-06-26,13.33,13.6,13.2,13.57,13.31,92187879,1233876908.64
2024-06-27,13.47,13.52,13.25,13.26,13.57,67580851,902692724.44
2024-06-28,13.2,13.59,13.17,13.43,13.26,105159917,1413861673.71
2024-07-01,13.44,13.64,13.21,13.58,13.43,96001324,1291446744.12
2024-07-02,13.6,13.91,13.56,13.63,13.58,116714445,1601810247.34
2024-07-03,13.82,13.96,13.64,13.89,13.63,133231390,1841028334.38
2024-07-04,13.9,13.97,13.58,13.58,13.89,112217939,1543737241.44
2024-07-05,13.4,13.81,13.27,13.69,13.58,95971870,1297948190.62
2024-07-08,13.64,13.88,13.6,13.62,13.69,85901746,1179529700.68
2024-07-09,13.5,13.87,13.41,13.86,13.62,118829017,1624431060.97
2024-07-10,13.8,14.41,13.74,14.16,13.86,208241829,2953819420.56
2024-07-11,14.7,15.36,14.66,15.18,14.16,437876550,6601559510.27
2024-07-12,15.08,15.29,14.83,15.15,15.18,250964363,3778537108.52
2024-07-15,15.5,15.83,15.21,15.34,15.15,302308189,4683799752.75
2024-07-16,15.2,16.13,15.18,15.96,15.34,347662834,5479240224.31
2024-07-17,15.81,16.03,15.66,15.7,15.96,240451515,3804028468.08
2024-07-18,15.61,16.06,15.46,15.78,15.7,220994571,3492160990.31
2024-07-19,15.8,16.12,15.3,15.39,15.78,301020790,4736917416.71
2024-07-22,15.49,15.96,15.49,15.72,15.39,239323627,3761496643.98
2024-07-23,15.68,15.71,15.07,15.14,15.72,212084002,3259747494.51
2024-07-24,15.07,15.15,14.48,14.55,15.14,223379051,3291561978.34
2024-07-25,14.41,15.28,14.41,15.08,14.55,218729537,3262311178.52
2024-07-26,15.15,15.37,14.87,15.13,15.08,187047483,2826044078.3
2024-07-29,15.0,15.38,14.96,15.01,15.13,160303500,2430408476.77
2024-07-30,14.88,14.9,14.38,14.45,15.01,160708825,2334788091.88
2024-07-31,14.3,14.96,14.29,14.59,14.45,257105501,3779046295.81
2024-08-01,14.51,14.67,14.16,14.21,14.59,226005679,3231863172.5
2024-08-02,14.0,14.06,13.68,13.72,14.21,217526010,3005735558.59
2024-08-05,13.5,13.74,13.25,13.26,13.72,188549353,2533883586.69
2024-08-06,13.4,13.48,13.11,13.29,13.26,143725018,1899682251.75
2024-08-07,13.22,13.72,13.15,13.58,13.29,185877400,2512938212.81
2024-08-08,13.4,13.44,13.11,13.18,13.58,198624218,2619560668.18
2024-08-09,13.21,13.3,13.13,13.16,13.18,102445756,1350761859.11
2024-08-12,13.17,13.18,12.97,13.0,13.16,92569731,1205401676.6
2024-08-13,12.97,13.03,12.68,12.97,13.0,124311909,1593483455.56
2024-08-14,12.87,13.26,12.79,13.13,12.97,133678505,1748994298.06
2024-08-15,13.0,13.32,12.96,13.17,13.13,140769896,1854771985.5
2024-08-16,13.17,13.3,13.12,13.22,13.17,111178699,1469653634.13
2024-08-19,13.3,13.35,13.01,13.01,13.22,129212549,1699131494.35
2024-08-20,13.02,13.05,12.05,12.45,13.01,255638064,3181264433.21
2024-08-21,12.21,12.42,12.17,12.22,12.45,125384776,1537210622.63
2024-08-22,12.24,12.29,11.82,11.87,12.22,162008680,1941198531.65
2024-08-23,11.8,12.04,11.75,11.99,11.87,101934725,1217338855.23
2024-08-26,12.0,12.07,11.91,11.97,11.99,78996410,945988834.09
2024-08-27,11.93,11.93,11.64,11.68,11.97,94690245,1111800491.32
2024-08-28,11.65,11.69,11.44,11.52,11.68,100542457,1158335915.18
2024-08-29,11.48,11.85,11.43,11.75,11.52,102134980,1194970390.19
2024-08-30,11.71,12.23,11.7,12.09,11.75,159217883,1919069820.78
2024-09-02,12.0,12.08,11.7,11.7,12.09,116030049,1373416277.55
2024-09-03,11.69,11.85,11.62,11.85,11.7,87753844,1033932926.84
2024-09-04,11.78,11.92,11.73,11.87,11.85,66446687,786866910.55
2024-09-05,11.88,12.08,11.86,11.98,11.87,87035963,1043492822.37
2024-09-06,11.93,12.36,11.91,12.05,11.98,146502171,1779053753.24
2024-09-09,11.93,11.99,11.75,11.84,12.05,82991123,984048620.6
2024-09-10,11.84,11.94,11.67,11.9,11.84,79999424,943960562.2
2024-09-11,11.85,12.01,11.77,11.9,11.9,63443754,754985400.71
2024-09-12,11.89,12.13,11.78,11.79,11.9,83496932,996364861.72
2024-09-13,11.75,11.82,11.65,11.65,11.79,61200477,716429474.68
2024-09-18,11.67,11.75,11.5,11.64,11.65,62512221,726610739.48
2024-09-19,11.73,12.15,11.63,12.12,11.64,159177305,1901586615.78
2024-09-20,12.12,12.17,11.88,12.0,12.12,102559831,1231030051.14
2024-09-23,11.94,12.1,11.93,12.0,12.0,68643132,825824337.46
2024-09-24,12.09,12.35,11.83,12.35,12.0,189117188,2299387718.2
2024-09-25,12.43,12.87,12.4,12.48,12.35,241995690,3061614312.58
2024-09-26,12.48,13.0,12.37,13.0,12.48,229621785,2918420096.2
2024-09-27,13.25,13.88,13.1,13.62,13.0,321995212,4330216470.55
2024-09-30,14.21,14.9,13.8,14.88,13.62,470980045,6825589918.03
2024-10-08,16.26,16.35,13.96,15.2,14.88,694896262,10680700441.21
2024-10-09,14.6,14.61,13.68,13.68,15.2,444586409,6239291203.27
2024-10-10,13.51,14.0,13.26,13.67,13.68,280748843,3842779311.25
2024-10-11,13.6,13.6,13.04,13.19,13.67,206641280,2743858154.52
2024-10-14,13.19,13.4,13.01,13.34,13.19,170831795,2259472981.67
2024-10-15,13.22,13.35,13.03,13.05,13.34,155540047,2048481212.27
2024-10-16,12.88,13.1,12.81,12.95,13.05,148338450,1920851335.13
2024-10-17,13.11,13.16,12.86,12.87,12.95,158721245,2059765833.76
2024-10-18,12.87,13.47,12.77,13.26,12.87,263515234,3456679167.7
2024-10-21,13.3,13.35,13.11,13.18,13.26,201510734,2655510714.57
2024-10-22,13.17,13.95,13.11,13.78,13.18,335684019,4590714344.37
2024-10-23,13.77,14.18,13.55,13.79,13.78,313698123,4344572912.99
2024-10-24,13.8,13.8,13.45,13.48,13.79,168661070,2284141333.96
2024-10-25,13.49,13.72,13.48,13.6,13.48,154388948,2098013606.48
2024-10-28,13.6,13.7,13.46,13.7,13.6,164829218,2241762015.88
2024-10-29,13.55,13.7,13.37,13.4,13.7,223435674,3015441527.31
2024-10-30,13.26,13.48,13.2,13.25,13.4,161031909,2138953913.63
2024-10-31,13.21,13.41,13.06,13.27,13.25,192669746,2553477155.12
2024-11-01,13.36,14.18,13.35,13.49,13.27,298504218,4081198432.09
2024-11-04,13.72,14.33,13.6,14.3,13.49,452016139,6337562728.78
2024-11-05,14.3,14.53,13.9,14.29,14.3,408624993,5808815843.94
2024-11-06,14.31,14.79,14.26,14.38,14.29,377358624,5465114649.75
2024-11-07,14.15,14.37,13.95,14.37,14.38,265980249,3773105098.68
2024-11-08,14.45,14.58,14.11,14.14,14.37,280930290,4030842663.94
2024-11-11,14.08,15.55,14.01,15.55,14.14,630538903,9419703286.49
2024-11-12,15.7,16.25,15.23,15.45,15.55,830561257,13100007756.74
2024-11-13,15.15,15.33,14.66,15.07,15.45,406991745,6111441156.18
2024-11-14,15.01,15.17,14.49,14.52,15.07,287950198,4247981278.75
2024-11-15,14.45,15.15,14.36,14.72,14.52,382098065,5630766598.41
2024-11-18,14.93,15.44,14.49,15.12,14.72,457089501,6857838386.88
2024-11-19,15.17,15.24,14.42,14.89,15.12,338590978,5010297287.79
2024-11-20,14.72,14.9,14.57,14.81,14.89,241685098,3562684195.16
2024-11-21,14.71,15.09,14.66,14.81,14.81,221191438,3285987413.09
2024-11-22,14.72,14.74,14.0,14.0,14.81,286057832,4123868247.1
2024-11-25,14.09,14.2,13.73,13.9,14.0,191490214,2667946028.42
2024-11-26,13.8,13.96,13.61,13.64,13.9,137713749,1893867910.49
2024-11-27,13.63,13.87,13.36,13.87,13.64,160036925,2173398864.0
2024-11-28,13.88,13.9,13.61,13.62,13.87,121172273,1664619476.03
2024-11-29,13.59,13.96,13.56,13.81,13.62,158647339,2183999835.43
2024-12-02,13.95,14.34,13.84,14.24,13.81,219764217,3104327808.23
2024-12-03,14.22,14.22,13.95,14.03,14.24,149252217,2096529758.37
2024-12-04,14.02,14.08,13.75,13.8,14.03,120076529,1667792206.29
2024-12-05,13.81,13.9,13.76,13.84,13.8,90011096,1244791863.58
2024-12-06,13.86,14.05,13.73,13.98,13.84,121736129,1693089189.05
2024-12-09,14.13,14.35,14.01,14.07,13.98,159518871,2260900070.51
2024-12-10,14.41,14.51,14.04,14.06,14.07,183022126,2607321651.99
2024-12-11,14.05,14.19,14.0,14.17,14.06,112829086,1590623834.36
2024-12-12,14.17,14.8,14.12,14.62,14.17,296270091,4302663829.75
2024-12-13,14.45,14.53,14.16,14.17,14.62,196773535,2818405508.16
2024-12-16,14.11,14.12,13.77,13.84,14.17,139338538,1936865851.11
2024-12-17,13.83,13.99,13.79,13.86,13.84,102227015,1420512379.7
2024-12-18,13.98,14.15,13.91,13.98,13.86,106460784,1493511354.5
2024-12-19,13.82,13.9,13.7,13.86,13.98,95653407,1320392238.63
2024-12-20,13.85,13.93,13.77,13.86,13.86,73504375,1018040658.74
2024-12-23,14.05,14.26,13.88,13.93,13.86,155909338,2194396174.03
2024-12-24,14.0,14.12,13.8,14.09,13.93,125317098,1752862878.61
2024-12-25,14.06,14.06,13.81,13.85,14.09,106003850,1473180327.6
2024-12-26,13.85,13.96,13.79,13.88,13.85,106647965,1478153666.63
2024-12-27,13.81,13.99,13.7,13.84,13.88,112921363,1561261790.56
2024-12-30,13.85,13.87,13.62,13.68,13.84,102752599,1409025716.33
2024-12-31,13.69,13.72,13.35,13.36,13.68,110794972,1493552420.03
2025-01-02,13.37,13.39,12.88,12.97,13.36,132417427,1732867213.39
2025-01-03,13.03,13.05,12.73,12.75,12.97,94687316,1218009815.28
2025-01-06,12.75,12.83,12.63,12.71,12.75,64944258,826248270.1
2025-01-07,12.71,12.85,12.64,12.85,12.71,61947933,791437473.82
2025-01-08,12.83,12.83,12.45,12.67,12.85,91457011,1155255975.98
2025-01-09,12.6,12.73,12.57,12.67,12.67,53905658,683301118.93
2025-01-10,12.65,12.71,12.41,12.41,12.67,68982750,866049914.27
2025-01-13,12.3,12.48,12.25,12.4,12.41,54790917,678661890.29
2025-01-14,12.44,12.88,12.42,12.83,12.4,114005955,1447242335.01
2025-01-15,12.8,12.8,12.63,12.66,12.83,71940360,913433177.14
2025-01-16,12.7,12.93,12.7,12.87,12.66,92106261,1181583144.22
2025-01-17,12.8,12.87,12.75,12.77,12.87,62593470,801003678.93
2025-01-20,12.88,12.95,12.75,12.79,12.77,67126530,862559953.37
2025-01-21,12.84,12.87,12.66,12.72,12.79,51088454,649979324.96
2025-01-22,12.66,12.68,12.53,12.61,12.72,52923555,667273662.77
2025-01-23,12.75,12.85,12.53,12.53,12.61,78681582,998076770.68
2025-01-24,12.53,12.65,12.41,12.6,12.53,64702259,813927952.88
2025-01-27,12.65,12.79,12.55,12.55,12.6,56177709,710814519.2
2025-02-05,12.61,12.78,12.58,12.69,12.55,82405710,1046243567.83
2025-02-06,12.69,13.2,12.58,13.16,12.69,153932544,1987618425.19
2025-02-07,13.48,13.68,13.3,13.54,13.16,240395916,3243928896.4
2025-02-10,14.7,14.7,13.99,14.18,13.54,405913042,5780951287.38
2025-02-11,14.28,14.28,13.65,13.68,14.18,242608423,3350383445.14
2025-02-12,13.55,13.71,13.48,13.7,13.68,140743644,1913371430.78
2025-02-13,13.72,13.75,13.44,13.45,13.7,125920957,1707218727.19
2025-02-14,13.45,13.72,13.45,13.61,13.45,133189396,1814283817.62
2025-02-17,13.61,13.65,13.45,13.53,13.61,108543330,1467807758.08
2025-02-18,13.49,13.49,13.21,13.25,13.53,101238293,1351130777.03
2025-02-19,13.23,13.39,13.21,13.34,13.25,82045520,1092324518.03
2025-02-20,13.3,13.33,13.2,13.28,13.34,74581866,988646463.62
2025-02-21,13.26,13.33,13.18,13.32,13.28,96933243,1287561668.38
2025-02-24,13.29,13.48,13.23,13.33,13.32,95616277,1276680007.43
2025-02-25,13.21,13.53,13.15,13.43,13.33,121463354,1625598185.74
2025-02-26,13.42,13.43,13.32,13.39,13.43,83149165,1111439116.95
2025-02-27,13.41,13.55,13.28,13.37,13.39,96984064,1300193966.56
2025-02-28,13.3,13.36,12.9,12.92,13.37,117451133,1539461911.46
2025-03-03,12.93,13.15,12.83,13.0,12.92,81051688,1057367145.59
2025-03-04,12.9,13.0,12.86,13.0,13.0,51751042,669678840.57
2025-03-05,12.97,13.08,12.91,12.97,13.0,52177548,676593709.46
2025-03-06,13.05,13.16,13.04,13.12,12.97,78905654,1034782435.66
2025-03-07,13.1,13.2,13.01,13.06,13.12,70764618,926392665.38
2025-03-10,13.09,13.12,12.95,13.02,13.06,56552754,735702528.43
2025-03-11,12.89,13.0,12.86,13.0,13.02,55127120,713060352.24
2025-03-12,13.07,13.28,13.06,13.15,13.0,97501518,1282572421.81
2025-03-13,13.08,13.11,12.93,12.98,13.15,67408407,876283843.5
2025-03-14,12.97,13.18,12.94,13.15,12.98,87693423,1148735104.24
2025-03-17,13.16,13.21,13.11,13.15,13.15,65110829,856729399.45
2025-03-18,13.2,13.42,13.14,13.29,13.15,125154854,1659444156.29
2025-03-19,13.23,13.24,13.14,13.16,13.29,73194917,965009501.15
2025-03-20,13.16,13.2,13.05,13.11,13.16,65747482,862846516.11
2025-03-21,13.08,13.1,12.9,12.91,13.11,91653381,1188739579.58
2025-03-24,12.92,12.95,12.72,12.9,12.91,67912099,872454485.37
2025-03-25,12.88,12.93,12.82,12.87,12.9,43856500,564470509.47
2025-03-26,12.85,12.98,12.83,12.93,12.87,47414378,611727874.3
2025-03-27,12.89,13.01,12.81,12.9,12.93,47768415,616137774.32
2025-03-28,12.85,13.11,12.85,12.92,12.9,68121631,884051200.95
2025-03-31,13.12,13.18,12.93,13.03,12.92,104012783,1360217988.45
2025-04-01,12.95,13.14,12.91,13.04,13.03,71542884,932556958.44
2025-04-02,13.01,13.08,12.87,12.97,13.04,61796671,800664734.56
2025-04-03,12.87,12.96,12.84,12.88,12.97,48442735,624252688.46
2025-04-07,12.12,12.4,11.59,11.59,12.88,157285869,1864704065.12
2025-04-08,11.49,11.85,11.49,11.74,11.59,104472183,1222387133.83
2025-04-09,11.62,11.95,11.32,11.92,11.74,115032753,1344958816.83
2025-04-10,12.07,12.28,12.03,12.2,11.92,89851008,1094764224.86
2025-04-11,12.12,12.39,12.05,12.31,12.2,78774528,966332594.11
2025-04-14,12.49,12.75,12.42,12.58,12.31,90964313,1144985017.81
2025-04-15,12.59,12.63,12.42,12.46,12.58,46038048,573952464.76
2025-04-16,12.43,12.5,12.28,12.47,12.46,45793096,568051653.32
2025-04-17,12.4,12.47,12.37,12.37,12.47,34239930,424985466.69
2025-04-18,12.31,12.4,12.27,12.37,12.37,29418865,362300682.59
2025-04-21,12.31,12.41,12.29,12.39,12.37,30546223,378255153.67
2025-04-22,12.39,12.45,12.35,12.38,12.39,30540171,378680468.76
2025-04-23,12.45,12.51,12.38,12.42,12.38,35886730,445780187.8
2025-04-24,12.42,12.43,12.29,12.3,12.42,35327137,436097684.41
2025-04-25,12.34,12.45,12.28,12.35,12.3,42904188,530476269.04
2025-04-28,12.35,12.36,12.18,12.18,12.35,44104742,539302275.08
2025-04-29,12.19,12.21,12.08,12.08,12.18,37730794,457598079.26
2025-04-30,12.1,12.28,12.09,12.25,12.08,43343963,529751775.53
2025-05-06,12.28,12.4,12.24,12.39,12.25,48700014,602036520.91
2025-05-07,12.5,12.54,12.35,12.41,12.39,49062833,609919760.62
2025-05-08,12.35,12.48,12.33,12.44,12.41,42489721,528480792.11
2025-05-09,12.44,12.45,12.32,12.34,12.44,33657167,416189966.64
2025-05-12,12.4,12.47,12.4,12.46,12.34,43859888,545437903.19
2025-05-13,12.58,12.6,12.41,12.44,12.46,43198514,538850195.16
2025-05-14,12.44,12.47,12.34,12.45,12.44,40032918,496374997.83
2025-05-15,12.45,12.46,12.25,12.25,12.45,44935571,553779483.25
2025-05-16,12.22,12.43,12.21,12.37,12.25,39242691,484299461.92
2025-05-19,12.41,12.44,12.3,12.37,12.37,31250473,385864230.45
2025-05-20,12.36,12.73,12.34,12.59,12.37,102792011,1287674653.11
2025-05-21,12.51,12.64,12.47,12.55,12.59,60152672,754466889.79
2025-05-22,12.54,12.86,12.47,12.7,12.55,129304578,1644973942.66
2025-05-23,12.7,13.03,12.65,12.81,12.7,174433757,2247886053.4
2025-05-26,12.72,12.73,12.45,12.48,12.81,108098951,1355238306.73
2025-05-27,12.41,12.48,12.31,12.35,12.48,58053947,717799246.04
2025-05-28,12.37,12.52,12.28,12.3,12.35,55962739,692019621.24
2025-05-29,12.3,12.59,12.28,12.53,12.3,81939026,1024491487.18
2025-05-30,12.45,12.47,12.33,12.35,12.53,49113929,607401636.48
2025-06-03,12.32,12.65,12.26,12.59,12.35,101924797,1277295910.4
2025-06-04,12.66,12.7,12.53,12.56,12.59,43117339,542267321.08
2025-06-05,12.76,13.28,12.55,12.98,12.56,227082152,2937806881.73
2025-06-06,13.2,13.2,12.76,12.84,12.98,137530789,1778626612.13
2025-06-09,12.86,13.07,12.76,13.04,12.84,114084333,1478661682.75
2025-06-10,13.0,13.01,12.72,12.8,13.04,83787280,1076820350.56
2025-06-11,12.81,12.93,12.8,12.84,12.8,53291733,685107689.63
2025-06-12,12.79,12.95,12.73,12.91,12.84,70970148,915067786.87
2025-06-13,12.86,13.09,12.78,12.93,12.91,169732751,2208297459.2
2025-06-16,12.86,12.96,12.7,12.74,12.93,81323348,1038494806.2
2025-06-17,12.74,12.74,12.56,12.62,12.74,57829352,729213754.88
2025-06-18,12.58,12.62,12.5,12.57,12.62,39048574,490564064.13
2025-06-19,12.57,12.57,12.4,12.42,12.57,45407771,566032547.18
2025-06-20,12.39,12.47,12.37,12.4,12.42,31104100,385938111.14
2025-06-23,12.35,12.46,12.24,12.44,12.4,37402471,462587459.94
2025-06-24,12.53,12.63,12.53,12.61,12.44,57462339,723225327.54
2025-06-25,12.62,12.85,12.58,12.8,12.61,94711513,1207331421.62
2025-06-26,12.8,12.91,12.7,12.75,12.8,86956544,1113379729.96
2025-06-27,12.79,12.85,12.66,12.7,12.75,64648831,823369770.52
2025-06-30,12.7,12.76,12.66,12.76,12.7,45982856,585278373.01
2025-07-01,12.77,12.87,12.69,12.74,12.76,52491111,670163368.17
2025-07-02,12.74,12.82,12.66,12.71,12.74,47786103,608152970.86
2025-07-03,12.71,12.74,12.67,12.72,12.71,37801589,479989853.2
2025-07-04,12.71,12.71,12.62,12.63,12.72,42619309,539658019.72
2025-07-07,12.63,12.64,12.57,12.59,12.63,31312585,394276502.8
2025-07-08,12.57,12.73,12.55,12.71,12.59,42158175,533643635.3
2025-07-09,12.76,12.86,12.71,12.76,12.71,73487168,939693718.34
2025-07-10,12.76,12.79,12.68,12.74,12.76,43965435,559521945.65
2025-07-11,12.72,12.83,12.68,12.78,12.74,58072528,741308956.36
2025-07-14,12.78,12.8,12.73,12.74,12.78,36819783,469905487.78
2025-07-15,12.74,12.83,12.66,12.72,12.74,52517657,669090132.45
2025-07-16,12.75,12.88,12.73,12.8,12.72,63251021,810714044.27
2025-07-17,12.8,12.84,12.76,12.84,12.8,57725522,738892159.65
2025-07-18,12.82,12.86,12.79,12.85,12.84,47415408,608022321.28
2025-07-21,12.86,12.98,12.86,12.98,12.85,69199583,895038818.45
2025-07-22,12.96,13.02,12.88,13.01,12.98,76392196,989799203.34
2025-07-23,12.83,12.85,12.64,12.65,12.72,102332652,1303421764.43
2025-07-24,12.69,12.84,12.67,12.84,12.65,92515543,1182970748.59
2025-07-25,12.87,13.1,12.81,12.95,12.84,122539328,1589460042.64
2025-07-28,13.01,13.42,12.95,13.37,12.95,206002176,2722963951.76
2025-07-29,13.4,13.4,13.05,13.27,13.37,163004752,2152234511.35
2025-07-30,13.47,13.62,13.12,13.22,13.27,219728366,2945428820.46
2025-07-31,13.2,13.2,12.8,12.86,13.22,150044583,1945576580.07
2025-08-01,12.86,13.0,12.76,12.82,12.86,81225268,1044893517.94
2025-08-04,12.78,12.92,12.68,12.91,12.82,69551059,889824502.65
2025-08-05,12.91,12.95,12.85,12.92,12.91,56671138,731218363.14
2025-08-06,12.93,12.95,12.83,12.91,12.92,66935726,862830512.63
2025-08-07,12.94,12.98,12.85,12.87,12.91,60957274,786096800.09
2025-08-08,12.85,12.85,12.78,12.79,12.87,50213858,642781744.12
2025-08-11,12.83,12.98,12.8,12.95,12.79,78111100,1008987557.36
2025-08-12,13.05,13.2,12.98,13.05,12.95,110200874,1441234305.29
2025-08-13,13.07,13.12,13.01,13.03,13.05,97202188,1268472627.13
2025-08-14,13.08,13.09,12.85,12.88,13.03,86903019,1126031113.88
2025-08-15,12.84,12.98,12.82,12.93,12.88,74921632,968750526.98
2025-08-18,12.91,13.14,12.9,13.05,12.93,131126017,1709393833.94
2025-08-19,13.05,13.06,12.92,12.97,13.05,88858556,1152723837.36
2025-08-20,12.92,13.19,12.88,13.19,12.97,166476342,2177719976.26
2025-08-21,13.19,13.21,13.06,13.1,13.19,109719535,1440066695.5
2025-08-22,13.08,13.18,13.08,13.18,13.1,109840752,1442920683.6
2025-08-25,13.17,13.17,13.0,13.1,13.18,197584567,2580598081.15
2025-08-26,13.09,13.14,13.01,13.09,13.1,122330636,1600572340.93
2025-08-27,13.09,13.22,12.75,12.75,13.09,248078727,3212930312.74
2025-08-28,12.71,12.78,12.42,12.7,12.75,165755425,2092506116.68
2025-08-29,12.66,12.78,12.54,12.57,12.7,177762604,2249433681.0
2025-09-01,12.57,12.57,12.38,12.46,12.57,157078211,1957710035.22
2025-09-02,12.5,12.54,12.33,12.43,12.46,105980333,1317246155.23
2025-09-03,12.48,12.51,12.3,12.32,12.43,94334942,1167111212.89
2025-09-04,12.32,12.38,12.25,12.34,12.32,91056159,1121593361.38
2025-09-05,12.33,12.46,12.28,12.46,12.34,80555540,996940359.08
2025-09-08,12.5,12.53,12.36,12.41,12.46,112066910,1393048057.25
2025-09-09,12.39,12.74,12.37,12.58,12.41,176259082,2223744928.75
2025-09-10,12.57,12.77,12.49,12.62,12.58,147781111,1868990588.48
2025-09-11,12.56,12.6,12.44,12.57,12.62,100987178,1262235152.65
2025-09-12,12.52,12.56,12.43,12.45,12.57,99966685,1248275976.95
2025-09-15,12.5,12.56,12.48,12.53,12.45,91178222,1141486951.44
2025-09-16,12.5,12.52,12.38,12.45,12.53,85802537,1065668284.44
2025-09-17,12.43,12.47,12.35,12.44,12.45,86745601,1076493125.5
2025-09-18,12.43,12.5,12.26,12.3,12.44,127555776,1580365756.4
2025-09-19,12.3,12.33,12.2,12.25,12.3,79869798,977570284.69
2025-09-22,12.22,12.24,12.15,12.19,12.25,62258086,758350277.78
2025-09-23,12.18,12.19,12.02,12.11,12.19,77403932,935248004.67
2025-09-24,12.08,12.18,12.04,12.17,12.11,57028601,691950076.18
2025-09-25,12.14,12.15,12.06,12.08,12.17,62254220,753470537.27
2025-09-26,12.05,12.5,12.0,12.28,12.08,140209454,1725000480.24
2025-09-29,12.2,12.23,12.09,12.18,12.28,77369635,940245036.04
2025-09-30,12.16,12.3,12.14,12.23,12.18,68117907,832395204.37
2025-10-09,12.24,12.32,12.13,12.32,12.23,98794925,1207942151.16
2025-10-10,12.34,12.55,12.33,12.44,12.32,125759554,1565995530.39
2025-10-13,12.13,12.51,12.08,12.5,12.44,120775477,1491493450.31
2025-10-14,12.51,12.82,12.46,12.54,12.5,184213420,2330484738.07
2025-10-15,12.53,12.88,12.5,12.84,12.54,251005025,3208074310.21
2025-10-16,13.0,13.84,12.99,13.33,12.84,567967415,7601333558.17
2025-10-17,13.06,13.12,12.43,12.48,13.33,370196197,4710596752.54
2025-10-20,12.59,12.6,12.34,12.38,12.48,147795531,1833064827.01
2025-10-21,12.35,12.42,12.34,12.39,12.38,107438518,1330551518.01
2025-10-22,12.33,12.44,12.33,12.4,12.39,83511425,1033101869.5
2025-10-23,12.37,12.39,12.28,12.38,12.4,70836356,873020978.82
2025-10-24,12.39,12.8,12.37,12.72,12.38,193469017,2438163457.93
2025-10-27,12.7,12.72,12.54,12.61,12.72,122873621,1549417904.09
2025-10-28,12.59,12.59,12.46,12.51,12.61,84323351,1055675254.81
2025-10-29,12.48,12.5,12.4,12.49,12.51,83457562,1038818141.76
2025-10-30,12.48,12.56,12.37,12.38,12.49,84544255,1053211496.6
2025-10-31,12.37,12.45,12.37,12.39,12.38,64850725,803970522.33
2025-11-03,12.46,12.46,12.32,12.42,12.39,66438548,821041824.1
2025-11-04,12.38,12.4,12.24,12.29,12.42,74419064,915983542.99
2025-11-05,12.21,12.31,12.2,12.28,12.29,42870018,525954719.76
2025-11-06,12.29,12.34,12.23,12.31,12.28,55694790,684909971.84
2025-11-07,12.3,12.33,12.26,12.26,12.31,46402994,569939511.35
2025-11-10,12.27,12.35,12.22,12.34,12.26,59178753,727141044.42
2025-11-11,12.34,12.36,12.25,12.28,12.34,50010645,614187819.93
2025-11-12,12.26,12.28,12.21,12.23,12.28,45065633,551523442.67
2025-11-13,12.25,12.29,12.22,12.28,12.23,42470496,520894968.3
2025-11-14,12.23,12.3,12.22,12.23,12.28,46686161,571938953.94
2025-11-17,12.2,12.23,12.17,12.2,12.23,48644646,592927886.58
2025-11-18,12.18,12.19,12.09,12.12,12.2,51339044,622246432.87
2025-11-19,12.12,12.16,12.05,12.08,12.12,39838368,481542870.8
2025-11-20,12.07,12.1,12.03,12.04,12.08,37380763,450593101.84
2025-11-21,12.01,12.03,11.77,11.79,12.04,87214746,1034444003.19
2025-11-24,11.82,11.92,11.81,11.89,11.79,44126863,523540762.79
2025-11-25,11.91,11.97,11.85,11.91,11.89,40865048,486951465.37
2025-11-26,11.83,11.91,11.79,11.8,11.91,46127785,546073414.48
2025-11-27,11.8,11.84,11.71,11.71,11.8,53039975,623299308.68
2025-11-28,11.75,11.98,11.68,11.94,11.66,62424309,739799338.94
2025-12-01,11.95,11.99,11.89,11.93,11.94,36537968,435486921.43
2025-12-02,11.9,11.92,11.84,11.88,11.93,31518364,374100917.52
2025-12-03,11.88,11.89,11.74,11.76,11.88,37154696,437626025.18
2025-12-04,11.73,11.77,11.66,11.72,11.76,27794765,325413408.94
2025-12-05,11.73,11.79,11.66,11.79,11.72,30367770,356337703.66
2025-12-08,11.8,11.83,11.77,11.81,11.79,30963310,365455915.82
2025-12-09,11.8,11.8,11.7,11.71,11.81,38006161,445943404.01
2025-12-10,11.69,11.72,11.62,11.72,11.71,37930805,442157948.56
2025-12-11,11.71,11.72,11.59,11.6,11.72,40226539,468287853.91
2025-12-12,11.55,11.67,11.51,11.64,11.6,53078233,614601314.16
2025-12-15,11.55,11.63,11.54,11.55,11.64,30465141,352657955.76
2025-12-16,12.04,12.24,11.85,12.06,11.55,243393943,2935731087.67
2025-12-17,11.98,11.98,11.7,11.79,12.06,133139212,1568658600.61
2025-12-18,11.7,11.75,11.63,11.67,11.79,62823830,734057708.87
2025-12-19,11.63,11.84,11.62,11.75,11.67,60539288,711455999.06
2025-12-22,12.12,12.28,12.01,12.05,11.75,208297768,2533742918.33
2025-12-23,11.97,11.97,11.85,11.87,12.05,98325051,1169295911.79
2025-12-24,11.92,11.95,11.84,11.93,11.87,63901408,760076153.72
2025-12-25,11.93,11.97,11.86,11.9,11.93,50629177,602190605.08
2025-12-26,11.88,12.07,11.85,11.99,11.9,81398035,974373864.37
2025-12-29,12.0,12.02,11.89,11.9,11.99,58908633,702621483.08
2025-12-30,11.86,12.05,11.84,11.9,11.9,64644527,772071105.53
2025-12-31,11.95,12.02,11.86,11.86,11.9,57107715,680133930.35
