date,open,close,high,low,change_pct,turnover_pct,amplitude_pct,ratio,vol_shou,amount_yuan,direction,price_position
2025-09-16,88.0,95.65,95.65,85.85,10.01,4.92,11.27,0.4915084915084915,200047.0,1832388481.0,上涨,4.497594447511634
2025-09-16,88.0,95.65,95.65,85.85,10.01,4.92,11.27,0.4915084915084915,200047.0,1832388481.0,上涨,4.497594447511634
2025-09-17,96.98,99.68,104.74,93.4,4.21,7.41,11.86,1.7600950118764846,301236.0,2965063493.0,上涨,5.2922154744064995
2025-09-17,96.98,99.68,104.74,93.4,4.21,7.41,11.86,1.7600950118764846,301236.0,2965063493.0,上涨,5.2922154744064995
2025-09-18,99.68,109.65,109.65,96.0,10.0,6.46,13.69,0.646,262450.0,2703307580.0,上涨,7.258064516129033
2025-09-18,99.68,109.65,109.65,96.0,10.0,6.46,13.69,0.646,262450.0,2703307580.0,上涨,7.258064516129033
2025-09-19,115.1,120.62,120.62,111.91,10.0,6.09,7.94,0.609,247472.0,2931302737.0,上涨,9.421089991324237
2025-09-19,115.1,120.62,120.62,111.91,10.0,6.09,7.94,0.609,247472.0,2931302737.0,上涨,9.421089991324237
2025-09-22,120.54,115.28,120.54,108.56,-4.43,7.85,9.93,1.7720090293453725,319021.0,3588212980.0,下跌,8.368167836580172
2025-09-22,120.54,115.28,120.54,108.56,-4.43,7.85,9.93,1.7720090293453725,319021.0,3588212980.0,下跌,8.368167836580172
2025-09-23,115.3,117.27,120.0,110.01,1.73,5.87,8.67,3.393063583815029,238428.0,2753957717.0,上涨,8.760548939190787
2025-09-23,115.3,117.27,120.0,110.01,1.73,5.87,8.67,3.393063583815029,238428.0,2753957717.0,上涨,8.760548939190787
2025-09-24,112.3,110.3,113.59,105.6,-5.94,4.6,6.81,0.7744107744107743,186724.0,2052214311.0,下跌,7.386229197886268
2025-09-24,112.3,110.3,113.59,105.6,-5.94,4.6,6.81,0.7744107744107743,186724.0,2052214311.0,下跌,7.386229197886268
2025-09-25,107.35,108.08,112.95,105.04,-2.01,3.7,7.17,1.8407960199004978,150416.0,1636417382.0,下跌,6.948497515576937
2025-09-25,107.35,108.08,112.95,105.04,-2.01,3.7,7.17,1.8407960199004978,150416.0,1636417382.0,下跌,6.948497515576937
2025-09-26,106.45,103.0,110.8,103.0,-4.7,3.3,7.22,0.702127659574468,134059.0,1425609453.0,下跌,5.946841233535768
2025-09-26,106.45,103.0,110.8,103.0,-4.7,3.3,7.22,0.702127659574468,134059.0,1425609453.0,下跌,5.946841233535768
2025-09-29,102.65,105.55,108.0,102.0,2.48,2.78,5.83,1.1209677419354838,112898.0,1185497404.0,上涨,6.44964113889108
2025-09-29,102.65,105.55,108.0,102.0,2.48,2.78,5.83,1.1209677419354838,112898.0,1185497404.0,上涨,6.44964113889108
2025-09-30,105.54,100.84,106.2,99.72,-4.46,3.42,6.14,0.7668161434977578,139121.0,1417285919.0,下跌,5.520940137234797
2025-09-30,105.54,100.84,106.2,99.72,-4.46,3.42,6.14,0.7668161434977578,139121.0,1417285919.0,下跌,5.520940137234797
2025-10-09,100.92,97.98,102.65,97.7,-2.84,2.92,4.91,1.028169014084507,118690.0,1178782829.0,下跌,4.957015537502958
2025-10-09,100.92,97.98,102.65,97.7,-2.84,2.92,4.91,1.028169014084507,118690.0,1178782829.0,下跌,4.957015537502958
2025-10-10,98.24,91.23,98.55,90.64,-6.89,3.84,8.07,0.5573294629898403,156012.0,1463550493.0,下跌,3.6260746115624265
2025-10-10,98.24,91.23,98.55,90.64,-6.89,3.84,8.07,0.5573294629898403,156012.0,1463550493.0,下跌,3.6260746115624265
2025-10-13,86.15,88.6,89.87,86.15,-2.88,2.37,4.08,0.8229166666666667,96392.0,849604939.0,下跌,3.107500591529299
2025-10-13,86.15,88.6,89.87,86.15,-2.88,2.37,4.08,0.8229166666666667,96392.0,849604939.0,下跌,3.107500591529299
2025-10-14,89.51,85.18,91.99,84.95,-3.86,2.74,7.95,0.7098445595854923,111263.0,985274216.0,下跌,2.433157189052765
2025-10-14,89.51,85.18,91.99,84.95,-3.86,2.74,7.95,0.7098445595854923,111263.0,985274216.0,下跌,2.433157189052765
2025-10-15,86.06,86.01,86.68,83.0,0.97,2.65,4.32,2.731958762886598,107646.0,913274707.0,上涨,2.5968136288350823
2025-10-15,86.06,86.01,86.68,83.0,0.97,2.65,4.32,2.731958762886598,107646.0,913274707.0,上涨,2.5968136288350823
2025-10-16,85.78,85.66,87.88,85.1,-0.41,1.92,3.23,4.682926829268292,77901.0,673059970.0,下跌,2.5278018771196455
2025-10-16,85.78,85.66,87.88,85.1,-0.41,1.92,3.23,4.682926829268292,77901.0,673059970.0,下跌,2.5278018771196455
2025-10-17,90.0,82.6,90.0,82.23,-3.57,3.55,9.07,0.9943977591036415,144264.0,1214712054.0,下跌,1.9244419906932708
2025-10-17,90.0,82.6,90.0,82.23,-3.57,3.55,9.07,0.9943977591036415,144264.0,1214712054.0,下跌,1.9244419906932708
2025-10-20,84.25,82.33,85.94,81.24,-0.33,3.16,5.69,9.575757575757576,128290.0,1072822459.0,下跌,1.8712043536556502
2025-10-20,84.25,82.33,85.94,81.24,-0.33,3.16,5.69,9.575757575757576,128290.0,1072822459.0,下跌,1.8712043536556502
2025-10-21,82.49,87.98,90.56,81.54,6.86,6.32,10.96,0.9212827988338192,256899.0,2228778391.0,上涨,2.9852512027762446
2025-10-21,82.49,87.98,90.56,81.54,6.86,6.32,10.96,0.9212827988338192,256899.0,2228778391.0,上涨,2.9852512027762446
2025-10-22,86.74,91.59,93.25,85.48,4.1,5.53,8.83,1.3487804878048781,224685.0,1995135382.0,上涨,3.6970581276125882
2025-10-22,86.74,91.59,93.25,85.48,4.1,5.53,8.83,1.3487804878048781,224685.0,1995135382.0,上涨,3.6970581276125882
2025-10-23,89.93,85.48,89.93,83.38,-6.67,4.25,7.15,0.6371814092953524,172656.0,1478904258.0,下跌,2.492310119094566
2025-10-23,89.93,85.48,89.93,83.38,-6.67,4.25,7.15,0.6371814092953524,172656.0,1478904258.0,下跌,2.492310119094566
2025-10-24,86.7,89.89,92.19,84.75,5.16,4.78,8.7,0.9263565891472868,194297.0,1730169478.0,上涨,3.361858190709046
2025-10-24,86.7,89.89,92.19,84.75,5.16,4.78,8.7,0.9263565891472868,194297.0,1730169478.0,上涨,3.361858190709046
2025-10-27,91.5,93.38,95.0,90.64,3.88,5.04,4.85,1.2989690721649485,204852.0,1908645178.0,上涨,4.050003943528669
2025-10-27,91.5,93.38,95.0,90.64,3.88,5.04,4.85,1.2989690721649485,204852.0,1908645178.0,上涨,4.050003943528669
2025-10-28,94.19,91.27,95.29,90.78,-2.26,3.67,4.83,1.6238938053097347,149252.0,1384143843.0,下跌,3.633961668901332
2025-10-28,94.19,91.27,95.29,90.78,-2.26,3.67,4.83,1.6238938053097347,149252.0,1384143843.0,下跌,3.633961668901332
2025-10-29,91.27,91.0,92.33,87.82,-0.3,3.37,4.94,11.233333333333334,136847.0,1229731521.0,下跌,3.5807240318637112
2025-10-29,91.27,91.0,92.33,87.82,-0.3,3.37,4.94,11.233333333333334,136847.0,1229731521.0,下跌,3.5807240318637112
2025-10-30,90.01,88.5,91.83,87.4,-2.75,2.5,4.87,0.9090909090909091,101713.0,909216593.0,下跌,3.087782948182033
2025-10-30,90.01,88.5,91.83,87.4,-2.75,2.5,4.87,0.9090909090909091,101713.0,909216593.0,下跌,3.087782948182033
2025-10-31,87.0,84.89,87.39,83.8,-4.08,2.72,4.06,0.6666666666666667,110620.0,942026955.0,下跌,2.3759760233456895
2025-10-31,87.0,84.89,87.39,83.8,-4.08,2.72,4.06,0.6666666666666667,110620.0,942026955.0,下跌,2.3759760233456895
2025-11-03,84.01,85.06,85.68,82.9,0.2,1.86,3.27,9.3,75422.0,636274761.0,上涨,2.4094960170360435
2025-11-03,84.01,85.06,85.68,82.9,0.2,1.86,3.27,9.3,75422.0,636274761.0,上涨,2.4094960170360435
2025-11-04,85.58,82.58,85.58,82.0,-2.92,1.43,4.21,0.4897260273972603,58006.0,482205843.0,下跌,1.9204984620238181
2025-11-04,85.58,82.58,85.58,82.0,-2.92,1.43,4.21,0.4897260273972603,58006.0,482205843.0,下跌,1.9204984620238181
2025-11-05,81.0,80.75,84.0,80.27,-2.22,2.3,4.52,1.036036036036036,93347.0,758936570.0,下跌,1.5596655887688298
2025-11-05,81.0,80.75,84.0,80.27,-2.22,2.3,4.52,1.036036036036036,93347.0,758936570.0,下跌,1.5596655887688298
2025-11-06,80.75,83.2,83.99,80.75,3.03,2.3,4.01,0.759075907590759,93471.0,772057673.0,上涨,2.0427478507768755
2025-11-06,80.75,83.2,83.99,80.75,3.03,2.3,4.01,0.759075907590759,93471.0,772057673.0,上涨,2.0427478507768755
2025-11-07,82.0,81.73,82.79,80.2,-1.77,1.72,3.11,0.9717514124293785,69761.0,568249317.0,下跌,1.7528984935720484
2025-11-07,82.0,81.73,82.79,80.2,-1.77,1.72,3.11,0.9717514124293785,69761.0,568249317.0,下跌,1.7528984935720484
2025-11-10,80.79,79.95,82.0,78.03,-2.18,2.15,4.86,0.9862385321100916,87226.0,692371589.0,下跌,1.4019244419906933
2025-11-10,80.79,79.95,82.0,78.03,-2.18,2.15,4.86,0.9862385321100916,87226.0,692371589.0,下跌,1.4019244419906933
2025-11-11,81.21,79.39,81.77,78.71,-0.7,1.86,3.83,2.6571428571428575,75636.0,606934715.0,下跌,1.291505639245997
2025-11-11,81.21,79.39,81.77,78.71,-0.7,1.86,3.83,2.6571428571428575,75636.0,606934715.0,下跌,1.291505639245997
2025-11-12,79.4,78.25,79.78,76.76,-1.44,1.54,3.8,1.0694444444444444,62425.0,485990374.0,下跌,1.0667245050871514
2025-11-12,79.4,78.25,79.78,76.76,-1.44,1.54,3.8,1.0694444444444444,62425.0,485990374.0,下跌,1.0667245050871514
2025-11-13,78.2,78.35,79.06,77.38,0.13,1.35,2.15,10.384615384615385,55029.0,430152505.0,上涨,1.0864421484344173
2025-11-13,78.2,78.35,79.06,77.38,0.13,1.35,2.15,10.384615384615385,55029.0,430152505.0,上涨,1.0864421484344173
2025-11-14,77.22,79.44,82.62,76.18,1.39,3.7,8.22,2.6618705035971226,150416.0,1199514764.0,上涨,1.30136446091963
2025-11-14,77.22,79.44,82.62,76.18,1.39,3.7,8.22,2.6618705035971226,150416.0,1199514764.0,上涨,1.30136446091963
2025-11-17,78.44,81.1,83.0,78.4,2.09,3.14,5.79,1.5023923444976077,127589.0,1029005626.0,上涨,1.6286773404842636
2025-11-17,78.44,81.1,83.0,78.4,2.09,3.14,5.79,1.5023923444976077,127589.0,1029005626.0,上涨,1.6286773404842636
2025-11-18,80.31,81.2,83.46,78.62,0.12,3.65,5.97,30.416666666666668,148379.0,1202668366.0,上涨,1.6483949838315324
2025-11-18,80.31,81.2,83.46,78.62,0.12,3.65,5.97,30.416666666666668,148379.0,1202668366.0,上涨,1.6483949838315324
2025-11-19,81.44,83.68,86.5,80.18,3.05,5.11,7.78,1.675409836065574,207697.0,1733886202.0,上涨,2.1373925388437582
2025-11-19,81.44,83.68,86.5,80.18,3.05,5.11,7.78,1.675409836065574,207697.0,1733886202.0,上涨,2.1373925388437582
2025-11-20,86.0,78.41,86.58,78.0,-6.3,4.1,10.25,0.6507936507936507,166592.0,1339632380.0,下跌,1.098272734442778
2025-11-20,86.0,78.41,86.58,78.0,-6.3,4.1,10.25,0.6507936507936507,166592.0,1339632380.0,下跌,1.098272734442778
2025-11-21,74.0,72.84,74.94,72.28,-7.1,2.67,3.39,0.376056338028169,108488.0,797925562.0,下跌,0.0
2025-11-21,74.0,72.84,74.94,72.28,-7.1,2.67,3.39,0.376056338028169,108488.0,797925562.0,下跌,0.0
2025-11-24,74.2,73.64,75.42,72.7,1.1,2.05,3.73,1.8636363636363633,83486.0,615453250.0,上涨,0.15774114677813653
2025-11-24,74.2,73.64,75.42,72.7,1.1,2.05,3.73,1.8636363636363633,83486.0,615453250.0,上涨,0.15774114677813653
2025-11-25,74.96,81.0,81.0,74.61,9.99,2.33,8.68,0.23323323323323322,94534.0,743367604.0,上涨,1.6089596971369975
2025-11-25,74.96,81.0,81.0,74.61,9.99,2.33,8.68,0.23323323323323322,94534.0,743367604.0,上涨,1.6089596971369975
2025-11-26,83.0,85.64,89.1,82.33,5.73,7.49,8.36,1.307155322862129,304203.0,2596842901.0,上涨,2.523858348450193
2025-11-26,83.0,85.64,89.1,82.33,5.73,7.49,8.36,1.307155322862129,304203.0,2596842901.0,上涨,2.523858348450193
2025-11-27,85.47,87.3,93.48,84.76,1.94,6.85,10.18,3.5309278350515463,278525.0,2451651587.0,上涨,2.851171228014827
2025-11-27,85.47,87.3,93.48,84.76,1.94,6.85,10.18,3.5309278350515463,278525.0,2451651587.0,上涨,2.851171228014827
2025-11-28,85.0,87.08,90.96,84.5,-0.25,4.91,7.4,19.64,199664.0,1733446165.0,下跌,2.807792412650839
2025-11-28,85.0,87.08,90.96,84.5,-0.25,4.91,7.4,19.64,199664.0,1733446165.0,下跌,2.807792412650839
2025-12-01,87.12,85.57,87.48,85.08,-1.73,3.07,2.76,1.7745664739884393,124769.0,1070471947.0,下跌,2.5100559981071044
2025-12-01,87.12,85.57,87.48,85.08,-1.73,3.07,2.76,1.7745664739884393,124769.0,1070471947.0,下跌,2.5100559981071044
2025-12-02,84.0,83.11,84.6,82.44,-2.87,2.66,2.52,0.926829268292683,108247.0,902738108.0,下跌,2.0250019717643344
2025-12-02,84.0,83.11,84.6,82.44,-2.87,2.66,2.52,0.926829268292683,108247.0,902738108.0,下跌,2.0250019717643344
2025-12-03,83.57,83.02,85.4,82.67,-0.11,2.55,3.28,23.18181818181818,103528.0,869222653.0,下跌,2.007256092751793
2025-12-03,83.57,83.02,85.4,82.67,-0.11,2.55,3.28,23.18181818181818,103528.0,869222653.0,下跌,2.007256092751793
2025-12-04,81.56,82.64,83.68,80.6,-0.46,2.26,3.71,4.913043478260869,91787.0,755032377.0,下跌,1.9323290480321789
2025-12-04,81.56,82.64,83.68,80.6,-0.46,2.26,3.71,4.913043478260869,91787.0,755032377.0,下跌,1.9323290480321789
2025-12-05,82.4,83.63,84.93,80.78,1.2,2.82,5.02,2.35,114775.0,956932715.0,上涨,2.1275337171701225
2025-12-05,82.4,83.63,84.93,80.78,1.2,2.82,5.02,2.35,114775.0,956932715.0,上涨,2.1275337171701225
2025-12-08,83.65,88.31,91.5,83.64,5.6,5.56,9.4,0.9928571428571429,225761.0,1992249252.0,上涨,3.0503194258222255
2025-12-08,83.65,88.31,91.5,83.64,5.6,5.56,9.4,0.9928571428571429,225761.0,1992249252.0,上涨,3.0503194258222255
2025-12-09,88.38,89.48,91.03,87.81,1.32,4.82,3.65,3.6515151515151514,195751.0,1752723268.0,上涨,3.2810158529852513
2025-12-09,88.38,89.48,91.03,87.81,1.32,4.82,3.65,3.6515151515151514,195751.0,1752723268.0,上涨,3.2810158529852513
2025-12-10,88.93,98.43,98.43,87.57,10.0,7.62,12.14,0.762,309789.0,2898314319.0,上涨,5.045744932565661
2025-12-10,88.93,98.43,98.43,87.57,10.0,7.62,12.14,0.762,309789.0,2898314319.0,上涨,5.045744932565661
2025-12-11,102.0,101.27,106.06,95.96,2.89,8.16,10.26,2.8235294117647056,331745.0,3387586911.0,上涨,5.605726003628045
2025-12-11,102.0,101.27,106.06,95.96,2.89,8.16,10.26,2.8235294117647056,331745.0,3387586911.0,上涨,5.605726003628045
2025-12-12,98.97,105.72,108.0,98.5,4.39,6.75,9.38,1.5375854214123008,274148.0,2843963628.0,上涨,6.483161132581433
2025-12-12,98.97,105.72,108.0,98.5,4.39,6.75,9.38,1.5375854214123008,274148.0,2843963628.0,上涨,6.483161132581433
2025-12-15,101.39,95.15,101.4,95.15,-10.0,5.13,5.91,0.513,208289.0,2009841386.0,下跌,4.399006230775298
2025-12-15,101.39,95.15,101.4,95.15,-10.0,5.13,5.91,0.513,208289.0,2009841386.0,下跌,4.399006230775298
2025-12-16,94.32,89.3,94.82,88.31,-6.15,5.02,6.84,0.8162601626016259,203781.0,1848441344.0,下跌,3.245524094960169
2025-12-16,94.32,89.3,94.82,88.31,-6.15,5.02,6.84,0.8162601626016259,203781.0,1848441344.0,下跌,3.245524094960169
2025-12-17,93.0,98.23,98.23,93.0,10.0,5.85,5.86,0.585,237790.0,2300456884.0,上涨,5.006309645871125
2025-12-17,93.0,98.23,98.23,93.0,10.0,5.85,5.86,0.585,237790.0,2300456884.0,上涨,5.006309645871125
2025-12-18,102.0,108.05,108.05,102.0,10.0,7.21,6.16,0.721,292925.0,3139669428.0,上涨,6.942582222572757
2025-12-18,102.0,108.05,108.05,102.0,10.0,7.21,6.16,0.721,292925.0,3139669428.0,上涨,6.942582222572757
2025-12-19,110.0,115.5,118.78,105.0,6.89,9.23,12.75,1.339622641509434,375168.0,4262515508.0,上涨,8.41154665194416
2025-12-19,110.0,115.5,118.78,105.0,6.89,9.23,12.75,1.339622641509434,375168.0,4262515508.0,上涨,8.41154665194416
2025-12-22,117.8,127.05,127.05,117.8,10.0,2.66,8.01,0.266,108061.0,1331941101.0,上涨,10.688934458553513
2025-12-22,117.8,127.05,127.05,117.8,10.0,2.66,8.01,0.266,108061.0,1331941101.0,上涨,10.688934458553513
2025-12-23,124.95,126.07,128.05,122.0,-0.77,6.58,4.76,8.545454545454545,267269.0,3346172489.0,下跌,10.495701553750294
2025-12-23,124.95,126.07,128.05,122.0,-0.77,6.58,4.76,8.545454545454545,267269.0,3346172489.0,下跌,10.495701553750294
2025-12-24,125.0,130.5,131.5,123.55,3.51,5.54,6.31,1.5783475783475784,225136.0,2895742744.0,上涨,11.36919315403423
2025-12-24,125.0,130.5,131.5,123.55,3.51,5.54,6.31,1.5783475783475784,225136.0,2895742744.0,上涨,11.36919315403423
2025-12-25,128.99,125.0,129.99,122.37,-4.21,4.99,5.84,1.185273159144893,202680.0,2529801643.0,下跌,10.284722769934538
2025-12-25,128.99,125.0,129.99,122.37,-4.21,4.99,5.84,1.185273159144893,202680.0,2529801643.0,下跌,10.284722769934538
2025-12-26,124.0,121.86,124.5,119.47,-2.51,3.95,4.02,1.5737051792828687,160494.0,1953629347.0,下跌,9.66558876883035
2025-12-26,124.0,121.86,124.5,119.47,-2.51,3.95,4.02,1.5737051792828687,160494.0,1953629347.0,下跌,9.66558876883035
2025-12-29,119.99,120.75,123.0,119.0,-0.91,2.78,3.28,3.0549450549450547,112830.0,1358176778.0,下跌,9.446722927675683
2025-12-29,119.99,120.75,123.0,119.0,-0.91,2.78,3.28,3.0549450549450547,112830.0,1358176778.0,下跌,9.446722927675683
2025-12-30,119.02,119.3,124.0,119.01,-1.2,3.17,4.13,2.6416666666666666,128938.0,1564255688.0,下跌,9.16081709914031
2025-12-30,119.02,119.3,124.0,119.01,-1.2,3.17,4.13,2.6416666666666666,128938.0,1564255688.0,下跌,9.16081709914031
2025-12-31,120.54,116.36,121.0,115.55,-2.46,3.28,4.57,1.3333333333333333,133298.0,1560707471.0,下跌,8.581118384730658
2025-12-31,120.54,116.36,121.0,115.55,-2.46,3.28,4.57,1.3333333333333333,133298.0,1560707471.0,下跌,8.581118384730658
2026-01-05,118.0,115.19,118.37,113.45,-1.01,2.62,4.23,2.594059405940594,106598.0,1230580885.0,下跌,8.35042195756763
2026-01-05,118.0,115.19,118.37,113.45,-1.01,2.62,4.23,2.594059405940594,106598.0,1230580885.0,下跌,8.35042195756763
2026-01-06,114.41,113.92,114.78,112.08,-1.1,2.69,2.34,2.4454545454545453,109499.0,1240513405.0,下跌,8.10000788705734
2026-01-06,114.41,113.92,114.78,112.08,-1.1,2.69,2.34,2.4454545454545453,109499.0,1240513405.0,下跌,8.10000788705734
2026-01-07,114.55,117.76,121.22,114.11,3.37,5.44,6.24,1.6142433234421365,220863.0,2593476107.0,上涨,8.857165391592398
2026-01-07,114.55,117.76,121.22,114.11,3.37,5.44,6.24,1.6142433234421365,220863.0,2593476107.0,上涨,8.857165391592398
2026-01-08,116.59,111.63,117.0,111.48,-5.21,3.97,4.69,0.761996161228407,161417.0,1822919080.0,下跌,7.64847385440492
2026-01-08,116.59,111.63,117.0,111.48,-5.21,3.97,4.69,0.761996161228407,161417.0,1822919080.0,下跌,7.64847385440492
2026-01-09,110.0,112.03,113.62,108.89,0.36,2.96,4.24,8.222222222222223,120112.0,1337314002.0,上涨,7.72734442779399
2026-01-09,110.0,112.03,113.62,108.89,0.36,2.96,4.24,8.222222222222223,120112.0,1337314002.0,上涨,7.72734442779399
2026-01-12,111.89,110.48,111.95,107.89,-1.38,2.83,3.62,2.0507246376811596,114878.0,1262364269.0,下跌,7.42172095591135
2026-01-12,111.89,110.48,111.95,107.89,-1.38,2.83,3.62,2.0507246376811596,114878.0,1262364269.0,下跌,7.42172095591135
2026-01-13,109.98,107.2,111.66,106.64,-2.97,2.73,4.54,0.9191919191919191,111091.0,1206961630.0,下跌,6.774982254120989
2026-01-13,109.98,107.2,111.66,106.64,-2.97,2.73,4.54,0.9191919191919191,111091.0,1206961630.0,下跌,6.774982254120989
2026-01-15,105.85,108.37,109.1,105.41,1.09,2.48,3.44,2.275229357798165,100897.0,1083633954.0,上涨,7.005678681284014
2026-01-15,105.85,108.37,109.1,105.41,1.09,2.48,3.44,2.275229357798165,100897.0,1083633954.0,上涨,7.005678681284014
2026-01-16,111.1,114.4,116.86,111.1,5.56,5.32,5.32,0.9568345323741009,216227.0,2481447953.0,上涨,8.194652575124223
2026-01-16,111.1,114.4,116.86,111.1,5.56,5.32,5.32,0.9568345323741009,216227.0,2481447953.0,上涨,8.194652575124223
2026-01-19,124.79,117.83,125.5,116.95,3.0,5.76,7.47,1.92,234184.0,2834265805.0,上涨,8.870967741935482
2026-01-19,124.79,117.83,125.5,116.95,3.0,5.76,7.47,1.92,234184.0,2834265805.0,上涨,8.870967741935482
2026-01-20,118.0,118.4,122.23,112.56,0.48,4.46,8.21,9.291666666666666,181366.0,2133054580.0,上涨,8.983358309014907
2026-01-20,118.0,118.4,122.23,112.56,0.48,4.46,8.21,9.291666666666666,181366.0,2133054580.0,上涨,8.983358309014907
2026-01-21,115.08,114.17,121.8,113.0,-3.57,4.35,7.43,1.218487394957983,176916.0,2068666348.0,下跌,8.149301995425507
2026-01-21,115.08,114.17,121.8,113.0,-3.57,4.35,7.43,1.218487394957983,176916.0,2068666348.0,下跌,8.149301995425507
2026-01-22,113.97,110.13,114.85,109.18,-3.54,2.99,4.97,0.844632768361582,121304.0,1342166121.0,下跌,7.3527092041959135
2026-01-22,113.97,110.13,114.85,109.18,-3.54,2.99,4.97,0.844632768361582,121304.0,1342166121.0,下跌,7.3527092041959135
2026-01-23,112.45,112.58,118.28,112.0,2.22,4.32,5.7,1.9459459459459458,175705.0,2019556590.0,上涨,7.835791466203959
2026-01-23,112.45,112.58,118.28,112.0,2.22,4.32,5.7,1.9459459459459458,175705.0,2019556590.0,上涨,7.835791466203959
2026-01-26,113.82,123.84,123.84,112.58,10.0,3.54,10.0,0.354,143807.0,1749332916.0,上涨,10.05599810710624
2026-01-26,113.82,123.84,123.84,112.58,10.0,3.54,10.0,0.354,143807.0,1749332916.0,上涨,10.05599810710624
2026-01-27,123.0,126.6,128.0,115.6,2.23,6.29,10.01,2.820627802690583,255686.0,3127450030.0,上涨,10.60020506349081
2026-01-27,123.0,126.6,128.0,115.6,2.23,6.29,10.01,2.820627802690583,255686.0,3127450030.0,上涨,10.60020506349081
2026-01-28,139.26,135.3,139.26,128.2,6.87,7.23,8.74,1.052401746724891,293722.0,3955003501.0,上涨,12.315640034703055
2026-01-28,139.26,135.3,139.26,128.2,6.87,7.23,8.74,1.052401746724891,293722.0,3955003501.0,上涨,12.315640034703055
2026-01-29,132.04,135.56,136.0,129.0,0.19,5.22,5.17,27.473684210526315,211978.0,2813350060.0,上涨,12.366905907405949
2026-01-29,132.04,135.56,136.0,129.0,0.19,5.22,5.17,27.473684210526315,211978.0,2813350060.0,上涨,12.366905907405949
2026-01-30,132.99,149.12,149.12,131.67,10.0,5.44,12.87,0.544,220993.0,3157220794.0,上涨,15.04061834529537
2026-01-30,132.99,149.12,149.12,131.67,10.0,5.44,12.87,0.544,220993.0,3157220794.0,上涨,15.04061834529537
2026-02-02,151.0,158.99,164.03,151.0,6.62,7.03,8.74,1.0619335347432024,285672.0,4531123094.0,上涨,16.98674974367064
2026-02-02,151.0,158.99,164.03,151.0,6.62,7.03,8.74,1.0619335347432024,285672.0,4531123094.0,上涨,16.98674974367064
2026-02-03,160.0,165.22,168.5,156.0,3.92,5.39,7.86,1.375,219023.0,3543742533.0,上涨,18.21515892420538
2026-02-03,160.0,165.22,168.5,156.0,3.92,5.39,7.86,1.375,219023.0,3543742533.0,上涨,18.21515892420538
2026-02-04,163.19,173.51,175.36,162.74,5.02,5.08,7.64,1.0119521912350598,206471.0,3520243632.0,上涨,19.849751557693825
2026-02-04,163.19,173.51,175.36,162.74,5.02,5.08,7.64,1.0119521912350598,206471.0,3520243632.0,上涨,19.849751557693825
2026-02-05,164.83,161.76,169.2,157.0,-6.77,4.09,7.03,0.6041358936484491,166028.0,2694834854.0,下跌,17.532928464389936
2026-02-05,164.83,161.76,169.2,157.0,-6.77,4.09,7.03,0.6041358936484491,166028.0,2694834854.0,下跌,17.532928464389936
2026-02-06,160.65,174.77,177.94,160.65,8.04,5.22,10.69,0.6492537313432836,212139.0,3702162143.0,上涨,20.098193863869394
2026-02-06,160.65,174.77,177.94,160.65,8.04,5.22,10.69,0.6492537313432836,212139.0,3702162143.0,上涨,20.098193863869394
2026-02-09,181.3,192.25,192.25,171.23,10.0,4.79,12.03,0.479,194696.0,3589992340.0,上涨,23.544837920971688
2026-02-09,181.3,192.25,192.25,171.23,10.0,4.79,12.03,0.479,194696.0,3589992340.0,上涨,23.544837920971688
2026-02-10,198.37,211.48,211.48,198.37,10.0,3.83,6.82,0.383,155659.0,3239913113.0,上涨,27.336540736651155
2026-02-10,198.37,211.48,211.48,198.37,10.0,3.83,6.82,0.383,155659.0,3239913113.0,上涨,27.336540736651155
2026-02-11,208.08,218.26,225.87,208.08,3.21,5.01,8.41,1.5607476635514017,203428.0,4459299037.0,上涨,28.673396955595866
2026-02-11,208.08,218.26,225.87,208.08,3.21,5.01,8.41,1.5607476635514017,203428.0,4459299037.0,上涨,28.673396955595866
2026-02-12,221.0,227.0,229.77,210.15,4.0,4.17,8.99,1.0425,169565.0,3773093912.0,上涨,30.396718984147014
2026-02-12,221.0,227.0,229.77,210.15,4.0,4.17,8.99,1.0425,169565.0,3773093912.0,上涨,30.396718984147014
2026-02-13,225.0,213.39,226.99,211.2,-6.0,3.95,6.96,0.6583333333333333,160419.0,3461357082.0,下跌,27.71314772458396
2026-02-13,225.0,213.39,226.99,211.2,-6.0,3.95,6.96,0.6583333333333333,160419.0,3461357082.0,下跌,27.71314772458396
2026-02-24,228.0,234.73,234.73,221.03,10.0,2.93,6.42,0.29300000000000004,119239.0,2735330606.0,上涨,31.92089281489076
2026-02-24,228.0,234.73,234.73,221.03,10.0,2.93,6.42,0.29300000000000004,119239.0,2735330606.0,上涨,31.92089281489076
2026-02-25,240.0,228.55,244.88,218.51,-2.63,5.01,11.23,1.9049429657794676,203469.0,4640757119.0,下跌,30.70234245602966
2026-02-25,240.0,228.55,244.88,218.51,-2.63,5.01,11.23,1.9049429657794676,203469.0,4640757119.0,下跌,30.70234245602966
2026-02-26,233.0,236.2,248.88,233.0,3.35,5.32,6.95,1.5880597014925373,216253.0,5192177527.0,上涨,32.21074217209559
2026-02-26,233.0,236.2,248.88,233.0,3.35,5.32,6.95,1.5880597014925373,216253.0,5192177527.0,上涨,32.21074217209559
2026-02-27,223.09,231.31,237.95,215.08,-2.07,4.88,9.68,2.3574879227053143,198344.0,4468564168.0,下跌,31.246549412414232
2026-02-27,223.09,231.31,237.95,215.08,-2.07,4.88,9.68,2.3574879227053143,198344.0,4468564168.0,下跌,31.246549412414232
2026-03-02,227.62,242.42,254.44,224.65,4.8,5.28,12.88,1.1,214677.0,5278706821.0,上涨,33.437179588295606
2026-03-02,227.62,242.42,254.44,224.65,4.8,5.28,12.88,1.1,214677.0,5278706821.0,上涨,33.437179588295606
2026-03-03,242.52,236.0,253.87,235.0,-2.65,4.53,7.78,1.709433962264151,184002.0,4484926836.0,下跌,32.17130688540106
2026-03-03,242.52,236.0,253.87,235.0,-2.65,4.53,7.78,1.709433962264151,184002.0,4484926836.0,下跌,32.17130688540106
2026-03-04,226.87,228.27,245.77,224.0,-3.28,3.45,9.22,1.051829268292683,140351.0,3232836713.0,下跌,30.64713305465731
2026-03-04,226.87,228.27,245.77,224.0,-3.28,3.45,9.22,1.051829268292683,140351.0,3232836713.0,下跌,30.64713305465731
2026-03-05,233.0,223.36,236.01,219.59,-2.15,3.52,7.19,1.6372093023255814,142939.0,3206240649.0,下跌,29.678996766306494
2026-03-05,233.0,223.36,236.01,219.59,-2.15,3.52,7.19,1.6372093023255814,142939.0,3206240649.0,下跌,29.678996766306494
2026-03-06,219.74,213.2,221.66,211.58,-4.55,3.38,4.51,0.7428571428571429,137415.0,2949733046.0,下跌,27.675684202224147
2026-03-06,219.74,213.2,221.66,211.58,-4.55,3.38,4.51,0.7428571428571429,137415.0,2949733046.0,下跌,27.675684202224147
2026-03-09,204.78,211.91,211.91,196.12,-0.61,3.37,7.41,5.524590163934427,136859.0,2776506907.0,下跌,27.421326603044406
2026-03-09,204.78,211.91,211.91,196.12,-0.61,3.37,7.41,5.524590163934427,136859.0,2776506907.0,下跌,27.421326603044406
2026-03-10,217.25,233.1,233.1,214.25,10.0,4.2,8.9,0.42000000000000004,170543.0,3800169466.0,上涨,31.59949522833031
2026-03-10,217.25,233.1,233.1,214.25,10.0,4.2,8.9,0.42000000000000004,170543.0,3800169466.0,上涨,31.59949522833031
2026-03-11,244.75,250.01,256.41,244.66,7.25,6.07,5.04,0.8372413793103448,246696.0,6231166369.0,上涨,34.93374871835318
2026-03-11,244.75,250.01,256.41,244.66,7.25,6.07,5.04,0.8372413793103448,246696.0,6231166369.0,上涨,34.93374871835318
2026-03-12,245.01,245.0,266.66,242.82,-2.0,4.83,9.54,2.415,196167.0,4947694783.0,下跌,33.9458947866551
2026-03-12,245.01,245.0,266.66,242.82,-2.0,4.83,9.54,2.415,196167.0,4947694783.0,下跌,33.9458947866551
2026-03-13,243.78,241.9,254.97,241.06,-1.27,3.92,5.68,3.0866141732283463,159105.0,3922417649.0,下跌,33.33464784288982
2026-03-13,243.78,241.9,254.97,241.06,-1.27,3.92,5.68,3.0866141732283463,159105.0,3922417649.0,下跌,33.33464784288982
2026-03-16,242.0,233.0,245.0,228.0,-3.68,3.75,7.03,1.0190217391304348,152351.0,3564502701.0,下跌,31.57977758498304
2026-03-16,242.0,233.0,245.0,228.0,-3.68,3.75,7.03,1.0190217391304348,152351.0,3564502701.0,下跌,31.57977758498304
2026-03-17,232.98,215.81,232.98,213.8,-7.38,4.09,8.23,0.55420054200542,166216.0,3644213169.0,下跌,28.190314693587826
2026-03-17,232.98,215.81,232.98,213.8,-7.38,4.09,8.23,0.55420054200542,166216.0,3644213169.0,下跌,28.190314693587826
2026-03-18,221.0,222.93,224.36,214.67,3.3,3.39,4.49,1.0272727272727273,137808.0,3026259669.0,上涨,29.594210899913243
2026-03-18,221.0,222.93,224.36,214.67,3.3,3.39,4.49,1.0272727272727273,137808.0,3026259669.0,上涨,29.594210899913243
2026-03-19,212.0,215.93,222.93,212.0,-3.14,2.59,4.9,0.8248407643312101,105390.0,2285693391.0,下跌,28.213975865604546
2026-03-19,212.0,215.93,222.93,212.0,-3.14,2.59,4.9,0.8248407643312101,105390.0,2285693391.0,下跌,28.213975865604546
2026-03-20,222.3,216.88,233.6,215.08,0.44,5.05,8.58,11.477272727272727,205015.0,4588502592.0,上涨,28.401293477403584
2026-03-20,222.3,216.88,233.6,215.08,0.44,5.05,8.58,11.477272727272727,205015.0,4588502592.0,上涨,28.401293477403584
2026-03-23,213.54,212.1,222.64,209.6,-2.2,3.53,6.01,1.6045454545454543,143246.0,3093159037.0,下跌,27.458790125404214
2026-03-23,213.54,212.1,222.64,209.6,-2.2,3.53,6.01,1.6045454545454543,143246.0,3093159037.0,下跌,27.458790125404214
2026-03-24,216.34,233.31,233.31,212.79,10.0,4.8,9.67,0.48,195170.0,4320966944.0,上涨,31.640902279359572
2026-03-24,216.34,233.31,233.31,212.79,10.0,4.8,9.67,0.48,195170.0,4320966944.0,上涨,31.640902279359572
2026-03-25,246.0,256.64,256.64,243.0,10.0,5.32,5.85,0.532,216140.0,5462444335.0,上涨,36.241028472276994
2026-03-25,246.0,256.64,256.64,243.0,10.0,5.32,5.85,0.532,216140.0,5462444335.0,上涨,36.241028472276994
2026-03-26,258.44,268.88,276.5,254.07,4.77,5.34,8.74,1.119496855345912,216812.0,5743583517.0,上涨,38.65446801798249
2026-03-26,258.44,268.88,276.5,254.07,4.77,5.34,8.74,1.119496855345912,216812.0,5743583517.0,上涨,38.65446801798249
2026-03-27,258.0,274.26,279.66,252.25,2.0,5.06,10.19,2.53,205662.0,5461666609.0,上涨,39.71527723006546
2026-03-27,258.0,274.26,279.66,252.25,2.0,5.06,10.19,2.53,205662.0,5461666609.0,上涨,39.71527723006546
2026-03-30,269.28,301.69,301.69,269.28,10.0,3.67,11.82,0.367,149173.0,4346270139.0,上涨,45.12382680022084
2026-03-30,269.28,301.69,301.69,269.28,10.0,3.67,11.82,0.367,149173.0,4346270139.0,上涨,45.12382680022084
2026-03-31,300.0,309.49,320.0,287.01,2.59,5.24,10.94,2.0231660231660236,213010.0,6489851046.0,上涨,46.66180298130767
2026-03-31,300.0,309.49,320.0,287.01,2.59,5.24,10.94,2.0231660231660236,213010.0,6489851046.0,上涨,46.66180298130767
2026-04-01,320.0,308.0,320.0,291.0,-0.48,4.5,9.37,9.375,182901.0,5554795109.0,下跌,46.3680100954334
2026-04-01,320.0,308.0,320.0,291.0,-0.48,4.5,9.37,9.375,182901.0,5554795109.0,下跌,46.3680100954334
2026-04-02,304.9,332.49,338.8,304.9,7.95,4.73,11.01,0.5949685534591196,192142.0,6337712570.0,上涨,51.19686095117911
2026-04-02,304.9,332.49,338.8,304.9,7.95,4.73,11.01,0.5949685534591196,192142.0,6337712570.0,上涨,51.19686095117911
2026-04-03,339.13,352.5,363.63,330.0,6.02,4.59,10.11,0.7624584717607974,186519.0,6523095991.0,上涨,55.142361384967266
2026-04-03,339.13,352.5,363.63,330.0,6.02,4.59,10.11,0.7624584717607974,186519.0,6523095991.0,上涨,55.142361384967266
2026-04-07,351.5,357.1,368.0,346.0,1.3,4.24,6.24,3.2615384615384615,172365.0,6114347425.0,上涨,56.049372978941555
2026-04-07,351.5,357.1,368.0,346.0,1.3,4.24,6.24,3.2615384615384615,172365.0,6114347425.0,上涨,56.049372978941555
2026-04-08,362.2,362.1,365.1,341.5,1.4,5.38,6.61,3.842857142857143,218783.0,7734318439.0,上涨,57.03525514630492
2026-04-08,362.2,362.1,365.1,341.5,1.4,5.38,6.61,3.842857142857143,218783.0,7734318439.0,上涨,57.03525514630492
2026-04-09,354.86,398.31,398.31,353.0,10.0,5.28,12.51,0.528,214583.0,8098605833.0,上涨,64.17501380235035
2026-04-09,354.86,398.31,398.31,353.0,10.0,5.28,12.51,0.528,214583.0,8098605833.0,上涨,64.17501380235035
2026-04-10,392.0,384.38,396.53,370.0,-3.5,6.12,6.66,1.7485714285714287,248833.0,9500278889.0,下跌,61.428346084076026
2026-04-10,392.0,384.38,396.53,370.0,-3.5,6.12,6.66,1.7485714285714287,248833.0,9500278889.0,下跌,61.428346084076026
2026-04-13,372.0,369.18,375.88,360.0,-3.95,5.67,4.13,1.4354430379746834,230442.0,8425001819.0,下跌,58.43126429529144
2026-04-13,372.0,369.18,375.88,360.0,-3.95,5.67,4.13,1.4354430379746834,230442.0,8425001819.0,下跌,58.43126429529144
2026-04-14,369.99,364.5,376.76,360.01,-1.27,4.3,4.54,3.385826771653543,174594.0,6413161413.0,下跌,57.50847858663932
2026-04-14,369.99,364.5,376.76,360.01,-1.27,4.3,4.54,3.385826771653543,174594.0,6413161413.0,下跌,57.50847858663932
2026-04-15,360.12,358.61,371.8,352.0,-1.62,4.21,5.43,2.5987654320987654,170899.0,6192221276.0,下跌,56.3471093934853
2026-04-15,360.12,358.61,371.8,352.0,-1.62,4.21,5.43,2.5987654320987654,170899.0,6192221276.0,下跌,56.3471093934853
2026-04-16,350.0,368.52,373.05,346.0,2.76,4.45,7.54,1.6123188405797104,180799.0,6539563617.0,上涨,58.30112784919945
2026-04-16,350.0,368.52,373.05,346.0,2.76,4.45,7.54,1.6123188405797104,180799.0,6539563617.0,上涨,58.30112784919945
2026-04-17,367.44,365.89,372.64,360.35,-0.71,3.75,3.33,5.281690140845071,152231.0,5564071058.0,下跌,57.782553829166325
2026-04-17,367.44,365.89,372.64,360.35,-0.71,3.75,3.33,5.281690140845071,152231.0,5564071058.0,下跌,57.782553829166325
2026-04-20,374.23,385.0,401.98,374.23,5.22,5.17,7.58,0.9904214559386973,210116.0,8151820599.0,上涨,61.55059547282909
2026-04-20,374.23,385.0,401.98,374.23,5.22,5.17,7.58,0.9904214559386973,210116.0,8151820599.0,上涨,61.55059547282909
2026-04-21,377.3,381.58,386.66,360.52,-0.89,3.8,6.79,4.269662921348314,154608.0,5790020755.0,下跌,60.87625207035256
2026-04-21,377.3,381.58,386.66,360.52,-0.89,3.8,6.79,4.269662921348314,154608.0,5790020755.0,下跌,60.87625207035256
2026-04-22,382.29,412.0,417.96,382.29,7.97,4.99,9.35,0.6260978670012548,202629.0,8180956317.0,上涨,66.87435917659121
2026-04-22,382.29,412.0,417.96,382.29,7.97,4.99,9.35,0.6260978670012548,202629.0,8180956317.0,上涨,66.87435917659121
2026-04-23,411.2,385.02,422.88,381.5,-6.55,5.25,10.04,0.8015267175572519,213286.0,8530146002.0,下跌,61.55453900149853
2026-04-23,411.2,385.02,422.88,381.5,-6.55,5.25,10.04,0.8015267175572519,213286.0,8530146002.0,下跌,61.55453900149853
2026-04-24,378.39,368.16,385.0,364.35,-4.38,4.04,5.36,0.9223744292237444,164065.0,6118799352.0,下跌,58.23014433314931
2026-04-24,378.39,368.16,385.0,364.35,-4.38,4.04,5.36,0.9223744292237444,164065.0,6118799352.0,下跌,58.23014433314931
2026-04-27,378.0,377.5,394.0,374.09,2.54,4.32,5.41,1.7007874015748032,175410.0,6726492688.0,上涨,60.071772221784045
2026-04-27,378.0,377.5,394.0,374.09,2.54,4.32,5.41,1.7007874015748032,175410.0,6726492688.0,上涨,60.071772221784045
2026-04-28,370.51,373.49,381.16,368.0,-1.06,2.76,3.49,2.6037735849056602,112319.0,4196142921.0,下跌,59.28109472355864
2026-04-28,370.51,373.49,381.16,368.0,-1.06,2.76,3.49,2.6037735849056602,112319.0,4196142921.0,下跌,59.28109472355864
2026-04-29,365.0,370.52,375.99,358.1,-0.8,3.03,4.79,3.7874999999999996,122974.0,4518087120.0,下跌,58.6954807161448
2026-04-29,365.0,370.52,375.99,358.1,-0.8,3.03,4.79,3.7874999999999996,122974.0,4518087120.0,下跌,58.6954807161448
2026-04-30,359.1,353.9,365.0,336.99,-4.49,5.11,7.56,1.1380846325167038,207769.0,7244593592.0,下跌,55.418408391829
2026-04-30,359.1,353.9,365.0,336.99,-4.49,5.11,7.56,1.1380846325167038,207769.0,7244593592.0,下跌,55.418408391829
2026-05-06,362.0,361.05,370.0,353.5,2.02,4.28,4.66,2.118811881188119,173789.0,6286263257.0,上涨,56.82821989115862
2026-05-06,362.0,361.05,370.0,353.5,2.02,4.28,4.66,2.118811881188119,173789.0,6286263257.0,上涨,56.82821989115862
2026-05-07,380.11,389.2,392.0,368.18,7.8,4.97,6.6,0.6371794871794871,202035.0,7725768833.0,上涨,62.37873649341431
2026-05-07,380.11,389.2,392.0,368.18,7.8,4.97,6.6,0.6371794871794871,202035.0,7725768833.0,上涨,62.37873649341431
2026-05-08,373.38,397.23,405.0,373.0,2.06,4.79,8.22,2.325242718446602,194562.0,7575673697.0,上涨,63.96206325419986
2026-05-08,373.38,397.23,405.0,373.0,2.06,4.79,8.22,2.325242718446602,194562.0,7575673697.0,上涨,63.96206325419986
2026-05-11,404.4,400.31,404.99,385.0,0.78,4.77,5.03,6.115384615384615,193999.0,7699948538.0,上涨,64.56936666929569
2026-05-11,404.4,400.31,404.99,385.0,0.78,4.77,5.03,6.115384615384615,193999.0,7699948538.0,上涨,64.56936666929569
2026-05-12,406.05,411.46,430.0,406.0,2.79,4.4,6.0,1.5770609318996416,178592.0,7451922398.0,上涨,66.76788390251598
2026-05-12,406.05,411.46,430.0,406.0,2.79,4.4,6.0,1.5770609318996416,178592.0,7451922398.0,上涨,66.76788390251598
2026-05-13,393.0,406.96,412.98,393.0,-1.09,3.41,4.86,3.128440366972477,138534.0,5614482467.0,下跌,65.88058995188895
2026-05-13,393.0,406.96,412.98,393.0,-1.09,3.41,4.86,3.128440366972477,138534.0,5614482467.0,下跌,65.88058995188895
2026-05-14,410.82,404.7,419.68,398.72,-0.56,3.5,5.15,6.249999999999999,142031.0,5803734204.0,下跌,65.43497121224073
2026-05-14,410.82,404.7,419.68,398.72,-0.56,3.5,5.15,6.249999999999999,142031.0,5803734204.0,下跌,65.43497121224073
2026-05-15,400.01,374.45,404.7,366.66,-7.47,3.82,9.4,0.5113788487282463,155276.0,5918609602.0,下跌,59.47038409969241
2026-05-15,400.01,374.45,404.7,366.66,-7.47,3.82,9.4,0.5113788487282463,155276.0,5918609602.0,下跌,59.47038409969241
2026-05-18,368.0,399.48,401.99,367.5,6.68,4.07,9.21,0.6092814371257486,165299.0,6488808575.0,上涨,64.40571022951337
2026-05-18,368.0,399.48,401.99,367.5,6.68,4.07,9.21,0.6092814371257486,165299.0,6488808575.0,上涨,64.40571022951337
2026-05-19,395.49,397.9,398.98,376.99,-0.4,3.06,5.5,7.6499999999999995,124501.0,4850579365.0,下跌,64.09417146462654
2026-05-19,395.49,397.9,398.98,376.99,-0.4,3.06,5.5,7.6499999999999995,124501.0,4850579365.0,下跌,64.09417146462654
2026-05-21,397.95,375.8,402.03,374.0,-5.57,3.38,7.04,0.6068222621184919,137435.0,5323180020.0,下跌,59.736572284880516
2026-05-21,397.95,375.8,402.03,374.0,-5.57,3.38,7.04,0.6068222621184919,137435.0,5323180020.0,下跌,59.736572284880516
2026-05-22,380.0,388.66,389.98,375.86,3.42,2.48,3.76,0.7251461988304093,100802.0,3872286920.0,上涨,62.27226121933908
2026-05-22,380.0,388.66,389.98,375.86,3.42,2.48,3.76,0.7251461988304093,100802.0,3872286920.0,上涨,62.27226121933908
2026-05-25,388.66,386.03,389.88,378.05,-0.68,2.67,3.04,3.926470588235294,108557.0,4154673434.0,下跌,61.75368719930593
2026-05-25,388.66,386.03,389.88,378.05,-0.68,2.67,3.04,3.926470588235294,108557.0,4154673434.0,下跌,61.75368719930593
2026-05-26,384.0,363.93,384.99,358.48,-5.72,3.69,6.87,0.6451048951048951,149897.0,5477698884.0,下跌,57.39608801955991
2026-05-26,384.0,363.93,384.99,358.48,-5.72,3.69,6.87,0.6451048951048951,149897.0,5477698884.0,下跌,57.39608801955991
2026-05-27,362.99,366.1,375.0,360.07,0.6,2.82,4.1,4.7,114707.0,4209160458.0,上涨,57.8239608801956
2026-05-27,362.99,366.1,375.0,360.07,0.6,2.82,4.1,4.7,114707.0,4209160458.0,上涨,57.8239608801956
2026-05-28,360.66,370.55,373.0,351.37,1.22,2.87,5.91,2.3524590163934427,116444.0,4228194963.0,上涨,58.701396009149
2026-05-28,360.66,370.55,373.0,351.37,1.22,2.87,5.91,2.3524590163934427,116444.0,4228194963.0,上涨,58.701396009149
2026-05-29,369.97,402.81,407.0,365.0,8.71,6.23,11.33,0.7152698048220436,253337.0,9891327972.0,上涨,65.06230775297738
2026-05-29,369.97,402.81,407.0,365.0,8.71,6.23,11.33,0.7152698048220436,253337.0,9891327972.0,上涨,65.06230775297738
2026-06-01,399.99,371.58,399.99,367.0,-7.75,4.51,8.19,0.5819354838709677,183223.0,6984984727.0,下跌,58.90448773562584
2026-06-01,399.99,371.58,399.99,367.0,-7.75,4.51,8.19,0.5819354838709677,183223.0,6984984727.0,下跌,58.90448773562584
2026-06-02,373.11,408.74,408.74,368.58,10.0,4.86,10.81,0.48600000000000004,197541.0,7838952148.0,上涨,66.2315640034703
2026-06-02,373.11,408.74,408.74,368.58,10.0,4.86,10.81,0.48600000000000004,197541.0,7838952148.0,上涨,66.2315640034703
2026-06-03,423.0,444.99,449.61,420.99,8.87,5.21,7.0,0.5873731679819617,211772.0,9383791868.0,上涨,73.37920971685465
2026-06-03,423.0,444.99,449.61,420.99,8.87,5.21,7.0,0.5873731679819617,211772.0,9383791868.0,上涨,73.37920971685465
2026-06-04,434.9,455.89,469.99,433.0,2.45,4.69,8.31,1.9142857142857144,190685.0,8763817198.0,上涨,75.52843284170675
2026-06-04,434.9,455.89,469.99,433.0,2.45,4.69,8.31,1.9142857142857144,190685.0,8763817198.0,上涨,75.52843284170675
2026-06-05,455.95,441.67,487.1,436.01,-3.12,5.0,11.21,1.6025641025641024,203175.0,9412681118.0,下跌,72.72458395772539
2026-06-05,455.95,441.67,487.1,436.01,-3.12,5.0,11.21,1.6025641025641024,203175.0,9412681118.0,下跌,72.72458395772539
2026-06-08,406.0,440.3,462.3,406.0,-0.31,4.65,12.75,15.000000000000002,189114.0,8228761082.0,下跌,72.45445224386783
2026-06-08,406.0,440.3,462.3,406.0,-0.31,4.65,12.75,15.000000000000002,189114.0,8228761082.0,下跌,72.45445224386783
2026-06-09,454.0,484.33,484.33,447.1,10.0,4.26,8.46,0.426,173082.0,8097716960.0,上涨,81.13613060966955
2026-06-09,454.0,484.33,484.33,447.1,10.0,4.26,8.46,0.426,173082.0,8097716960.0,上涨,81.13613060966955
2026-06-10,482.0,452.69,495.0,445.0,-6.53,4.43,10.32,0.678407350689127,179845.0,8371310562.0,下跌,74.89746825459423
2026-06-10,482.0,452.69,495.0,445.0,-6.53,4.43,10.32,0.678407350689127,179845.0,8371310562.0,下跌,74.89746825459423
2026-06-11,443.68,442.51,459.96,431.1,-2.25,2.87,6.38,1.2755555555555556,116596.0,5163895556.0,下跌,72.89021216184241
2026-06-11,443.68,442.51,459.96,431.1,-2.25,2.87,6.38,1.2755555555555556,116596.0,5163895556.0,下跌,72.89021216184241
2026-06-12,456.51,436.5,462.46,432.51,-1.36,3.67,6.77,2.6985294117647056,149071.0,6630991955.0,下跌,71.70518179667165
2026-06-12,456.51,436.5,462.46,432.51,-1.36,3.67,6.77,2.6985294117647056,149071.0,6630991955.0,下跌,71.70518179667165
2026-06-15,440.0,450.3,452.88,421.01,3.16,3.6,7.3,1.139240506329114,146375.0,6454327333.0,上涨,74.42621657859453
2026-06-15,440.0,450.3,452.88,421.01,3.16,3.6,7.3,1.139240506329114,146375.0,6454327333.0,上涨,74.42621657859453
2026-06-16,450.31,464.1,474.99,447.0,3.06,3.69,6.22,1.2058823529411764,150030.0,6973395676.0,上涨,77.1472513605174
2026-06-16,450.31,464.1,474.99,447.0,3.06,3.69,6.22,1.2058823529411764,150030.0,6973395676.0,上涨,77.1472513605174
2026-06-17,452.01,460.5,464.69,445.38,-0.78,3.29,4.16,4.217948717948718,133681.0,6095028482.0,下跌,76.43741620001578
2026-06-17,452.01,460.5,464.69,445.38,-0.78,3.29,4.16,4.217948717948718,133681.0,6095028482.0,下跌,76.43741620001578
2026-06-18,455.0,471.55,482.58,454.98,2.4,3.91,5.99,1.6291666666666669,158951.0,7461804586.0,上涨,78.6162157898888
2026-06-18,455.0,471.55,482.58,454.98,2.4,3.91,5.99,1.6291666666666669,158951.0,7461804586.0,上涨,78.6162157898888
2026-06-22,494.78,518.71,518.71,490.1,10.0,2.08,6.07,0.20800000000000002,84661.0,4335875886.0,上涨,87.91505639245997
2026-06-22,494.78,518.71,518.71,490.1,10.0,2.08,6.07,0.20800000000000002,84661.0,4335875886.0,上涨,87.91505639245997
2026-06-23,555.0,570.58,570.58,539.46,10.0,5.67,6.0,0.567,230562.0,12928875317.0,上涨,98.14259799668744
2026-06-23,555.0,570.58,570.58,539.46,10.0,5.67,6.0,0.567,230562.0,12928875317.0,上涨,98.14259799668744
2026-06-24,558.2,580.0,594.0,553.18,1.65,4.66,7.15,2.8242424242424247,189302.0,10782440767.0,上涨,100.0
2026-06-24,558.2,580.0,594.0,553.18,1.65,4.66,7.15,2.8242424242424247,189302.0,10782440767.0,上涨,100.0
2026-06-25,598.0,575.0,600.0,565.0,-0.86,4.43,6.03,5.151162790697674,180120.0,10446669334.0,下跌,99.01411783263664
2026-06-25,598.0,575.0,600.0,565.0,-0.86,4.43,6.03,5.151162790697674,180120.0,10446669334.0,下跌,99.01411783263664
2026-06-26,565.07,543.0,582.0,533.0,-5.57,3.84,8.52,0.689407540394973,155835.0,8604797386.0,下跌,92.70447196151116
2026-06-26,565.07,543.0,582.0,533.0,-5.57,3.84,8.52,0.689407540394973,155835.0,8604797386.0,下跌,92.70447196151116
2026-06-29,543.0,527.1,549.19,490.0,-2.93,3.5,10.9,1.1945392491467577,142109.0,7409155682.0,下跌,89.56936666929569
2026-06-29,543.0,527.1,549.19,490.0,-2.93,3.5,10.9,1.1945392491467577,142109.0,7409155682.0,下跌,89.56936666929569
2026-06-30,540.0,545.9,549.9,522.69,3.57,3.0,5.16,0.8403361344537815,121728.0,6582570769.0,上涨,93.2762836185819
2026-06-30,540.0,545.9,549.9,522.69,3.57,3.0,5.16,0.8403361344537815,121728.0,6582570769.0,上涨,93.2762836185819
2026-07-01,535.0,508.51,542.87,500.1,-6.85,3.32,7.83,0.4846715328467153,135034.0,7040185121.0,下跌,85.90385677103872
2026-07-01,535.0,508.51,542.87,500.1,-6.85,3.32,7.83,0.4846715328467153,135034.0,7040185121.0,下跌,85.90385677103872
2026-07-02,480.01,464.37,495.5,460.99,-8.68,2.91,6.79,0.3352534562211982,118198.0,5621137861.0,下跌,77.20048899755501
2026-07-02,480.01,464.37,495.5,460.99,-8.68,2.91,6.79,0.3352534562211982,118198.0,5621137861.0,下跌,77.20048899755501
2026-07-03,460.0,475.08,492.0,455.0,2.31,3.07,7.97,1.329004329004329,124671.0,5929147482.0,上涨,79.31224860004733
2026-07-03,460.0,475.08,492.0,455.0,2.31,3.07,7.97,1.329004329004329,124671.0,5929147482.0,上涨,79.31224860004733
2026-07-06,489.0,441.94,489.0,429.0,-6.98,3.36,12.63,0.48137535816618904,136577.0,6136207973.0,下跌,72.777821594763
2026-07-06,489.0,441.94,489.0,429.0,-6.98,3.36,12.63,0.48137535816618904,136577.0,6136207973.0,下跌,72.777821594763
2026-07-07,435.0,429.16,448.56,418.28,-2.89,3.09,6.85,1.069204152249135,125729.0,5428316253.0,下跌,70.25790677498227
2026-07-07,435.0,429.16,448.56,418.28,-2.89,3.09,6.85,1.069204152249135,125729.0,5428316253.0,下跌,70.25790677498227
2026-07-08,434.31,410.0,439.16,407.68,-4.46,2.55,7.34,0.5717488789237668,103749.0,4350655903.0,下跌,66.48000630964587
2026-07-08,434.31,410.0,439.16,407.68,-4.46,2.55,7.34,0.5717488789237668,103749.0,4350655903.0,下跌,66.48000630964587
2026-07-09,418.8,441.26,441.95,400.43,7.62,3.94,10.13,0.5170603674540682,160193.0,6769424559.0,上涨,72.64374162000158
2026-07-09,418.8,441.26,441.95,400.43,7.62,3.94,10.13,0.5170603674540682,160193.0,6769424559.0,上涨,72.64374162000158
2026-07-10,441.26,415.03,466.98,414.93,-5.94,4.5,11.8,0.7575757575757576,182715.0,8114342660.0,下跌,67.47180377001341
2026-07-10,441.26,415.03,466.98,414.93,-5.94,4.5,11.8,0.7575757575757576,182715.0,8114342660.0,下跌,67.47180377001341
2026-07-13,405.6,381.87,413.02,378.37,-7.99,3.45,8.35,0.43178973717146435,140370.0,5516394625.0,下跌,60.93343323605962
2026-07-13,405.6,381.87,413.02,378.37,-7.99,3.45,8.35,0.43178973717146435,140370.0,5516394625.0,下跌,60.93343323605962
2026-07-14,381.86,400.18,402.97,371.01,4.79,3.28,8.37,0.6847599164926931,133425.0,5183496756.0,上涨,64.54373373294425
2026-07-14,381.86,400.18,402.97,371.01,4.79,3.28,8.37,0.6847599164926931,133425.0,5183496756.0,上涨,64.54373373294425
2026-07-15,440.2,425.45,440.2,421.02,6.31,5.95,4.79,0.9429477020602219,241586.0,10494956933.0,上涨,69.52638220679866
2026-07-15,440.2,425.45,440.2,421.02,6.31,5.95,4.79,0.9429477020602219,241586.0,10494956933.0,上涨,69.52638220679866
2026-07-16,391.2,401.74,413.08,384.0,-5.57,4.15,6.84,0.7450628366247756,168508.0,6751771663.0,下跌,64.8513289691616
2026-07-16,391.2,401.74,413.08,384.0,-5.57,4.15,6.84,0.7450628366247756,168508.0,6751771663.0,下跌,64.8513289691616
2026-07-17,385.0,361.57,394.35,361.57,-10.0,2.31,8.16,0.231,93777.0,3481665014.0,下跌,56.9307516365644
2026-07-17,385.0,361.57,394.35,361.57,-10.0,2.31,8.16,0.231,93777.0,3481665014.0,下跌,56.9307516365644
