date,A_VolBand_cum_pnl,A_VolBand_equity,B_Grid_cum_pnl,B_Grid_equity,C_Momentum_cum_pnl,C_Momentum_equity,D_Adaptive_cum_pnl,D_Adaptive_equity
2024-08-02,5994.8078633287805,5005620.487463329,0.0,4999625.6796,4281.137683310604,5003906.81728331,5574.274409111706,5005199.954009112
2024-08-05,12386.610122581711,4965322.289722581,2050.3613904000085,4954986.0409904,8870.334972293,4961806.014572293,11524.533955576015,4964460.213555576
2024-08-06,18854.739268029225,4978460.418868029,2050.3613904000085,4961656.0409904,13520.76185086969,4973126.44145087,17547.8096196251,4977153.489219625
2024-08-07,18854.739268029225,5129202.4188680295,2050.3613904000085,5112398.0409904,13520.76185086969,5123868.44145087,17547.8096196251,5127895.489219625
2024-08-08,18854.739268029225,5119197.418868029,2050.3613904000085,5102393.0409904,13520.76185086969,5113863.44145087,17547.8096196251,5117890.489219625
2024-08-09,18854.739268029225,5136539.4188680295,4192.923580799994,5121877.6031808,36526.37115859502,5154211.050758595,23041.865388625098,5140726.544988625
2024-08-12,18854.739268029225,5102522.418868029,6342.86183519999,5090010.5414352,36526.37115859502,5120194.050758595,23041.865388625098,5106709.544988625
2024-08-13,18854.739268029225,5067171.4188680295,6342.86183519999,5054659.541435201,45840.492505179136,5094157.172105179,34870.149517796264,5083186.829117796
2024-08-14,18854.739268029225,5050496.4188680295,6342.86183519999,5037984.541435201,45840.492505179136,5077482.172105179,34870.149517796264,5066511.829117796
2024-08-15,18854.739268029225,5071173.418868029,8452.2317376,5060770.9113376,45840.492505179136,5098159.172105179,34870.149517796264,5087188.829117796
2024-08-16,18854.739268029225,5037423.218868028,8452.2317376,5027020.7113376,55707.979052881536,5074276.458652882,34870.149517796264,5053438.629117796
2024-08-19,18854.739268029225,5040758.218868028,8452.2317376,5030355.7113376,55707.979052881536,5077611.458652882,34870.149517796264,5056773.629117796
2024-08-20,18854.739268029225,5013411.218868028,8452.2317376,5003008.7113376,55707.979052881536,5050264.458652882,34870.149517796264,5029426.629117796
2024-08-21,18854.739268029225,5002739.218868028,8452.2317376,4992336.7113376,55707.979052881536,5039592.458652882,34870.149517796264,5018754.629117796
2024-08-22,18854.739268029225,4970056.218868029,8452.2317376,4959653.7113376,55707.979052881536,5006909.458652882,34870.149517796264,4986071.629117796
2024-08-23,18854.739268029225,4992067.218868028,8452.2317376,4981664.7113376,55707.979052881536,5028920.458652882,34870.149517796264,5008082.629117796
2024-08-26,18854.739268029225,5008075.218868029,8452.2317376,4997672.7113376,55707.979052881536,5044928.458652882,34870.149517796264,5024090.629117796
2024-08-27,18854.739268029225,4994068.218868029,8452.2317376,4983665.7113376,55707.979052881536,5030921.458652882,34870.149517796264,5010083.629117796
2024-08-28,18854.739268029225,5002072.218868029,8452.2317376,4991669.7113376,55707.979052881536,5038925.458652882,34870.149517796264,5018087.629117796
2024-08-29,18854.739268029225,5016746.218868029,8452.2317376,5006343.7113376,55707.979052881536,5053599.458652882,34870.149517796264,5032761.629117796
2024-08-30,24604.472663162334,5043172.952263162,8452.2317376,5027020.7113376,59198.51121648139,5077766.990816481,39494.43148976375,5058062.911089763
2024-09-02,24604.472663162334,5005153.952263162,8452.2317376,4989001.7113376,59198.51121648139,5039747.990816481,39494.43148976375,5020043.911089763
2024-09-03,24604.472663162334,5025163.952263162,8452.2317376,5009011.7113376,59198.51121648139,5059757.990816481,39494.43148976375,5040053.911089763
2024-09-04,24604.472663162334,5029165.952263162,8452.2317376,5013013.7113376,59198.51121648139,5063759.990816481,39494.43148976375,5044055.911089763
2024-09-05,24604.472663162334,5039170.9522631625,8452.2317376,5023018.7113376,59198.51121648139,5073764.990816481,39494.43148976375,5054060.911089764
2024-09-06,24604.472663162334,5013824.9522631625,8452.2317376,4997672.7113376,59198.51121648139,5048418.990816481,39494.43148976375,5028714.911089764
2024-09-09,24604.472663162334,5003819.952263162,8452.2317376,4987667.7113376,59198.51121648139,5038413.990816481,39494.43148976375,5018709.911089763
2024-09-10,24604.472663162334,5021828.952263162,8452.2317376,5005676.7113376,59198.51121648139,5056422.990816481,39494.43148976375,5036718.911089763
2024-09-11,24604.472663162334,5020494.952263162,8452.2317376,5004342.7113376,59198.51121648139,5055088.990816481,39494.43148976375,5035384.911089763
2024-09-12,24604.472663162334,5013157.952263162,8452.2317376,4997005.7113376,59198.51121648139,5047751.990816481,39494.43148976375,5028047.911089763
2024-09-13,24604.472663162334,4999817.9522631625,8452.2317376,4983665.7113376,59198.51121648139,5034411.990816481,39494.43148976375,5014707.911089764
2024-09-18,24604.472663162334,4994481.952263162,8452.2317376,4978329.7113376,59198.51121648139,5029075.990816481,39494.43148976375,5009371.911089763
2024-09-19,24604.472663162334,5013824.9522631625,8452.2317376,4997672.7113376,66513.5991260722,5055734.078726073,39494.43148976375,5028714.911089764
2024-09-20,24604.472663162334,5013157.952263162,8452.2317376,4997005.7113376,66513.5991260722,5055067.078726072,39494.43148976375,5028047.911089763
2024-09-23,24604.472663162334,5011823.9522631625,8452.2317376,4995671.7113376,66513.5991260722,5053733.078726073,39494.43148976375,5026713.911089764
2024-09-24,24604.472663162334,5049842.9522631625,8452.2317376,5033690.7113376,68890.63742915477,5094129.117029156,42714.02953520659,5067952.509135206
2024-09-25,24604.472663162334,5064516.952263162,8452.2317376,5048364.7113376,68890.63742915477,5108803.117029155,42714.02953520659,5082626.509135206
2024-09-26,24604.472663162334,5107871.9522631625,8452.2317376,5091719.7113376,68890.63742915477,5152158.117029156,42714.02953520659,5125981.509135206
2024-09-27,24604.472663162334,5168568.952263162,8452.2317376,5152416.7113376,68890.63742915477,5212855.117029155,42714.02953520659,5186678.509135206
2024-09-30,24604.472663162334,5309972.952263162,10821.054691199985,5296189.5342912,85301.86488515482,5370670.344485155,48788.27348120656,5334156.753081206
2024-10-08,24604.472663162334,5475388.952263162,10821.054691199985,5461605.5342912,85301.86488515482,5536086.344485155,48788.27348120656,5499572.753081206
2024-10-09,24604.472663162334,5303969.952263162,35119.2201868322,5314484.699786833,85301.86488515482,5364667.344485155,48788.27348120656,5328153.753081206
2024-10-10,24604.472663162334,5313307.952263162,35119.2201868322,5323822.699786833,85301.86488515482,5374005.344485155,48788.27348120656,5337491.753081206
2024-10-11,24604.472663162334,5231266.952263162,35119.2201868322,5241781.699786833,85301.86488515482,5291964.344485155,48788.27348120656,5255450.753081206
2024-10-14,24604.472663162334,5266617.9522631625,35119.2201868322,5277132.699786833,85301.86488515482,5327315.344485155,48788.27348120656,5290801.753081206
2024-10-15,24604.472663162334,5223262.952263162,37515.70338043221,5236174.182980432,96434.27939362795,5295092.758993628,54933.44507720653,5253591.924677206
2024-10-16,24604.472663162334,5206587.952263162,37515.70338043221,5219499.182980432,96434.27939362795,5278417.758993628,54933.44507720653,5236916.924677206
2024-10-17,24604.472663162334,5192580.9522631625,37515.70338043221,5205492.182980432,96434.27939362795,5264410.758993628,54933.44507720653,5222909.924677206
2024-10-18,24604.472663162334,5265950.952263162,37515.70338043221,5278862.182980432,96434.27939362795,5337780.758993628,54933.44507720653,5296279.924677206
2024-10-21,24604.472663162334,5278623.9522631625,37515.70338043221,5291535.182980432,108903.48742582492,5362922.967025826,54933.44507720653,5308952.924677206
2024-10-22,24604.472663162334,5303302.9522631625,37515.70338043221,5316214.182980432,108903.48742582492,5387601.967025826,54933.44507720653,5333631.924677206
2024-10-23,24604.472663162334,5333984.952263162,37515.70338043221,5346896.182980432,108903.48742582492,5418283.967025826,54933.44507720653,5364313.924677206
2024-10-24,24604.472663162334,5343989.9522631625,37515.70338043221,5356901.182980432,108903.48742582492,5428288.967025826,54933.44507720653,5374318.924677206
2024-10-25,24604.472663162334,5378673.9522631625,37515.70338043221,5391585.182980432,108903.48742582492,5462972.967025826,54933.44507720653,5409002.924677206
2024-10-28,24604.472663162334,5363332.952263162,37515.70338043221,5376244.182980432,108903.48742582492,5447631.967025826,54933.44507720653,5393661.924677206
2024-10-29,24604.472663162334,5340654.952263162,37515.70338043221,5353566.182980432,108903.48742582492,5424953.967025826,54933.44507720653,5370983.924677206
2024-10-30,24604.472663162334,5337319.952263162,37515.70338043221,5350231.182980432,108903.48742582492,5421618.967025826,54933.44507720653,5367648.924677206
2024-10-31,24604.472663162334,5388011.9522631625,37515.70338043221,5400923.182980432,108903.48742582492,5472310.967025826,54933.44507720653,5418340.924677206
2024-11-01,24604.472663162334,5304636.9522631625,37515.70338043221,5317548.182980432,108903.48742582492,5388935.967025826,54933.44507720653,5334965.924677206
2024-11-04,24604.472663162334,5370669.952263162,40022.827534032214,5386088.307134032,116929.41275588656,5462994.892355887,71636.63779431995,5417702.11739432
2024-11-05,24604.472663162334,5418026.952263162,40022.827534032214,5433445.307134032,116929.41275588656,5510351.892355887,71636.63779431995,5465059.11739432
2024-11-06,24604.472663162334,5397349.9522631625,40022.827534032214,5412768.307134032,116929.41275588656,5489674.892355887,71636.63779431995,5444382.11739432
2024-11-07,24604.472663162334,5408688.952263162,40022.827534032214,5424107.307134032,116929.41275588656,5501013.892355887,71636.63779431995,5455721.11739432
2024-11-08,24604.472663162334,5449375.952263162,40022.827534032214,5464794.307134032,116929.41275588656,5541700.892355887,71636.63779431995,5496408.11739432
2024-11-11,24604.472663162334,5554761.9522631625,40022.827534032214,5570180.307134032,116929.41275588656,5647086.892355887,71636.63779431995,5601794.11739432
2024-11-12,37518.24255734909,5494972.722157349,40022.827534032214,5497477.307134032,126378.81141502538,5583833.291015026,83711.01008765982,5541165.48968766
2024-11-13,37518.24255734909,5512314.722157349,40022.827534032214,5514819.307134032,126378.81141502538,5601175.291015025,83711.01008765982,5558507.48968766
2024-11-14,37518.24255734909,5466291.722157349,40022.827534032214,5468796.307134032,126378.81141502538,5555152.291015026,83711.01008765982,5512484.48968766
2024-11-15,51133.206960995274,5433216.686560995,40022.827534032214,5422106.307134032,136375.46318246878,5518458.942782469,83711.01008765982,5465794.48968766
2024-11-18,51133.206960995274,5427213.686560995,40022.827534032214,5416103.307134032,146356.6857759612,5522437.165375961,83711.01008765982,5459791.48968766
2024-11-19,51133.206960995274,5456561.686560995,40022.827534032214,5445451.307134032,146356.6857759612,5551785.165375961,83711.01008765982,5489139.48968766
2024-11-20,51133.206960995274,5451892.686560995,40022.827534032214,5440782.307134032,146356.6857759612,5547116.165375961,83711.01008765982,5484470.48968766
2024-11-21,51133.206960995274,5437885.686560995,42655.34477563221,5429407.824375632,155658.98422834097,5542411.463828341,95586.07185057463,5482338.551450575
2024-11-22,51133.206960995274,5379189.686560995,42655.34477563221,5370711.824375632,155658.98422834097,5483715.463828341,95586.07185057463,5423642.551450575
2024-11-25,61650.48679212417,5460408.966392124,42655.34477563221,5441413.824375632,162207.98889375204,5560966.468493752,104130.4418501354,5502888.921450136
2024-11-26,61650.48679212417,5417720.966392124,45254.66972923222,5401325.149329232,162207.98889375204,5518278.468493752,110795.74954613534,5466866.229146136
2024-11-27,61650.48679212417,5466411.966392124,45254.66972923222,5450016.149329232,169205.60630576313,5573967.085905763,110795.74954613534,5515557.229146136
2024-11-28,61650.48679212417,5433728.966392124,45254.66972923222,5417333.149329232,169205.60630576313,5541284.085905763,110795.74954613534,5482874.229146136
2024-11-29,61650.48679212417,5465744.966392124,45254.66972923222,5449349.149329232,169205.60630576313,5573300.085905763,110795.74954613534,5514890.229146136
2024-12-02,61650.48679212417,5473748.966392124,45254.66972923222,5457353.149329232,169205.60630576313,5581304.085905763,110795.74954613534,5522894.229146136
2024-12-03,61650.48679212417,5460408.966392124,45254.66972923222,5444013.149329232,169205.60630576313,5567964.085905763,110795.74954613534,5509554.229146136
2024-12-04,61650.48679212417,5433061.966392124,45254.66972923222,5416666.149329232,169205.60630576313,5540617.085905763,110795.74954613534,5482207.229146136
2024-12-05,61650.48679212417,5427058.966392124,45254.66972923222,5410663.149329232,169205.60630576313,5534614.085905763,110795.74954613534,5476204.229146136
2024-12-06,61650.48679212417,5437730.966392124,45254.66972923222,5421335.149329232,169205.60630576313,5545286.085905763,110795.74954613534,5486876.229146136
2024-12-09,61650.48679212417,5423723.966392124,45254.66972923222,5407328.149329232,169205.60630576313,5531279.085905763,110795.74954613534,5472869.229146136
2024-12-10,61650.48679212417,5425057.966392124,45254.66972923222,5408662.149329232,169205.60630576313,5532613.085905763,110795.74954613534,5474203.229146136
2024-12-11,61650.48679212417,5433061.966392124,45254.66972923222,5416666.149329232,169205.60630576313,5540617.085905763,110795.74954613534,5482207.229146136
2024-12-12,61650.48679212417,5437063.966392124,45254.66972923222,5420668.149329232,169205.60630576313,5544619.085905763,110795.74954613534,5486209.229146136
2024-12-13,61650.48679212417,5413718.966392124,45254.66972923222,5397323.149329232,169205.60630576313,5521274.085905763,110795.74954613534,5462864.229146136
2024-12-16,61650.48679212417,5407715.966392124,47836.47653083224,5393901.956130832,169205.60630576313,5515271.085905763,110795.74954613534,5456861.229146136
2024-12-17,61650.48679212417,5411717.966392124,50391.545100432224,5400459.024700432,169205.60630576313,5519273.085905763,110795.74954613534,5460863.229146136
2024-12-18,66830.50643630681,5434239.986036306,50391.545100432224,5417801.024700432,172252.8685556471,5539662.3481556475,114912.08908456765,5482321.568684568
2024-12-19,66830.50643630681,5622333.986036306,50391.545100432224,5605895.024700432,172252.8685556471,5727756.3481556475,114912.08908456765,5670415.568684568
2024-12-20,76546.79732054967,5566684.27692055,53188.17976603225,5543325.659366032,179268.95914501767,5669406.438745018,123968.65598232564,5614106.135582326
2024-12-23,76546.79732054967,5542672.27692055,55935.94800763225,5522061.427607632,186739.07386144385,5652864.553461444,140629.37269777394,5606754.852297774
2024-12-24,76546.79732054967,5596032.27692055,55935.94800763225,5575421.427607632,186739.07386144385,5706224.553461444,140629.37269777394,5660114.8522977745
2024-12-25,76546.79732054967,5614708.27692055,58705.84444123223,5596867.3240412325,195366.75524835888,5733528.234848359,158786.0662701621,5696947.545870163
2024-12-26,76546.79732054967,5714758.27692055,58705.84444123223,5696917.3240412325,195366.75524835888,5833578.234848359,158786.0662701621,5796997.545870163
2024-12-27,76546.79732054967,5666734.27692055,58705.84444123223,5648893.3240412325,195366.75524835888,5785554.234848359,158786.0662701621,5748973.545870163
2024-12-30,76546.79732054967,5680741.27692055,61625.10617083221,5665819.585770832,205974.23578699527,5810168.715386995,172316.37005429922,5776510.849654299
2024-12-31,76546.79732054967,5554678.27692055,61625.10617083221,5539756.585770832,205974.23578699527,5684105.715386995,172316.37005429922,5650447.849654299
2025-01-02,76546.79732054967,5463299.27692055,61625.10617083221,5448377.585770832,205974.23578699527,5592726.715386995,172316.37005429922,5559068.849654299
2025-01-03,76546.79732054967,5407938.27692055,61625.10617083221,5393016.585770832,205974.23578699527,5537365.715386995,172316.37005429922,5503707.849654299
2025-01-06,76546.79732054967,5405270.27692055,64177.40871643221,5392900.888316432,223656.6115629953,5552380.091162995,178861.10074529916,5507584.580345299
2025-01-07,91404.51460277248,5496165.994202772,64177.40871643221,5468938.888316432,233037.2276465597,5637798.707246559,191002.9576097875,5595764.437209787
2025-01-08,91404.51460277248,5539520.994202772,66811.76997403218,5514928.249574033,233037.2276465597,5681153.70724656,197758.10699578744,5645874.586595788
2025-01-09,91404.51460277248,5497499.994202772,66811.76997403218,5472907.249574033,233037.2276465597,5639132.70724656,197758.10699578744,5603853.586595788
2025-01-10,91404.51460277248,5409455.994202772,66811.76997403218,5384863.249574033,233037.2276465597,5551088.70724656,197758.10699578744,5515809.586595788
2025-01-13,91404.51460277248,5352760.994202772,66811.76997403218,5328168.249574032,233037.2276465597,5494393.707246559,197758.10699578744,5459114.586595787
2025-01-14,91404.51460277248,5470819.994202772,66811.76997403218,5446227.249574032,233037.2276465597,5612452.707246559,197758.10699578744,5577173.586595787
2025-01-15,105834.17554624053,5575294.65514624,66811.76997403218,5536272.249574033,242131.90635773033,5711592.38595773,209541.45543608852,5679001.935036088
2025-01-16,105834.17554624053,5574627.655146239,66811.76997403218,5535605.249574032,242131.90635773033,5710925.38595773,209541.45543608852,5678334.935036088
2025-01-17,105834.17554624053,5595304.65514624,69529.11195163219,5558999.591551633,242131.90635773033,5731602.38595773,209541.45543608852,5699011.935036088
2025-01-20,105834.17554624053,5591969.65514624,69529.11195163219,5555664.591551633,242131.90635773033,5728267.38595773,209541.45543608852,5695676.935036088
2025-01-21,105834.17554624053,5619316.65514624,69529.11195163219,5583011.591551633,242131.90635773033,5755614.38595773,209541.45543608852,5723023.935036088
2025-01-22,105834.17554624053,5704025.65514624,69529.11195163219,5667720.591551633,242131.90635773033,5840323.38595773,209541.45543608852,5807732.935036088
2025-01-23,105834.17554624053,5915464.655146239,69529.11195163219,5879159.591551632,242131.90635773033,6051762.38595773,209541.45543608852,6019171.935036088
2025-01-24,105834.17554624053,6148247.655146239,69529.11195163219,6111942.591551632,242131.90635773033,6284545.38595773,209541.45543608852,6251954.935036088
2025-01-27,105834.17554624053,6378362.655146239,69529.11195163219,6342057.591551632,242131.90635773033,6514660.38595773,209541.45543608852,6482069.935036088
2025-02-05,105834.17554624053,6099556.655146239,69529.11195163219,6063251.591551632,242131.90635773033,6235854.38595773,209541.45543608852,6203263.935036088
2025-02-06,105834.17554624053,6218282.655146239,79349.6683084321,6191798.147908432,283029.50086035166,6395477.980460351,234608.4602340885,6347056.939834088
2025-02-07,105834.17554624053,6235624.65514624,79349.6683084321,6209140.147908432,283029.50086035166,6412819.980460351,234608.4602340885,6364398.939834089
2025-02-10,105834.17554624053,6226286.65514624,82966.8900940321,6203419.369694032,283029.50086035166,6403481.980460351,243883.90545008847,6364336.385050089
2025-02-11,105834.17554624053,6208944.655146239,82966.8900940321,6186077.369694032,283029.50086035166,6386139.980460351,243883.90545008847,6346994.385050088
2025-02-12,105834.17554624053,6229621.655146239,86569.35975163215,6210356.839351632,283029.50086035166,6406816.980460351,253121.52258608848,6376909.002186089
2025-02-13,105834.17554624053,6116898.655146239,86569.35975163215,6097633.839351632,283029.50086035166,6294093.980460351,253121.52258608848,6264186.002186089
2025-02-14,105834.17554624053,6128904.655146239,86569.35975163215,6109639.839351632,283029.50086035166,6306099.980460351,253121.52258608848,6276192.002186089
2025-02-17,105834.17554624053,6084882.655146239,90011.40001723211,6069059.879617231,283029.50086035166,6262077.980460351,253121.52258608848,6232170.002186089
2025-02-18,105834.17554624053,6038192.65514624,93435.00012283213,6025793.479722831,283029.50086035166,6215387.980460351,253121.52258608848,6185480.00218609
2025-02-19,105834.17554624053,6075544.655146239,93435.00012283213,6063145.479722831,283029.50086035166,6252739.980460351,253121.52258608848,6222832.002186089
2025-02-20,105834.17554624053,6052866.655146239,93435.00012283213,6040467.479722831,283029.50086035166,6230061.980460351,253121.52258608848,6200154.002186089
2025-02-21,105834.17554624053,6181597.655146239,93435.00012283213,6169198.479722831,283029.50086035166,6358792.980460351,253121.52258608848,6328885.002186089
2025-02-24,105834.17554624053,6441060.655146239,96993.21339643211,6432219.692996431,283029.50086035166,6618255.980460351,253121.52258608848,6588348.002186089
2025-02-25,105834.17554624053,6464405.65514624,96993.21339643211,6455564.692996432,283029.50086035166,6641600.980460351,253121.52258608848,6611693.00218609
2025-02-26,105834.17554624053,6405042.65514624,96993.21339643211,6396201.692996432,283029.50086035166,6582237.980460351,253121.52258608848,6552330.00218609
2025-02-27,105834.17554624053,6294987.655146239,96993.21339643211,6286146.692996431,283029.50086035166,6472182.980460351,253121.52258608848,6442275.002186089
2025-02-28,105834.17554624053,6024852.655146239,100636.25140603213,6019654.731006032,283029.50086035166,6202047.980460351,262463.1669420885,6181481.646542089
2025-03-03,105834.17554624053,5975494.655146239,100636.25140603213,5970296.731006032,283029.50086035166,6152689.980460351,262463.1669420885,6132123.646542089
2025-03-04,128793.65537526365,6074492.134975263,100636.25140603213,6046334.731006032,297590.3933985028,6243288.872998502,281264.9557181372,6226963.435318137
2025-03-05,128793.65537526365,6101839.134975263,104207.37279163214,6077252.852391631,297590.3933985028,6270635.872998502,281264.9557181372,6254310.435318137
2025-03-06,128793.65537526365,6137190.134975264,104207.37279163214,6112603.852391632,297590.3933985028,6305986.872998503,281264.9557181372,6289661.4353181375
2025-03-07,128793.65537526365,6072491.134975263,104207.37279163214,6047904.852391631,297590.3933985028,6241287.872998502,281264.9557181372,6224962.435318137
2025-03-10,128793.65537526365,6119848.134975263,104207.37279163214,6095261.852391631,297590.3933985028,6288644.872998502,281264.9557181372,6272319.435318137
2025-03-11,128793.65537526365,6043810.134975263,107565.51032923211,6022581.989929231,297590.3933985028,6212606.872998502,281264.9557181372,6196281.435318137
2025-03-12,128793.65537526365,6091834.134975264,107565.51032923211,6070605.989929232,297590.3933985028,6260630.872998503,281264.9557181372,6244305.4353181375
2025-03-13,128793.65537526365,6059151.134975263,110968.82625883206,6041326.305858832,297590.3933985028,6227947.872998502,289991.8937741371,6220349.373374137
2025-03-14,128793.65537526365,6107175.134975263,110968.82625883206,6089350.305858832,312300.3590037104,6290681.838603711,308986.3772353605,6287367.856835361
2025-03-17,128793.65537526365,6157867.134975263,110968.82625883206,6140042.305858832,324834.4259369999,6353907.905537,325211.08164754946,6354284.56124755
2025-03-18,128793.65537526365,6123850.134975263,110968.82625883206,6106025.305858832,324834.4259369999,6319890.905537,325211.08164754946,6320267.56124755
2025-03-19,128793.65537526365,6026468.134975263,110968.82625883206,6008643.305858832,324834.4259369999,6222508.905537,325211.08164754946,6222885.56124755
2025-03-20,128793.65537526365,6018464.134975263,110968.82625883206,6000639.305858832,324834.4259369999,6214504.905537,325211.08164754946,6214881.56124755
2025-03-21,128793.65537526365,5965104.134975263,110968.82625883206,5947279.305858832,324834.4259369999,6161144.905537,325211.08164754946,6161521.56124755
2025-03-24,128793.65537526365,5939758.134975263,110968.82625883206,5921933.305858832,324834.4259369999,6135798.905537,325211.08164754946,6136175.56124755
2025-03-25,128793.65537526365,5879061.134975263,114145.32822043207,5864412.807820432,324834.4259369999,6075101.905537,325211.08164754946,6075478.56124755
2025-03-26,128793.65537526365,5884397.134975263,114145.32822043207,5869748.807820432,324834.4259369999,6080437.905537,325211.08164754946,6080814.56124755
2025-03-27,128793.65537526365,5889066.134975263,117264.6656860321,5877537.145286031,324834.4259369999,6085106.905537,325211.08164754946,6085483.56124755
2025-03-28,128793.65537526365,5868389.134975263,117264.6656860321,5856860.145286031,324834.4259369999,6064429.905537,325211.08164754946,6064806.56124755
2025-03-31,128793.65537526365,5871057.134975263,117264.6656860321,5859528.145286031,332184.7288153795,6074448.20841538,325211.08164754946,6067474.56124755
2025-04-01,128793.65537526365,5882396.134975264,117264.6656860321,5870867.145286032,332184.7288153795,6085787.20841538,325211.08164754946,6078813.56124755
2025-04-02,128793.65537526365,5905074.134975263,117264.6656860321,5893545.145286031,338923.472085115,6115203.951685115,325211.08164754946,6101491.56124755
2025-04-03,128793.65537526365,5881062.134975263,117264.6656860321,5869533.145286031,338923.472085115,6091191.951685115,325211.08164754946,6077479.56124755
2025-04-07,128793.65537526365,5654282.134975263,126236.96484283207,5651725.444442832,359192.8582611149,5884681.337861115,332713.33561354945,5858201.81521355
2025-04-08,128793.65537526365,5610260.134975263,129032.67750043205,5610499.157100432,359192.8582611149,5840659.337861115,332713.33561354945,5814179.81521355
2025-04-09,128793.65537526365,5633605.134975263,145737.57406603202,5650549.053666031,377858.93675711495,5882670.416357115,353803.6273965494,5858615.106996549
2025-04-10,128793.65537526365,5695636.134975263,145737.57406603202,5712580.053666032,377858.93675711495,5944701.416357115,353803.6273965494,5920646.106996549
2025-04-11,128793.65537526365,5716313.134975263,145737.57406603202,5733257.053666032,386250.8307655801,5973770.31036558,353803.6273965494,5941323.106996549
2025-04-14,128793.65537526365,5710310.134975263,145737.57406603202,5727254.053666032,386250.8307655801,5967767.31036558,353803.6273965494,5935320.106996549
2025-04-15,128793.65537526365,5683630.134975263,145737.57406603202,5700574.053666031,386250.8307655801,5941087.31036558,353803.6273965494,5908640.106996549
2025-04-16,128793.65537526365,5640942.134975263,145737.57406603202,5657886.053666032,386250.8307655801,5898399.31036558,353803.6273965494,5865952.106996549
2025-04-17,128793.65537526365,5610927.134975263,145737.57406603202,5627871.053666031,386250.8307655801,5868384.31036558,353803.6273965494,5835937.106996549
2025-04-18,128793.65537526365,5646945.134975263,145737.57406603202,5663889.053666032,386250.8307655801,5904402.31036558,353803.6273965494,5871955.106996549
2025-04-21,128793.65537526365,5685631.134975263,148552.64889163204,5705390.128491631,386250.8307655801,5943088.31036558,361022.1707625494,5917859.650362549
2025-04-22,128793.65537526365,5661619.134975263,148552.64889163204,5681378.128491631,386250.8307655801,5919076.31036558,361022.1707625494,5893847.650362549
2025-04-23,128793.65537526365,5704974.134975263,148552.64889163204,5724733.128491631,386250.8307655801,5962431.31036558,361022.1707625494,5937202.650362549
2025-04-24,128793.65537526365,5730320.134975263,148552.64889163204,5750079.128491631,386250.8307655801,5987777.31036558,361022.1707625494,5962548.650362549
2025-04-25,139837.22349820554,5742030.703098205,148552.64889163204,5750746.128491631,393101.2590223003,5995294.7386223,369979.86878588644,5972173.348385886
2025-04-28,139837.22349820554,5769377.703098205,148552.64889163204,5778093.128491631,399401.4755279916,6028941.955127992,378240.4464624013,6007780.926062401
2025-04-29,152591.3858382596,5864839.865438258,148552.64889163204,5860801.128491631,408689.4218412593,6120937.901441259,390152.0776408784,6102400.557240877
2025-04-30,152591.3858382596,5828821.865438258,148552.64889163204,5824783.128491631,408689.4218412593,6084919.901441259,390152.0776408784,6066382.557240877
2025-05-06,152591.3858382596,5941544.865438258,148552.64889163204,5937506.128491631,408689.4218412593,6197642.901441259,390152.0776408784,6179105.557240877
2025-05-07,152591.3858382596,5940877.865438258,148552.64889163204,5936839.128491631,408689.4218412593,6196975.901441259,390152.0776408784,6178438.557240877
2025-05-08,152591.3858382596,6072943.865438259,148552.64889163204,6068905.128491632,408689.4218412593,6329041.901441259,390152.0776408784,6310504.557240878
2025-05-09,152591.3858382596,6004909.865438258,148552.64889163204,6000871.128491631,408689.4218412593,6261007.901441259,390152.0776408784,6242470.557240877
2025-05-12,152591.3858382596,6016915.865438258,148552.64889163204,6012877.128491631,408689.4218412593,6273013.901441259,390152.0776408784,6254476.557240877
2025-05-13,152591.3858382596,5996905.865438258,148552.64889163204,5992867.128491631,408689.4218412593,6253003.901441259,390152.0776408784,6234466.557240877
2025-05-14,152591.3858382596,5996905.865438258,148552.64889163204,5992867.128491631,408689.4218412593,6253003.901441259,390152.0776408784,6234466.557240877
2025-05-15,152591.3858382596,5907527.865438258,148552.64889163204,5903489.128491631,408689.4218412593,6163625.901441259,390152.0776408784,6145088.557240877
2025-05-16,152591.3858382596,5923535.865438258,148552.64889163204,5919497.128491631,408689.4218412593,6179633.901441259,390152.0776408784,6161096.557240877
2025-05-19,152591.3858382596,5899523.865438258,148552.64889163204,5895485.128491631,408689.4218412593,6155621.901441259,390152.0776408784,6137084.557240877
2025-05-20,152591.3858382596,5892853.865438258,148552.64889163204,5888815.128491631,408689.4218412593,6148951.901441259,390152.0776408784,6130414.557240877
2025-05-21,152591.3858382596,5870842.865438258,148552.64889163204,5866804.128491631,408689.4218412593,6126940.901441259,390152.0776408784,6108403.557240877
2025-05-22,152591.3858382596,5844162.865438259,148552.64889163204,5840124.128491632,408689.4218412593,6100260.901441259,390152.0776408784,6081723.557240878
2025-05-23,152591.3858382596,5793470.865438258,148552.64889163204,5789432.128491631,408689.4218412593,6049568.901441259,390152.0776408784,6031031.557240877
2025-05-26,152591.3858382596,5804809.865438258,148552.64889163204,5800771.128491631,408689.4218412593,6060907.901441259,390152.0776408784,6042370.557240877
2025-05-27,152591.3858382596,5794804.865438258,148552.64889163204,5790766.128491631,408689.4218412593,6050902.901441259,390152.0776408784,6032365.557240877
2025-05-28,152591.3858382596,5805476.865438258,148552.64889163204,5801438.128491631,408689.4218412593,6061574.901441259,390152.0776408784,6043037.557240877
2025-05-29,152591.3858382596,5842828.865438258,148552.64889163204,5838790.128491631,413092.4334314238,6103329.913031423,390152.0776408784,6080389.557240877
2025-05-30,152591.3858382596,5769458.865438258,148552.64889163204,5765420.128491631,413092.4334314238,6029959.913031423,390152.0776408784,6007019.557240877
2025-06-03,160524.4916194619,5864768.971219461,170943.8076603256,5875188.287260325,417897.2485524753,6122141.728152474,396526.761728187,6100771.241328186
2025-06-04,168440.1828462287,5932047.662446228,170943.8076603256,5934551.287260325,422673.6391390508,6186281.11873905,402878.1836028233,6166485.663202822
2025-06-05,179000.70155173272,5987297.181151733,174070.5211899256,5982367.000789925,435058.92203168845,6243355.401631689,420737.2526226413,6229033.732222641
2025-06-06,179000.70155173272,5993300.181151732,174070.5211899256,5988370.0007899245,435058.92203168845,6249358.401631689,420737.2526226413,6235036.732222641
2025-06-09,190214.09599852806,5985170.575598527,174070.5211899256,5969027.0007899245,443159.3530757941,6238115.832675794,431190.33236656757,6226146.811966566
2025-06-10,190214.09599852806,5955822.575598528,174070.5211899256,5939679.000789925,443159.3530757941,6208767.832675794,431190.33236656757,6196798.811966567
2025-06-11,190214.09599852806,5932477.575598527,174070.5211899256,5916334.0007899245,443159.3530757941,6185422.832675794,431190.33236656757,6173453.811966566
2025-06-12,190214.09599852806,5942482.575598527,174070.5211899256,5926339.0007899245,443159.3530757941,6195427.832675794,431190.33236656757,6183458.811966566
2025-06-13,190214.09599852806,5910466.575598528,177152.97833552564,5897405.457935525,451397.0673378611,6171649.546937861,431190.33236656757,6151442.811966567
2025-06-16,190214.09599852806,6001178.575598527,177152.97833552564,5988117.457935525,451397.0673378611,6262361.546937861,431190.33236656757,6242154.811966566
2025-06-17,190214.09599852806,5975832.575598527,177152.97833552564,5962771.457935525,451397.0673378611,6237015.546937861,431190.33236656757,6216808.811966566
2025-06-18,190214.09599852806,5995175.575598527,177152.97833552564,5982114.457935525,451397.0673378611,6256358.546937861,431190.33236656757,6236151.811966566
2025-06-19,190214.09599852806,6149252.575598527,177152.97833552564,6136191.457935525,451397.0673378611,6410435.546937861,431190.33236656757,6390228.811966566
2025-06-20,190214.09599852806,6247968.575598527,180553.52824112566,6238308.007841125,474956.10871386103,6532710.588313861,439910.17765756755,6497664.657257566
2025-06-23,190214.09599852806,6218620.575598527,180553.52824112566,6208960.007841125,474956.10871386103,6503362.588313861,439910.17765756755,6468316.657257566
2025-06-24,190214.09599852806,6227958.575598527,184081.31525072566,6221825.794850725,487175.85538911,6524920.33498911,448956.2901385675,6486700.769738566
2025-06-25,190214.09599852806,6244633.575598527,184081.31525072566,6238500.794850725,487175.85538911,6541595.33498911,448956.2901385675,6503375.769738566
2025-06-26,190214.09599852806,6269312.575598527,184081.31525072566,6263179.794850725,487175.85538911,6566274.33498911,448956.2901385675,6528054.769738566
2025-06-27,208026.56980287086,6345821.04940287,195004.60596752563,6332799.085567525,524925.8901615138,6662720.369761514,474758.5870875974,6612553.066687597
2025-06-30,208026.56980287086,6408519.04940287,198682.68028112562,6399175.159881124,524925.8901615138,6725418.369761514,474758.5870875974,6675251.066687597
2025-07-01,208026.56980287086,6363830.04940287,198682.68028112562,6354486.159881124,524925.8901615138,6680729.369761514,474758.5870875974,6630562.066687597
2025-07-02,208026.56980287086,6300465.04940287,198682.68028112562,6291121.159881124,524925.8901615138,6617364.369761514,474758.5870875974,6567197.066687597
2025-07-03,208026.56980287086,6319808.04940287,198682.68028112562,6310464.159881124,524925.8901615138,6636707.369761514,474758.5870875974,6586540.066687597
2025-07-04,208026.56980287086,6237100.04940287,198682.68028112562,6227756.159881124,524925.8901615138,6553999.369761514,474758.5870875974,6503832.066687597
2025-07-07,208026.56980287086,6199748.04940287,198682.68028112562,6190404.159881125,524925.8901615138,6516647.369761514,474758.5870875974,6466480.066687597
2025-07-08,208026.56980287086,6317807.04940287,198682.68028112562,6308463.159881124,524925.8901615138,6634706.369761514,474758.5870875974,6584539.066687597
2025-07-09,208026.56980287086,6271117.04940287,198682.68028112562,6261773.159881125,524925.8901615138,6588016.369761514,474758.5870875974,6537849.066687597
2025-07-10,208026.56980287086,6296463.04940287,198682.68028112562,6287119.159881124,524925.8901615138,6613362.369761514,474758.5870875974,6563195.066687597
2025-07-11,208026.56980287086,6267782.04940287,198682.68028112562,6258438.159881124,524925.8901615138,6584681.369761514,474758.5870875974,6534514.066687597
2025-07-14,208026.56980287086,6317140.04940287,198682.68028112562,6307796.159881124,524925.8901615138,6634039.369761514,474758.5870875974,6583872.066687597
2025-07-15,208026.56980287086,6321142.04940287,198682.68028112562,6311798.159881125,524925.8901615138,6638041.369761514,474758.5870875974,6587874.066687597
2025-07-16,208026.56980287086,6320475.04940287,198682.68028112562,6311131.159881124,524925.8901615138,6637374.369761514,474758.5870875974,6587207.066687597
2025-07-17,208026.56980287086,6583273.04940287,198682.68028112562,6573929.159881125,524925.8901615138,6900172.369761514,474758.5870875974,6850005.066687597
2025-07-18,228731.50624196848,6545948.985841967,202659.48518672562,6519876.964786725,567690.3639928051,6884907.843592804,504335.4315980635,6821552.911198063
2025-07-21,228731.50624196848,6511931.985841967,202659.48518672562,6485859.964786725,567690.3639928051,6850890.843592804,504335.4315980635,6787535.911198063
2025-07-22,228731.50624196848,6476580.985841967,202659.48518672562,6450508.964786725,567690.3639928051,6815539.843592804,504335.4315980635,6752184.911198063
2025-07-23,228731.50624196848,6469910.985841967,206419.61821232561,6447599.097812325,567690.3639928051,6808869.843592804,513977.3363390634,6755156.815939062
2025-07-24,228731.50624196848,6421219.985841967,206419.61821232561,6398908.097812325,567690.3639928051,6760178.843592804,513977.3363390634,6706465.815939062
2025-07-25,228731.50624196848,6401876.985841967,206419.61821232561,6379565.097812325,567690.3639928051,6740835.843592804,513977.3363390634,6687122.815939062
2025-07-28,228731.50624196848,6407879.985841967,206419.61821232561,6385568.097812325,567690.3639928051,6746838.843592804,513977.3363390634,6693125.815939062
2025-07-29,228731.50624196848,6661339.985841968,206419.61821232561,6639028.097812325,567690.3639928051,7000298.843592805,513977.3363390634,6946585.815939063
2025-07-30,228731.50624196848,6956153.985841967,206419.61821232561,6933842.097812325,567690.3639928051,7295112.843592804,513977.3363390634,7241399.815939062
2025-07-31,228731.50624196848,7104894.985841967,206419.61821232561,7082583.097812325,567690.3639928051,7443853.843592804,513977.3363390634,7390140.815939062
2025-08-01,228731.50624196848,7096890.985841968,220577.5963851256,7088737.075985125,599674.7552888051,7467834.234888805,525815.6339750635,7393975.113575063
2025-08-04,228731.50624196848,7169593.985841967,220577.5963851256,7161440.075985124,599674.7552888051,7540537.234888805,525815.6339750635,7466678.113575062
2025-08-05,228731.50624196848,7515099.985841967,250893.59373872558,7537262.073338725,633549.899864805,7919918.379464805,564090.2337230635,7850458.713323062
2025-08-06,228731.50624196848,7253635.985841967,266224.9943715256,7291129.473971525,696677.8534533553,7721582.333053354,639179.7362971525,7664084.215897151
2025-08-07,228731.50624196848,7301659.985841967,296020.78585712565,7368949.265457125,758995.4357899333,7831923.915389933,713365.6218310501,7786294.101431049
2025-08-08,228731.50624196848,7429723.985841967,300907.61265872564,7501900.092258725,758995.4357899333,7959987.915389933,713365.6218310501,7914358.101431049
2025-08-11,228731.50624196848,7375029.985841967,305953.94684432563,7452252.426444325,758995.4357899333,7905293.915389933,726305.66229705,7872604.141897049
2025-08-12,228731.50624196848,7445064.985841968,310954.1806299256,7527287.660229925,758995.4357899333,7975328.915389933,726305.66229705,7942639.14189705
2025-08-13,228731.50624196848,7530440.985841968,316101.01368752564,7617810.493287525,758995.4357899333,8060704.915389933,739503.4065580498,8041212.88615805
2025-08-14,228731.50624196848,7231624.985841967,316101.01368752564,7318994.493287524,758995.4357899333,7761888.915389933,739503.4065580498,7742396.886158049
2025-08-15,228731.50624196848,7264307.985841967,316101.01368752564,7351677.493287524,758995.4357899333,7794571.915389933,739503.4065580498,7775079.886158049
2025-08-18,228731.50624196848,7406378.985841967,320977.6984011256,7498625.178001124,758995.4357899333,7936642.915389933,739503.4065580498,7917150.886158049
2025-08-19,228731.50624196848,7663840.985841968,320977.6984011256,7756087.178001125,758995.4357899333,8194104.915389933,739503.4065580498,8174612.88615805
2025-08-20,228731.50624196848,7820585.985841967,337287.4223379256,7929141.901937924,831998.4774529644,8423852.957052963,781134.0345310498,8372988.514131049
2025-08-21,228731.50624196848,7474412.985841967,342796.6045395256,7588478.084139525,831998.4774529644,8077679.957052963,795260.9310070497,8040942.410607049
2025-08-22,228731.50624196848,7647165.985841968,342796.6045395256,7761231.084139526,831998.4774529644,8250432.957052964,795260.9310070497,8213695.410607049
2025-08-25,228731.50624196848,8040695.985841967,342796.6045395256,8154761.084139524,831998.4774529644,8643962.957052963,795260.9310070497,8607225.410607047
2025-08-26,228731.50624196848,8471444.585841969,342796.6045395256,8585509.684139526,831998.4774529644,9074711.557052962,795260.9310070497,9037974.010607049
2025-08-27,228731.50624196848,8760922.585841969,363154.77733952575,8895345.856939524,920268.7520939753,9452459.831693973,812283.5670070497,9344474.646607049
2025-08-28,228731.50624196848,9263840.585841969,363154.77733952575,9398263.856939524,920268.7520939753,9955377.831693973,812283.5670070497,9847392.646607049
2025-08-29,228731.50624196848,9817450.585841969,363154.77733952575,9951873.856939524,920268.7520939753,10508987.831693973,812283.5670070497,10401002.646607049
2025-09-01,228731.50624196848,9866141.585841969,389309.3743395258,10026719.453939525,979354.7920939758,10616764.871693974,879043.2682570496,10516453.347857049
2025-09-02,313623.05960849754,9337393.139208496,475754.9305395263,9499525.010139525,1100643.0534869772,10124413.133086976,1024057.020601454,10047827.100201454
2025-09-03,313623.05960849754,9889669.139208496,499279.9302195264,10075326.009819526,1153788.5510869771,10729834.630686976,1043727.6222014539,10619773.701801453
2025-09-04,313623.05960849754,9552167.139208496,499279.9302195264,9737824.009819526,1153788.5510869771,10392332.630686976,1043727.6222014539,10282271.701801453
2025-09-05,313623.05960849754,9808962.139208496,499279.9302195264,9994619.009819526,1153788.5510869771,10649127.630686976,1043727.6222014539,10539066.701801453
2025-09-08,313623.05960849754,9416766.139208496,522934.9960035264,9626078.075603526,1207227.8819669771,10310370.961566977,1063506.979531454,10166650.059131453
2025-09-09,313623.05960849754,9732924.139208496,570953.9992035264,9990255.078803526,1334565.0354232702,10753866.11502327,1124132.0055314535,10543433.085131451
2025-09-10,313623.05960849754,9659554.139208496,579418.9546515264,9925350.034251526,1334565.0354232702,10680496.11502327,1124132.0055314535,10470063.085131451
2025-09-11,313623.05960849754,10035742.139208496,604442.5420515264,10326561.621651527,1391096.00342327,11113215.083023269,1188004.8007814533,10910123.880381452
2025-09-12,313623.05960849754,9772277.139208496,612736.9260195263,10071391.005619526,1448559.5727032698,10907213.652303267,1209273.638761453,10667927.718361452
2025-09-15,313623.05960849754,9615532.139208496,620850.5964195263,9922759.676019525,1504771.1567032696,10806680.236303268,1230079.0827614532,10531988.162361452
2025-09-16,313623.05960849754,10195822.139208496,645732.807619526,10527931.887219526,1560982.7407032694,11443181.820303269,1250884.5267614534,11133083.606361452
2025-09-17,313623.05960849754,10464623.139208496,701171.8901235261,10852171.969723526,1622930.4613432693,11773930.540943269,1320877.562731453,11471877.642331451
2025-09-18,313623.05960849754,11129622.139208496,758154.4405875262,11574153.520187525,1686602.8555832694,12502601.935183268,1392819.260251453,12208818.339851452
2025-09-19,313623.05960849754,11861321.139208496,790699.2418275261,12338397.321427524,1760125.0523832694,13307823.131983269,1420031.8353014528,12967729.914901452
2025-09-22,313623.05960849754,11505143.139208496,790699.2418275261,11982219.321427524,1760125.0523832694,12951645.131983269,1420031.8353014528,12611551.914901452
2025-09-23,313623.05960849754,11637876.139208496,856611.0402675262,12180864.119867526,1923565.0364711324,13247818.116071131,1615620.953411412,12939874.03301141
2025-09-24,313623.05960849754,11172977.139208496,856611.0402675262,11715965.119867526,1923565.0364711324,12782919.116071131,1615620.953411412,12474975.03301141
2025-09-25,313623.05960849754,11024903.139208496,866508.7961475262,11577788.875747524,1992136.7812711324,12703416.86087113,1641001.230836412,12352281.31043641
2025-09-26,313623.05960849754,10686067.139208496,896607.7891275262,11269051.868727524,2060133.6348711324,12432577.714471132,1717829.016761412,12090273.09636141
2025-09-29,313623.05960849754,10856152.139208496,896607.7891275262,11439136.868727524,2060133.6348711324,12602662.714471132,1717829.016761412,12260358.09636141
2025-09-30,313623.05960849754,10541995.139208496,896607.7891275262,11124979.868727524,2060133.6348711324,12288505.714471132,1717829.016761412,11946201.09636141
2025-10-09,313623.05960849754,10351233.139208496,905912.6938635262,10943522.773463525,2060133.6348711324,12097743.714471132,1741689.078221412,11779299.15782141
2025-10-10,313623.05960849754,9901008.139208496,905912.6938635262,10493297.773463525,2060133.6348711324,11647518.714471132,1741689.078221412,11329074.15782141
2025-10-13,313623.05960849754,9725587.139208496,905912.6938635262,10317876.773463525,2060133.6348711324,11472097.714471132,1741689.078221412,11153653.15782141
2025-10-14,313623.05960849754,9497473.139208496,931221.8611875263,10115071.940787524,2117309.758551132,11301159.83815113,1762851.5247264118,10946701.60432641
2025-10-15,313623.05960849754,9552834.139208496,931221.8611875263,10170432.940787524,2117309.758551132,11356520.83815113,1762851.5247264118,11002062.60432641
2025-10-16,313623.05960849754,9529489.139208496,931221.8611875263,10147087.940787524,2117309.758551132,11333175.83815113,1762851.5247264118,10978717.60432641
2025-10-17,313623.05960849754,9325387.139208496,931221.8611875263,9942985.940787524,2117309.758551132,11129073.83815113,1762851.5247264118,10774615.60432641
2025-10-20,313623.05960849754,9307378.139208496,938989.7785875262,9932744.858187525,2171125.962551132,11164881.04215113,1782770.3731014119,10776525.45270141
2025-10-21,313623.05960849754,9684233.139208496,938989.7785875262,10309599.858187525,2171125.962551132,11541736.04215113,1782770.3731014119,11153380.45270141
2025-10-22,373888.5431311723,9985285.622731172,946987.2759795261,10558384.355579525,2209381.4683404984,11820778.547940496,1832146.6221295733,11443543.701729571
2025-10-23,373888.5431311723,9577748.622731172,946987.2759795261,10150847.355579525,2209381.4683404984,11413241.547940496,1832146.6221295733,11036006.701729571
2025-10-24,373888.5431311723,9871895.622731172,954981.0853395262,10452988.164939525,2303765.9222380635,11801773.001838062,1852644.712979573,11350651.79257957
2025-10-27,373888.5431311723,10104678.622731172,954981.0853395262,10685771.164939525,2303765.9222380635,12034556.001838062,1852644.712979573,11583434.79257957
2025-10-28,373888.5431311723,9963941.622731172,954981.0853395262,10545034.164939525,2303765.9222380635,11893819.001838062,1852644.712979573,11442697.79257957
2025-10-29,373888.5431311723,9945932.622731172,954981.0853395262,10527025.164939525,2303765.9222380635,11875810.001838062,1852644.712979573,11424688.79257957
2025-10-30,373888.5431311723,9779182.622731172,963280.0793475262,10368574.158947524,2361261.429918064,11766555.50951806,1873925.372234573,11279219.45183457
2025-10-31,373888.5431311723,9538395.622731172,963280.0793475262,10127787.158947524,2361261.429918064,11525768.50951806,1873925.372234573,11038432.45183457
2025-11-03,373888.5431311723,9549734.622731172,971025.8685555262,10146871.948155524,2361261.429918064,11537107.50951806,1873925.372234573,11049771.45183457
2025-11-04,373888.5431311723,9384318.622731172,971025.8685555262,9981455.948155524,2361261.429918064,11371691.50951806,1873925.372234573,10884355.45183457
2025-11-05,373888.5431311723,9262257.622731172,971025.8685555262,9859394.948155524,2361261.429918064,11249630.50951806,1873925.372234573,10762294.45183457
2025-11-06,373888.5431311723,9425672.622731172,971025.8685555262,10022809.948155524,2361261.429918064,11413045.50951806,1873925.372234573,10925709.45183457
2025-11-07,373888.5431311723,9327623.622731172,971025.8685555262,9924760.948155524,2361261.429918064,11314996.50951806,1873925.372234573,10827660.45183457
2025-11-10,373888.5431311723,9208897.622731172,978474.7711875263,9813483.850787524,2361261.429918064,11196270.50951806,1873925.372234573,10708934.45183457
2025-11-11,373888.5431311723,9171545.622731172,978474.7711875263,9776131.850787524,2361261.429918064,11158918.50951806,1873925.372234573,10671582.45183457
2025-11-12,373888.5431311723,9095507.622731172,978474.7711875263,9700093.850787524,2361261.429918064,11082880.50951806,1873925.372234573,10595544.45183457
2025-11-13,373888.5431311723,9102177.622731172,978474.7711875263,9706763.850787524,2361261.429918064,11089550.50951806,1873925.372234573,10602214.45183457
2025-11-14,373888.5431311723,9174880.622731172,985594.5169635264,9786586.596563525,2361261.429918064,11162253.50951806,1873925.372234573,10674917.45183457
2025-11-17,408458.9638717567,9320173.043471755,985594.5169635264,9897308.596563525,2382932.8443025094,11294646.923902508,1902089.2168930364,10813803.296493035
2025-11-18,408458.9638717567,9326843.043471755,992999.1632115263,9911383.242811523,2456536.1748276013,11374920.2544276,1921076.5487980363,10839460.628398035
2025-11-19,444750.3043623449,9528550.383962344,1000507.9963635264,10084308.075963523,2479298.243314961,11563098.32291496,1969903.023071992,11053703.102671988
2025-11-20,444750.3043623449,9177041.383962344,1000507.9963635264,9732799.075963523,2479298.243314961,11211589.32291496,1969903.023071992,10702194.102671988
2025-11-21,444750.3043623449,8805522.383962344,1007330.8555635265,9368102.935163524,2479298.243314961,10840070.32291496,1969903.023071992,10330675.102671988
2025-11-24,444750.3043623449,8858882.383962344,1014172.1549235266,9428304.234523524,2479298.243314961,10893430.32291496,1987445.795171992,10401577.87477199
2025-11-25,486778.5941896987,9391822.673789699,1014172.1549235266,9919216.234523524,2505842.0185395116,11410886.09813951,2021799.724575197,10926843.804175194
2025-11-26,534068.9667510825,9748601.046351083,1014172.1549235266,10228704.234523524,2535742.3289483753,11750274.408548374,2060469.4584431283,11275001.538043126
2025-11-27,586127.7599202654,9911381.839520264,1014172.1549235266,10339426.234523524,2568717.439622661,11893971.519222658,2103072.658943991,11428326.73854399
2025-11-28,586127.7599202654,9896707.839520264,1014172.1549235266,10324752.234523524,2568717.439622661,11879297.519222658,2103072.658943991,11413652.73854399
2025-12-01,586127.7599202654,9795990.839520264,1014172.1549235266,10224035.234523524,2568717.439622661,11778580.519222658,2103072.658943991,11312935.73854399
2025-12-02,586127.7599202654,9631908.839520264,1014172.1549235266,10059953.234523524,2568717.439622661,11614498.519222658,2103072.658943991,11148853.73854399
2025-12-03,586127.7599202654,9625905.839520264,1014172.1549235266,10053950.234523524,2568717.439622661,11608495.519222658,2103072.658943991,11142850.73854399
2025-12-04,586127.7599202654,9600559.839520264,1014172.1549235266,10028604.234523524,2568717.439622661,11583149.519222658,2103072.658943991,11117504.73854399
2025-12-05,586127.7599202654,9666592.839520264,1021769.5008435266,10102234.580443524,2568717.439622661,11649182.519222658,2122554.120143991,11203019.19974399
2025-12-08,586127.7599202654,9978748.839520264,1021769.5008435266,10414390.580443524,2568717.439622661,11961338.519222658,2122554.120143991,11515175.19974399
2025-12-09,586127.7599202654,10056787.839520264,1021769.5008435266,10492429.580443524,2568717.439622661,12039377.519222658,2122554.120143991,11593214.19974399
2025-12-10,586127.7599202654,10653752.839520264,1029968.9179875265,11097593.997587524,2568717.439622661,12636342.519222658,2143579.4398589907,12211204.519458989
2025-12-11,586127.7599202654,10843180.839520264,1088277.7075875266,11345330.787187524,2633871.775622661,12890924.85522266,2217195.542858991,12474248.622458989
2025-12-12,586127.7599202654,11139995.839520264,1088277.7075875266,11642145.787187524,2633871.775622661,13187739.85522266,2217195.542858991,12771063.622458989
2025-12-15,586127.7599202654,10434976.839520264,1088277.7075875266,10937126.787187524,2633871.775622661,12482720.85522266,2217195.542858991,12066044.622458989
2025-12-16,586127.7599202654,10044781.839520264,1088277.7075875266,10546931.787187524,2633871.775622661,12092525.85522266,2217195.542858991,11675849.622458989
2025-12-17,586127.7599202654,10640412.839520264,1088277.7075875266,11142562.787187524,2633871.775622661,12688156.85522266,2217195.542858991,12271480.622458989
2025-12-18,586127.7599202654,11295406.839520264,1088277.7075875266,11797556.787187524,2633871.775622661,13343150.85522266,2217195.542858991,12926474.622458989
2025-12-19,672261.3767480088,11878455.456348008,1151159.7355875266,12357353.815187523,2768540.320608343,13974734.400208341,2377631.621388203,13583825.700988201
2025-12-22,672261.3767480088,12648840.456348008,1151159.7355875266,13127738.815187523,2768540.320608343,14745119.400208341,2377631.621388203,14354210.700988201
2025-12-23,672261.3767480088,12583474.456348008,1162680.2255475265,13073893.305147523,2848354.3822083427,14759567.46180834,2407172.987613203,14318386.0672132
2025-12-24,672261.3767480088,12878955.456348008,1162680.2255475265,13369374.305147523,2848354.3822083427,15055048.46180834,2407172.987613203,14613867.0672132
2025-12-25,672261.3767480088,12512105.456348008,1162680.2255475265,13002524.305147523,2848354.3822083427,14688198.46180834,2407172.987613203,14247017.0672132
2025-12-26,672261.3767480088,12302667.456348008,1162680.2255475265,12793086.305147523,2848354.3822083427,14478760.46180834,2407172.987613203,14037579.0672132
2025-12-29,672261.3767480088,12228630.456348008,1162680.2255475265,12719049.305147523,2848354.3822083427,14404723.46180834,2407172.987613203,13963542.0672132
2025-12-30,672261.3767480088,12131915.456348008,1162680.2255475265,12622334.305147523,2848354.3822083427,14308008.46180834,2407172.987613203,13866827.0672132
2025-12-31,672261.3767480088,11935817.456348008,1162680.2255475265,12426236.305147523,2848354.3822083427,14111910.46180834,2407172.987613203,13670729.0672132
2026-01-05,672261.3767480088,11857778.456348008,1162680.2255475265,12348197.305147523,2848354.3822083427,14033871.46180834,2407172.987613203,13592690.0672132
2026-01-06,672261.3767480088,11773069.456348008,1162680.2255475265,12263488.305147523,2848354.3822083427,13949162.46180834,2407172.987613203,13507981.0672132
2026-01-07,672261.3767480088,12029197.456348008,1162680.2255475265,12519616.305147523,2848354.3822083427,14205290.46180834,2407172.987613203,13764109.0672132
2026-01-08,672261.3767480088,11620326.456348008,1162680.2255475265,12110745.305147523,2848354.3822083427,13796419.46180834,2407172.987613203,13355238.0672132
2026-01-09,672261.3767480088,11647006.456348008,1162680.2255475265,12137425.305147523,2848354.3822083427,13823099.46180834,2407172.987613203,13381918.0672132
2026-01-12,672261.3767480088,11543621.456348008,1162680.2255475265,12034040.305147523,2848354.3822083427,13719714.46180834,2407172.987613203,13278533.0672132
2026-01-13,672261.3767480088,11324845.456348008,1172820.4695315266,11825404.549131524,2848354.3822083427,13500938.46180834,2433175.064103203,13085759.1437032
2026-01-14,672261.3767480088,11324845.456348008,1172820.4695315266,11825404.549131524,2848354.3822083427,13500938.46180834,2433175.064103203,13085759.1437032
2026-01-15,672261.3767480088,11402884.456348008,1172820.4695315266,11903443.549131524,2848354.3822083427,13578977.46180834,2433175.064103203,13163798.1437032
2026-01-16,719456.4822350951,11852280.561835093,1172820.4695315266,12305644.549131524,2877896.175220341,14010720.25482034,2471599.905260867,13604423.984860865
2026-01-19,719456.4822350951,12081061.561835093,1172820.4695315266,12534425.549131524,2877896.175220341,14239501.25482034,2471599.905260867,13833204.984860865
2026-01-20,790967.4038416472,12190591.483441645,1206185.2527315265,12605809.332331523,3006261.5131771145,14405885.592777112,2623855.1767204567,14023479.256320454
2026-01-21,851665.5272393419,11969148.60683934,1216795.7207955264,12334278.800395522,3044575.3847014513,14162058.464301448,2700654.8683883795,13818137.947988378
2026-01-22,851665.5272393419,11699680.60683934,1216795.7207955264,12064810.800395522,3044575.3847014513,13892590.464301448,2700654.8683883795,13548669.947988378
2026-01-23,851665.5272393419,11863095.60683934,1216795.7207955264,12228225.800395522,3084404.40715588,14095834.486755878,2752162.0531243924,13763592.13272439
2026-01-26,851665.5272393419,12614137.60683934,1216795.7207955264,12979267.800395522,3084404.40715588,14846876.486755878,2752162.0531243924,14514634.13272439
2026-01-27,938829.8699806462,12885393.949580643,1287109.2611955262,13233673.340795523,3227917.8478952656,15174481.927495264,2922852.4744509794,14869416.554050978
2026-01-28,938829.8699806462,13465683.949580643,1287109.2611955262,13813963.340795523,3227917.8478952656,15754771.927495264,2922852.4744509794,15449706.554050978
2026-01-29,938829.8699806462,13483025.949580643,1299283.4548275264,13843479.534427524,3312260.774615266,15856456.854215264,2954070.097470979,15498266.177070977
2026-01-30,938829.8699806462,14387477.949580643,1299283.4548275264,14747931.534427524,3312260.774615266,16760908.854215264,2954070.097470979,16402718.177070977
2026-02-02,938829.8699806462,15045806.949580643,1299283.4548275264,15406260.534427524,3312260.774615266,17419237.854215264,2954070.097470979,17061047.177070975
2026-02-03,938829.8699806462,15461347.949580643,1344523.8388275267,15867041.918427523,3414463.654615266,17936981.734215263,2991898.1774709793,17514416.257070977
2026-02-04,938829.8699806462,16014290.949580643,1344523.8388275267,16419984.918427523,3414463.654615266,18489924.734215263,2991898.1774709793,18067359.257070977
2026-02-05,1080924.093753783,15372660.17335378,1391129.9169195264,15682865.996519523,3626208.16098184,17917944.24058184,3164636.8139446937,17456372.893544693
2026-02-06,1080924.093753783,16240427.17335378,1391129.9169195264,16550632.996519523,3626208.16098184,18785711.24058184,3164636.8139446937,18324139.893544693
2026-02-09,1080924.093753783,17406343.17335378,1564979.9373195267,17890399.016919523,3742016.79938184,20067435.878981836,3295485.8283946933,19620904.90799469
2026-02-10,1080924.093753783,18688984.17335378,1564979.9373195267,19173040.016919523,3742016.79938184,21350076.878981836,3295485.8283946933,20903545.90799469
2026-02-11,1080924.093753783,19141210.17335378,1564979.9373195267,19625266.016919523,3742016.79938184,21802302.878981836,3295485.8283946933,21355771.90799469
2026-02-12,1080924.093753783,19724168.17335378,1691315.6481195271,20334559.727719523,3883184.5273818406,22526428.606981836,3454987.384894693,22098231.46449469
2026-02-13,1080924.093753783,18816381.17335378,1691315.6481195271,19426772.727719523,3883184.5273818406,21618641.606981836,3454987.384894693,21190444.46449469
2026-02-24,1080924.093753783,20239759.17335378,1755783.1953195273,20914618.274919525,4028823.63138184,23187658.71098184,3508892.398894693,22667727.47849469
2026-02-25,1299415.5211153869,20046044.600715384,1777911.387319527,20524540.466919523,4346016.237659173,23092645.31725917,3771394.5785282003,22518023.6581282
2026-02-26,1299415.5211153869,20556299.600715384,1777911.387319527,21034795.466919523,4346016.237659173,23602900.31725917,3771394.5785282003,23028278.6581282
2026-02-27,1299415.5211153869,20230136.600715384,1840990.620235527,20771711.699835524,4650652.788202744,23581373.86780274,3932404.5434132,22863125.6230132
2026-03-02,1299415.5211153869,20971173.600715384,1861977.366331527,21533735.445931524,4650652.788202744,24322410.86780274,3932404.5434132,23604162.6230132
2026-03-03,1299415.5211153869,20542959.600715384,1930550.478379527,21174094.557979524,4805566.803562744,24049110.88316274,4107437.654193199,23350981.7337932
2026-03-04,1299415.5211153869,20027368.600715384,1951468.0738755271,20679421.153475523,4805566.803562744,23533519.88316274,4107437.654193199,22835390.7337932
2026-03-05,1299415.5211153869,19699871.600715384,1972950.860275527,20373406.939875524,4805566.803562744,23206022.88316274,4107437.654193199,22507893.7337932
2026-03-06,1299415.5211153869,19022199.600715384,1972950.860275527,19695734.939875524,4805566.803562744,22528350.88316274,4107437.654193199,21830221.7337932
2026-03-09,1299415.5211153869,18936156.600715384,2030852.8967475267,19667593.97634752,5112353.126487538,22749094.206087537,4255232.806863199,21891973.886463195
2026-03-10,1299415.5211153869,20349529.600715384,2050883.5205475264,21100997.600147523,5112353.126487538,24162467.206087537,4255232.806863199,23305346.886463195
2026-03-11,1299415.5211153869,21477426.600715384,2050883.5205475264,22228894.600147523,5112353.126487538,25290364.206087537,4255232.806863199,24433243.886463195
2026-03-12,1299415.5211153869,21143259.600715384,2050883.5205475264,21894727.600147523,5112353.126487538,24956197.206087537,4255232.806863199,24099076.886463195
2026-03-13,1299415.5211153869,20936489.600715384,2050883.5205475264,21687957.600147523,5112353.126487538,24749427.206087537,4255232.806863199,23892306.886463195
2026-03-16,1299415.5211153869,20342859.600715384,2073196.1141475262,21116640.193747524,5112353.126487538,24155797.206087537,4255232.806863199,23298676.886463195
2026-03-17,1299415.5211153869,19196286.600715384,2073196.1141475262,19970067.193747524,5112353.126487538,23009224.206087537,4255232.806863199,22152103.886463195
2026-03-18,1299415.5211153869,19671190.600715384,2093572.4909475264,20465347.57054752,5112353.126487538,23484128.206087537,4307482.842363199,22679257.921963196
2026-03-19,1299415.5211153869,19204290.600715384,2093572.4909475264,19998447.57054752,5112353.126487538,23017228.206087537,4307482.842363199,22212357.921963196
2026-03-20,1299415.5211153869,19267655.600715384,2156428.349467526,20124668.429067522,5254351.252887538,23222591.332487535,4467922.643313199,22436162.7229132
2026-03-23,1299415.5211153869,18948829.600715384,2176116.908299526,19825530.987899523,5254351.252887538,22903765.332487535,4518408.944583199,22167823.024183195
2026-03-24,1457993.5328173456,20522114.612417344,2196063.629371526,21260184.708971523,5355063.834881064,24419184.91448106,4699527.880233,23763648.959832996
2026-03-25,1457993.5328173456,22078225.612417344,2218745.026171526,22838977.105771523,5355063.834881064,25975295.91448106,4699527.880233,25319759.959832996
2026-03-26,1457993.5328173456,22894633.612417344,2242573.400923526,23679213.480523523,5355063.834881064,26791703.91448106,4760629.686453,26197269.766053
2026-03-27,1457993.5328173456,23253479.612417344,2266361.207323526,24061847.286923524,5519865.978881063,27315352.05848106,4821627.465452999,26617113.545052998
2026-03-30,1457993.5328173456,25083060.612417344,2266361.207323526,25891428.286923524,5519865.978881063,29144933.05848106,4821627.465452999,28446694.545052998
2026-03-31,1697883.0550102708,25843210.13461027,2437857.6473235264,26583184.726923525,5890938.0988247525,30036265.17842475,5263885.976260133,29409213.055860132
2026-04-01,1697883.0550102708,25743827.13461027,2437857.6473235264,26483801.726923525,5890938.0988247525,29936882.17842475,5263885.976260133,29309830.055860132
2026-04-02,1697883.0550102708,27377310.13461027,2437857.6473235264,28117284.726923525,5890938.0988247525,31570365.17842475,5263885.976260133,30943313.055860132
2026-04-03,1697883.0550102708,28711977.13461027,2533747.468735527,29547841.548335522,6107563.490664752,33121657.57026475,5344064.956075132,32358159.03567513
2026-04-07,1697883.0550102708,29018797.13461027,2566156.049935527,29887070.129535526,6107563.490664752,33428477.57026475,5427168.519325132,32748082.59892513
2026-04-08,1697883.0550102708,29352297.13461027,2566156.049935527,30220570.129535526,6107563.490664752,33761977.57026475,5427168.519325132,33081582.59892513
2026-04-09,1697883.0550102708,31767504.13461027,2566156.049935527,32635777.129535526,6107563.490664752,36177184.57026475,5427168.519325132,35496789.59892513
2026-04-10,1697883.0550102708,30838373.13461027,2566156.049935527,31706646.129535526,6107563.490664752,35248053.57026475,5427168.519325132,34567658.59892513
2026-04-13,1697883.0550102708,29824533.13461027,2566156.049935527,30692806.129535526,6107563.490664752,34234213.57026475,5427168.519325132,33553818.59892513
2026-04-14,1697883.0550102708,29512377.13461027,2600269.423927527,30414763.503527522,6107563.490664752,33922057.57026475,5514643.590070131,33329137.669670127
2026-04-15,1697883.0550102708,29119514.13461027,2633472.7760235267,30055103.855623525,6337596.622824752,33759227.70242475,5599785.141130131,33021416.220730126
2026-04-16,1697883.0550102708,29780511.13461027,2633472.7760235267,30716100.855623525,6337596.622824752,34420224.70242475,5599785.141130131,33682413.220730126
2026-04-17,1697883.0550102708,29605090.13461027,2667351.037975527,30574558.117575526,6337596.622824752,34244803.70242475,5599785.141130131,33506992.220730126
2026-04-20,1697883.0550102708,30879727.13461027,2667351.037975527,31849195.117575526,6337596.622824752,35519440.70242475,5599785.141130131,34781629.220730126
2026-04-21,2021995.4732482159,30975725.552848212,2774033.5184955266,31727763.598095525,6821521.509648717,35775251.58924872,5994173.363353731,34947903.44295373
2026-04-22,2021995.4732482159,33004739.552848212,2774033.5184955266,33756777.59809552,6821521.509648717,37804265.58924872,5994173.363353731,36976917.44295373
2026-04-23,2387075.273801994,31570253.353401992,2890301.3053755267,32073479.384975523,7357740.263620981,36540918.34322098,6435060.221295454,35618238.30089545
2026-04-24,2387075.273801994,30445691.353401992,2925189.166087527,30983805.245687526,7612128.182821485,35670744.26242148,6524521.266240453,34583137.34584045
2026-04-27,2387075.273801994,31068669.353401992,2925189.166087527,31606783.245687526,7612128.182821485,36293722.26242148,6524521.266240453,35206115.34584045
2026-04-28,2387075.273801994,30801202.353401992,2925189.166087527,31339316.245687526,7612128.182821485,36026255.26242148,6524521.266240453,34938648.34584045
2026-04-29,2387075.273801994,30603103.353401992,2958842.4580875267,31174870.537687525,7612128.182821485,35828156.26242148,6610816.5737404525,34826844.653340444
2026-04-30,2387075.273801994,29494549.353401992,2991951.7653675266,30099425.844967525,7612128.182821485,34719602.26242148,6695716.970790451,33803191.050390445
2026-05-06,2387075.273801994,29971454.353401992,3025328.4549675263,30609707.534567524,7843362.198821485,35427741.278421484,6781303.001790451,34365682.08139045
2026-05-07,2387075.273801994,31849059.353401992,3132805.4697315264,32594789.549331523,8312336.086865708,37774320.16646571,7055638.461705452,36517622.541305445
2026-05-08,2634746.1412559184,32632331.220855918,3132805.4697315264,33130390.549331523,8469401.089359313,38466986.16895931,7258465.82846265,37256050.908062644
2026-05-11,2634746.1412559184,32837767.220855918,3132805.4697315264,33335826.549331523,8469401.089359313,38672422.16895931,7258465.82846265,37461486.908062644
2026-05-12,2634746.1412559184,33581472.220855914,3132805.4697315264,34079531.54933152,8469401.089359313,39416127.16895931,7258465.82846265,38205191.908062644
2026-05-13,2634746.1412559184,33281322.220855918,3132805.4697315264,33779381.54933152,8469401.089359313,39115977.16895931,7258465.82846265,37905041.908062644
2026-05-14,2634746.1412559184,33130580.220855918,3170683.4023875264,33666517.48198752,8967608.878402848,39463442.95800285,7355594.15237265,37851428.23197264
2026-05-15,2634746.1412559184,31112905.220855918,3170683.4023875264,31648842.48198752,8967608.878402848,37445767.95800285,7355594.15237265,35833753.23197264
2026-05-18,2634746.1412559184,32782406.220855918,3170683.4023875264,33318343.48198752,8967608.878402848,39115268.95800285,7355594.15237265,37503254.23197264
2026-05-19,2634746.1412559184,32677020.220855918,3170683.4023875264,33212957.48198752,8967608.878402848,39009882.95800285,7355594.15237265,37397868.23197264
2026-05-20,2634746.1412559184,32680355.220855918,3207277.8999075266,33252886.97950752,9449604.261372669,39495213.34097267,7737138.099377803,37782747.178977795
2026-05-21,2634746.1412559184,31202950.220855918,3207277.8999075266,31775481.97950752,9449604.261372669,38017808.34097267,7737138.099377803,36305342.178977795
2026-05-22,2634746.1412559184,32060712.220855918,3207277.8999075266,32633243.97950752,9449604.261372669,38875570.34097267,7737138.099377803,37163104.178977795
2026-05-25,2634746.1412559184,31885291.220855918,3207277.8999075266,32457822.97950752,9449604.261372669,38700149.34097267,7737138.099377803,36987683.178977795
2026-05-26,2634746.1412559184,30411221.220855918,3207277.8999075266,30983752.97950752,9449604.261372669,37226079.34097267,7737138.099377803,35513613.178977795
2026-05-27,2634746.1412559184,30555960.220855918,3207277.8999075266,31128491.97950752,9449604.261372669,37370818.34097267,7737138.099377803,35658352.178977795
2026-05-28,2634746.1412559184,30852775.220855918,3309255.3804915263,31527284.460091524,9679982.32825267,37898011.407852665,7822407.320207803,36040436.399807796
2026-05-29,2862161.700782346,33231932.780382343,3343366.9104675264,33713137.99006752,9823920.20028343,40193691.27988343,8008486.094872167,38378257.17447216
2026-06-01,2862161.700782346,31148891.780382343,3343366.9104675264,31630096.990067523,9823920.20028343,38110650.27988343,8008486.094872167,36295216.17447216
2026-06-02,3107115.945279944,33872418.02487994,3377767.950955527,34143070.030555524,9979156.541904101,40744458.6215041,8209043.340555472,38974345.420155466
2026-06-03,3107115.945279944,36290293.02487994,3377767.950955527,36560945.030555524,9979156.541904101,43162333.6215041,8209043.340555472,41392220.420155466
2026-06-04,3107115.945279944,37017323.02487994,3377767.950955527,37287975.030555524,9979156.541904101,43889363.6215041,8209043.340555472,42119250.420155466
2026-06-05,3476228.5842670626,36437961.663867064,3638413.9570155274,36600147.03661552,10546343.8798138,43508076.9594138,8885335.890534589,41847068.970134586
2026-06-08,3476228.5842670626,36346582.663867064,3638413.9570155274,36508768.03661552,10546343.8798138,43416697.9594138,8885335.890534589,41755689.970134586
2026-06-09,3476228.5842670626,39283383.663867064,3680273.120215527,39487428.19981552,10546343.8798138,46353498.9594138,8992673.067534588,44799828.14713458
2026-06-10,3927400.6163364747,37624167.69593647,3816559.777015527,37513326.85661552,11192859.62378708,44889626.70338708,9531591.576954717,43228358.656554714
2026-06-11,3927400.6163364747,36945161.69593647,3942011.3618475264,36959772.44144752,11476268.21002708,44494029.289627075,9636488.842794716,42654249.92239471
2026-06-12,3927400.6163364747,36544294.69593647,3984101.9490555264,36600996.02865552,11476268.21002708,44093162.289627075,9636488.842794716,42253382.92239471
2026-06-15,3927400.6163364747,37464754.69593647,4108513.0050555263,37645867.08465552,12091423.25391923,45628777.33351923,10158829.119602077,43696183.19920207
2026-06-16,3927400.6163364747,38385214.69593647,4108513.0050555263,38566327.08465552,12091423.25391923,46549237.33351923,10158829.119602077,44616643.19920207
2026-06-17,3927400.6163364747,38145094.69593647,4150188.6886635264,38367882.76826352,12091423.25391923,46309117.33351923,10158829.119602077,44376523.19920207
2026-06-18,3927400.6163364747,38882129.69593647,4150188.6886635264,39104917.76826352,12091423.25391923,47046152.33351923,10158829.119602077,45113558.19920207
2026-06-22,3927400.6163364747,42027701.69593647,4150188.6886635264,42250489.76826352,12091423.25391923,50191724.33351923,10158829.119602077,48259130.19920207
2026-06-23,3927400.6163364747,45487430.69593647,4307116.270663526,45867146.35026352,12788918.09853599,54348948.17813599,10290045.272102077,51850075.351702064
2026-06-24,3927400.6163364747,46115744.69593647,4307116.270663526,46495460.35026352,12788918.09853599,54977262.17813599,10290045.272102077,52478389.351702064
2026-06-25,3927400.6163364747,45782244.69593647,4307116.270663526,46161960.35026352,12788918.09853599,54643762.17813599,10290045.272102077,52144889.351702064
2026-06-26,4415258.723504925,44135702.80310492,4466891.169331525,44187335.24893152,13515260.912848776,53235704.99244878,10882846.628510691,50603290.70811068
2026-06-29,4415258.723504925,43075172.80310492,4466891.169331525,43126805.24893152,13515260.912848776,52175174.99244878,10882846.628510691,49542760.70811068
2026-06-30,4415258.723504925,44329132.80310492,4516679.6013315255,44430553.68093152,13852765.496264718,53766639.57586472,11010516.39851069,50924390.478110686
2026-07-01,4415258.723504925,41835219.80310492,4566007.029331526,41985968.10893152,13852765.496264718,51272726.57586472,11010516.39851069,48430477.478110686
