date,total_asset,cash,market_value,positions_count,benchmark
2020-01-02,10000000.0,10000000.0,0.0,0,5366.137
2020-01-03,10000000.0,10000000.0,0.0,0,5380.637
2020-01-06,10000000.0,10000000.0,0.0,0,5434.85
2020-01-07,10000000.0,10000000.0,0.0,0,5499.839
2020-01-08,10000000.0,10000000.0,0.0,0,5423.796
2020-01-09,10000000.0,10000000.0,0.0,0,5497.542
2020-01-10,10000000.0,10000000.0,0.0,0,5480.227
2020-01-13,10000000.0,10000000.0,0.0,0,5559.627
2020-01-14,10000000.0,10000000.0,0.0,0,5542.331
2020-01-15,10000000.0,10000000.0,0.0,0,5530.026
2020-01-16,10000000.0,10000000.0,0.0,0,5527.667
2020-01-17,10000000.0,10000000.0,0.0,0,5510.045
2020-01-20,10000000.0,10000000.0,0.0,0,5587.535
2020-01-21,10000000.0,10000000.0,0.0,0,5523.941
2020-01-22,10000000.0,10000000.0,0.0,0,5575.512
2020-01-23,10000000.0,10000000.0,0.0,0,5377.741
2020-02-03,10000000.0,10000000.0,0.0,0,4910.901
2020-02-04,10000000.0,10000000.0,0.0,0,4996.474
2020-02-05,10000000.0,10000000.0,0.0,0,5123.961
2020-02-06,10000000.0,10000000.0,0.0,0,5282.892
2020-02-07,10000000.0,10000000.0,0.0,0,5327.036
2020-02-10,10000000.0,10000000.0,0.0,0,5388.434
2020-02-11,10000000.0,10000000.0,0.0,0,5361.276
2020-02-12,10000000.0,10000000.0,0.0,0,5459.946
2020-02-13,10000000.0,10000000.0,0.0,0,5412.841
2020-02-14,10000000.0,10000000.0,0.0,0,5420.802
2020-02-17,10000000.0,10000000.0,0.0,0,5594.436
2020-02-18,10000000.0,10000000.0,0.0,0,5660.814
2020-02-19,10000000.0,10000000.0,0.0,0,5603.262
2020-02-20,10000000.0,10000000.0,0.0,0,5706.712
2020-02-21,10000000.0,10000000.0,0.0,0,5784.032
2020-02-24,10000000.0,10000000.0,0.0,0,5865.466
2020-02-25,10000000.0,10000000.0,0.0,0,5897.721
2020-02-26,10000000.0,10000000.0,0.0,0,5743.392
2020-02-27,10000000.0,10000000.0,0.0,0,5753.727
2020-02-28,10000000.0,10000000.0,0.0,0,5451.289
2020-03-02,10000000.0,10000000.0,0.0,0,5656.419
2020-03-03,10000000.0,10000000.0,0.0,0,5710.023
2020-03-04,10000000.0,10000000.0,0.0,0,5716.511
2020-03-05,10000000.0,10000000.0,0.0,0,5801.119
2020-03-06,10000000.0,10000000.0,0.0,0,5763.86
2020-03-09,10000000.0,10000000.0,0.0,0,5525.8167
2020-03-10,10000000.0,10000000.0,0.0,0,5675.1113
2020-03-11,10000000.0,10000000.0,0.0,0,5589.5311
2020-03-12,10000000.0,10000000.0,0.0,0,5493.8838
2020-03-13,10000000.0,10000000.0,0.0,0,5457.2006
2020-03-16,10000000.0,10000000.0,0.0,0,5200.1142
2020-03-17,10000000.0,10000000.0,0.0,0,5212.0619
2020-03-18,10000000.0,10000000.0,0.0,0,5119.4716
2020-03-19,10000000.0,10000000.0,0.0,0,5157.8235
2020-03-20,10000000.0,10000000.0,0.0,0,5219.2809
2020-03-23,10000000.0,10000000.0,0.0,0,4998.9095
2020-03-24,10000000.0,10000000.0,0.0,0,5096.0408
2020-03-25,10000000.0,10000000.0,0.0,0,5217.4237
2020-03-26,10000000.0,10000000.0,0.0,0,5166.1091
2020-03-27,10000000.0,10000000.0,0.0,0,5137.3371
2020-03-30,10000000.0,10000000.0,0.0,0,5027.4856
2020-03-31,10000000.0,10000000.0,0.0,0,5041.4534
2020-04-01,10000000.0,10000000.0,0.0,0,5019.2187
2020-04-02,10000000.0,10000000.0,0.0,0,5147.2019
2020-04-03,10000000.0,10000000.0,0.0,0,5107.0393
2020-04-07,10000000.0,10000000.0,0.0,0,5267.073
2020-04-08,10000000.0,10000000.0,0.0,0,5271.7961
2020-04-09,10000000.0,10000000.0,0.0,0,5322.4614
2020-04-10,10000000.0,10000000.0,0.0,0,5208.5102
2020-04-13,10000000.0,10000000.0,0.0,0,5169.1757
2020-04-14,10000000.0,10000000.0,0.0,0,5288.593
2020-04-15,10000000.0,10000000.0,0.0,0,5268.7497
2020-04-16,10000000.0,10000000.0,0.0,0,5316.9707
2020-04-17,10000000.0,10000000.0,0.0,0,5318.4547
2020-04-20,10000000.0,10000000.0,0.0,0,5381.7857
2020-04-21,10000000.0,10000000.0,0.0,0,5343.8806
2020-04-22,10000000.0,10000000.0,0.0,0,5387.6233
2020-04-23,10000000.0,10000000.0,0.0,0,5357.7904
2020-04-24,10000000.0,10000000.0,0.0,0,5273.5474
2020-04-27,10000000.0,10000000.0,0.0,0,5265.7248
2020-04-28,10000000.0,10000000.0,0.0,0,5227.846
2020-04-29,10000000.0,10000000.0,0.0,0,5226.8116
2020-04-30,10000000.0,10000000.0,0.0,0,5353.8595
2020-05-06,10000000.0,10000000.0,0.0,0,5451.3159
2020-05-07,10000000.0,10000000.0,0.0,0,5445.7519
2020-05-08,10000000.0,10000000.0,0.0,0,5507.6965
2020-05-11,10000000.0,10000000.0,0.0,0,5496.192
2020-05-12,10000000.0,10000000.0,0.0,0,5512.464
2020-05-13,10000000.0,10000000.0,0.0,0,5536.2802
2020-05-14,10000000.0,10000000.0,0.0,0,5487.107
2020-05-15,10000000.0,10000000.0,0.0,0,5507.9336
2020-05-18,10000000.0,10000000.0,0.0,0,5478.8218
2020-05-19,10000000.0,10000000.0,0.0,0,5547.8759
2020-05-20,10000000.0,10000000.0,0.0,0,5489.7024
2020-05-21,10000000.0,10000000.0,0.0,0,5426.1745
2020-05-22,10000000.0,10000000.0,0.0,0,5328.2268
2020-05-25,10000000.0,10000000.0,0.0,0,5316.6036
2020-05-26,10000000.0,10000000.0,0.0,0,5420.2126
2020-05-27,10000000.0,10000000.0,0.0,0,5369.4992
2020-05-28,10000000.0,10000000.0,0.0,0,5361.167
2020-05-29,10000000.0,10000000.0,0.0,0,5406.3403
2020-06-01,10000000.0,10000000.0,0.0,0,5569.48
2020-06-02,10000000.0,10000000.0,0.0,0,5566.4438
2020-06-03,10000000.0,10000000.0,0.0,0,5572.3125
2020-06-04,10000000.0,10000000.0,0.0,0,5576.7535
2020-06-05,10000000.0,10000000.0,0.0,0,5585.4231
2020-06-08,10000000.0,10000000.0,0.0,0,5575.3036
2020-06-09,10000000.0,10000000.0,0.0,0,5610.3774
2020-06-10,10000000.0,10000000.0,0.0,0,5615.2417
2020-06-11,10000000.0,10000000.0,0.0,0,5589.1019
2020-06-12,10000000.0,10000000.0,0.0,0,5591.4871
2020-06-15,10000000.0,10000000.0,0.0,0,5590.6435
2020-06-16,10000000.0,10000000.0,0.0,0,5695.3007
2020-06-17,10000000.0,10000000.0,0.0,0,5735.4183
2020-06-18,10000000.0,10000000.0,0.0,0,5734.403
2020-06-19,10000000.0,10000000.0,0.0,0,5787.1482
2020-06-22,10000000.0,10000000.0,0.0,0,5784.0269
2020-06-23,10000000.0,10000000.0,0.0,0,5804.343
2020-06-24,10000000.0,10000000.0,0.0,0,5789.0893
2020-06-29,10000000.0,10000000.0,0.0,0,5762.4378
2020-06-30,10000000.0,10000000.0,0.0,0,5864.4164
2020-07-01,10000000.0,10000000.0,0.0,0,5881.8875
2020-07-02,10000000.0,10000000.0,0.0,0,5975.2794
2020-07-03,10000000.0,10000000.0,0.0,0,6051.5099
2020-07-06,10000000.0,10000000.0,0.0,0,6299.8551
2020-07-07,10000000.0,10000000.0,0.0,0,6380.0276
2020-07-08,10000000.0,10000000.0,0.0,0,6535.4151
2020-07-09,10000000.0,10000000.0,0.0,0,6693.7452
2020-07-10,10000000.0,10000000.0,0.0,0,6676.4373
2020-07-13,10000000.0,10000000.0,0.0,0,6899.5175
2020-07-14,10000000.0,10000000.0,0.0,0,6807.727
2020-07-15,10000000.0,10000000.0,0.0,0,6638.8384
2020-07-16,10000000.0,10000000.0,0.0,0,6319.9981
2020-07-17,10000000.0,10000000.0,0.0,0,6344.5912
2020-07-20,10000000.0,1998088.6258599993,0.0,4,6526.8325
2020-07-21,9965107.62586,1998088.6258599993,7967019.0,4,6563.3239
2020-07-22,10066793.62586,39539.43545999937,8068705.0,5,6620.6893
2020-07-23,9967089.43546,39539.43545999937,9927550.0,5,6620.0859
2020-07-24,9534827.43546,39539.43545999937,9495288.0,5,6283.9831
2020-07-27,9432373.43546,39539.43545999937,9392834.0,5,6298.7351
2020-07-28,9471366.43546,39539.43545999937,9431827.0,5,6359.6637
2020-07-29,9568458.43546,39539.43545999937,9528919.0,5,6530.2712
2020-07-30,9472301.43546,39539.43545999937,9432762.0,5,6511.436
2020-07-31,9610518.43546,39539.43545999937,9570979.0,5,6579.6696
2020-08-03,9990263.43546,39539.43545999937,9950724.0,5,6739.8085
2020-08-04,10087560.43546,39539.43545999937,10048021.0,5,6697.7071
2020-08-05,10083486.43546,39539.43545999937,10043947.0,5,6772.8422
2020-08-06,10031293.43546,39539.43545999937,9991754.0,5,6770.3016
2020-08-07,9933350.43546,39539.43545999937,9893811.0,5,6688.8822
2020-08-10,9984924.43546,39539.43545999937,9945385.0,5,6725.2956
2020-08-11,9994607.43546,39539.43545999937,9955068.0,5,6600.8472
2020-08-12,9958854.43546,39539.43545999937,9919315.0,5,6528.3999
2020-08-13,9989692.43546,39539.43545999937,9950153.0,5,6552.6567
2020-08-14,10157107.43546,39539.43545999937,10117568.0,5,6623.5633
2020-08-17,10225951.43546,8224703.930279999,10186412.0,1,6744.5468
2020-08-18,10203463.93028,2010332.0053799988,1978760.0,4,6789.3979
2020-08-19,10136778.005379999,66716.07705999864,8126446.0,5,6666.274
2020-08-20,10042409.07706,66716.07705999864,9975693.0,5,6593.785
2020-08-21,10186028.07706,66716.07705999864,10119312.0,5,6643.9444
2020-08-24,10244622.07706,66716.07705999864,10177906.0,5,6688.9647
2020-08-25,10346998.07706,66716.07705999864,10280282.0,5,6652.5478
2020-08-26,9991234.07706,66716.07705999864,9924518.0,5,6525.8786
2020-08-27,10214072.07706,66716.07705999864,10147356.0,5,6578.7912
2020-08-28,10272466.07706,66716.07705999864,10205750.0,5,6691.2096
2020-08-31,10459285.07706,66716.07705999864,10392569.0,5,6668.4331
2020-09-01,10413794.07706,66716.07705999864,10347078.0,5,6710.4599
2020-09-02,10244435.07706,66716.07705999864,10177719.0,5,6717.5579
2020-09-03,10235768.07706,66716.07705999864,10169052.0,5,6662.2515
2020-09-04,10230322.07706,66716.07705999864,10163606.0,5,6618.5762
2020-09-07,10031520.07706,66716.07705999864,9964804.0,5,6478.8124
2020-09-08,10127937.07706,66716.07705999864,10061221.0,5,6525.098
2020-09-09,9938333.07706,9921598.8721,9871617.0,0,6349.2234
2020-09-10,9921598.8721,9921598.8721,0.0,0,6235.5687
2020-09-11,9921598.8721,9921598.8721,0.0,0,6311.967
2020-09-14,9921598.8721,9921598.8721,0.0,0,6351.2422
2020-09-15,9921598.8721,3972584.9069299996,0.0,3,6387.8805
2020-09-16,9844414.90693,3972584.9069299996,5871830.0,3,6353.836
2020-09-17,9956542.90693,3972584.9069299996,5983958.0,3,6367.0206
2020-09-18,9948915.90693,1983148.6879899995,5976331.0,4,6469.4692
2020-09-21,9933335.687989999,1983148.6879899995,7950187.0,4,6445.9649
2020-09-22,9867993.687989999,26914.099229999585,7884845.0,5,6358.652
2020-09-23,10045411.099229999,26914.099229999585,10018497.0,5,6392.0329
2020-09-24,9692788.099229999,9675488.15825,9665874.0,0,6244.6389
2020-09-25,9675488.15825,9675488.15825,0.0,0,6236.8904
2020-09-28,9675488.15825,9675488.15825,0.0,0,6178.4693
2020-09-29,9675488.15825,1937223.6740900003,0.0,4,6228.7708
2020-09-30,9622912.67409,11833.10269000032,7685689.0,5,6192.5045
2020-10-09,9870321.10269,11833.10269000032,9858488.0,5,6357.9711
2020-10-12,9964332.10269,11833.10269000032,9952499.0,5,6541.176
2020-10-13,9972287.10269,11833.10269000032,9960454.0,5,6551.3987
2020-10-14,9998649.10269,11833.10269000032,9986816.0,5,6508.3743
2020-10-15,9969245.10269,11833.10269000032,9957412.0,5,6460.0408
2020-10-16,9928642.10269,11833.10269000032,9916809.0,5,6428.6822
2020-10-19,9770764.10269,11833.10269000032,9758931.0,5,6358.3213
2020-10-20,9821078.10269,11833.10269000032,9809245.0,5,6423.1128
2020-10-21,9733344.10269,11833.10269000032,9721511.0,5,6350.0127
2020-10-22,9635735.10269,11833.10269000032,9623902.0,5,6317.1438
2020-10-23,9654966.10269,11833.10269000032,9643133.0,5,6213.2626
2020-10-26,9785866.10269,11833.10269000032,9774033.0,5,6214.3779
2020-10-27,9759969.10269,11833.10269000032,9748136.0,5,6221.3414
2020-10-28,9782973.10269,11833.10269000032,9771140.0,5,6245.9986
2020-10-29,9838477.10269,11833.10269000032,9826644.0,5,6255.1933
2020-10-30,9688975.10269,9673343.91511,9677142.0,0,6111.4803
2020-11-02,9673343.91511,1932289.7002499993,0.0,4,6143.1157
2020-11-03,9626730.70025,1932289.7002499993,7694441.0,4,6241.7676
2020-11-04,9620239.70025,1932289.7002499993,7687950.0,4,6234.158
2020-11-05,9703701.70025,1932289.7002499993,7771412.0,4,6351.9789
2020-11-06,9725893.70025,1932289.7002499993,7793604.0,4,6301.2477
2020-11-09,9714277.70025,1932289.7002499993,7781988.0,4,6421.6506
2020-11-10,9618998.70025,1932289.7002499993,7686709.0,4,6373.0853
2020-11-11,9643750.70025,38287.28764999914,7711461.0,5,6294.6055
2020-11-12,9656339.287649998,38287.28764999914,9618052.0,5,6315.4938
2020-11-13,9717692.287649998,38287.28764999914,9679405.0,5,6306.97
2020-11-16,9782586.287649998,38287.28764999914,9744299.0,5,6387.371
2020-11-17,9658001.287649998,38287.28764999914,9619714.0,5,6336.9406
2020-11-18,9696054.287649998,38287.28764999914,9657767.0,5,6341.0136
2020-11-19,9810167.287649998,38287.28764999914,9771880.0,5,6360.5998
2020-11-20,9814175.287649998,38287.28764999914,9775888.0,5,6422.9854
2020-11-23,9760630.287649998,38287.28764999914,9722343.0,5,6472.9301
2020-11-24,9936090.287649998,38287.28764999914,9897803.0,5,6475.1881
2020-11-25,9882882.287649998,38287.28764999914,9844595.0,5,6350.3667
2020-11-26,9856171.287649998,38287.28764999914,9817884.0,5,6334.3042
2020-11-27,9855376.287649998,38287.28764999914,9817089.0,5,6351.6119
2020-11-30,9807541.287649998,7845258.18787,9769254.0,1,6320.9441
2020-12-01,9822924.18787,1864486.1773000003,1977666.0,4,6426.6155
2020-12-02,9844237.1773,1864486.1773000003,7979751.0,4,6434.9791
2020-12-03,9855402.1773,1864486.1773000003,7990916.0,4,6440.8808
2020-12-04,9888744.1773,1864486.1773000003,8024258.0,4,6464.7345
2020-12-07,9833040.1773,1864486.1773000003,7968554.0,4,6424.6823
2020-12-08,9840137.1773,1864486.1773000003,7975651.0,4,6423.6513
2020-12-09,9772813.1773,3853668.54538,7908327.0,3,6307.2207
2020-12-10,9600239.54538,3853668.54538,5746571.0,3,6320.0956
2020-12-11,9613672.54538,3853668.54538,5760004.0,3,6209.427
2020-12-14,9574563.54538,3853668.54538,5720895.000000001,3,6259.0175
2020-12-15,9546314.54538,3853668.54538,5692646.0,3,6265.5819
2020-12-16,9546215.54538,1943323.8849,5692547.0,4,6235.4352
2020-12-17,9661188.8849,10893.483619999839,7717865.0,5,6308.9013
2020-12-18,9645625.48362,10893.483619999839,9634732.0,5,6291.918
2020-12-21,9621308.48362,10893.483619999839,9610415.0,5,6398.5987
2020-12-22,9251685.48362,10893.483619999839,9240792.0,5,6250.0606
2020-12-23,9255558.48362,10893.483619999839,9244665.0,5,6307.604
2020-12-24,9154037.48362,10893.483619999839,9143144.0,5,6205.2247
2020-12-25,9280743.48362,10893.483619999839,9269850.0,5,6278.4981
2020-12-28,9220390.48362,10893.483619999839,9209497.0,5,6244.4818
2020-12-29,9192843.48362,5374835.895839999,9181950.0,2,6199.8523
2020-12-30,9266363.89584,1656285.7092999998,3891528.0,4,6269.2484
2020-12-31,9263117.7093,33571.813379999716,7606832.0,5,6367.1149
2021-01-04,9539280.81338,33571.813379999716,9505709.0,5,6482.7868
2021-01-05,9543971.81338,33571.813379999716,9510400.0,5,6539.7315
2021-01-06,9355343.81338,33571.813379999716,9321772.0,5,6528.1425
2021-01-07,8935165.81338,33571.813379999716,8901594.0,5,6538.1162
2021-01-08,9037591.81338,33571.813379999716,9004020.0,5,6557.5964
2021-01-11,9022202.81338,33571.813379999716,8988631.0,5,6455.3987
2021-01-12,9051837.81338,33571.813379999716,9018266.0,5,6543.2286
2021-01-13,8647596.81338,33571.813379999716,8614025.0,5,6496.9131
2021-01-14,8892053.81338,1921709.6581799998,8858482.0,4,6439.8854
2021-01-15,9013796.65818,3703525.6375399996,7092087.0,3,6417.5011
2021-01-18,8995633.63754,3703525.6375399996,5292108.0,3,6514.4644
2021-01-19,9004629.63754,3703525.6375399996,5301104.0,3,6476.3736
2021-01-20,8957937.63754,3703525.6375399996,5254412.0,3,6535.4185
2021-01-21,8980583.63754,3703525.6375399996,5277058.0,3,6622.4959
2021-01-22,8914314.63754,3703525.6375399996,5210789.0,3,6637.8052
2021-01-25,8989512.63754,3703525.6375399996,5285987.0,3,6645.3137
2021-01-26,8935203.63754,3703525.6375399996,5231678.0,3,6532.961
2021-01-27,8818318.63754,3703525.6375399996,5114793.0,3,6557.1608
2021-01-28,8754661.63754,7113048.52946,5051136.0,1,6414.3811
2021-01-29,8650968.52946,8648319.54738,1537920.0,0,6346.1371
2021-02-01,8648319.54738,8648319.54738,0.0,0,6393.278
2021-02-02,8648319.54738,8648319.54738,0.0,0,6454.7853
2021-02-03,8648319.54738,8648319.54738,0.0,0,6399.3315
2021-02-04,8648319.54738,8648319.54738,0.0,0,6328.7881
2021-02-05,8648319.54738,8648319.54738,0.0,0,6239.8709
2021-02-08,8648319.54738,8648319.54738,0.0,0,6323.1622
2021-02-09,8648319.54738,8648319.54738,0.0,0,6457.8814
2021-02-10,8648319.54738,8648319.54738,0.0,0,6525.1658
2021-02-18,8648319.54738,8648319.54738,0.0,0,6614.5443
2021-02-19,8648319.54738,8648319.54738,0.0,0,6703.4821
2021-02-22,8648319.54738,8648319.54738,0.0,0,6657.056
2021-02-23,8648319.54738,8648319.54738,0.0,0,6631.2286
2021-02-24,8648319.54738,8648319.54738,0.0,0,6536.1861
2021-02-25,8648319.54738,8648319.54738,0.0,0,6499.1528
2021-02-26,8648319.54738,8648319.54738,0.0,0,6364.3529
2021-03-01,8648319.54738,8648319.54738,0.0,0,6488.4388
2021-03-02,8648319.54738,8648319.54738,0.0,0,6433.3282
2021-03-03,8648319.54738,8648319.54738,0.0,0,6524.7513
2021-03-04,8648319.54738,8648319.54738,0.0,0,6401.9917
2021-03-05,8648319.54738,8648319.54738,0.0,0,6403.4964
2021-03-08,8648319.54738,8648319.54738,0.0,0,6256.4092
2021-03-09,8648319.54738,8648319.54738,0.0,0,6108.0027
2021-03-10,8648319.54738,8648319.54738,0.0,0,6062.2552
2021-03-11,8648319.54738,8648319.54738,0.0,0,6213.8319
2021-03-12,8648319.54738,8648319.54738,0.0,0,6222.3802
2021-03-15,8648319.54738,8648319.54738,0.0,0,6173.8721
2021-03-16,8648319.54738,8648319.54738,0.0,0,6195.2438
2021-03-17,8648319.54738,8648319.54738,0.0,0,6225.3588
2021-03-18,8648319.54738,8648319.54738,0.0,0,6273.8556
2021-03-19,8648319.54738,8648319.54738,0.0,0,6206.6023
2021-03-22,8648319.54738,8648319.54738,0.0,0,6305.6919
2021-03-23,8648319.54738,8648319.54738,0.0,0,6219.1666
2021-03-24,8648319.54738,8648319.54738,0.0,0,6142.5439
2021-03-25,8648319.54738,8648319.54738,0.0,0,6157.4072
2021-03-26,8648319.54738,8648319.54738,0.0,0,6251.7941
2021-03-29,8648319.54738,8648319.54738,0.0,0,6254.9426
2021-03-30,8648319.54738,8648319.54738,0.0,0,6280.359
2021-03-31,8648319.54738,8648319.54738,0.0,0,6254.0695
2021-04-01,8648319.54738,8648319.54738,0.0,0,6311.6644
2021-04-02,8648319.54738,8648319.54738,0.0,0,6326.6059
2021-04-06,8648319.54738,8648319.54738,0.0,0,6343.0962
2021-04-07,8648319.54738,8648319.54738,0.0,0,6348.0761
2021-04-08,8648319.54738,8648319.54738,0.0,0,6356.7526
2021-04-09,8648319.54738,8648319.54738,0.0,0,6335.2393
2021-04-12,8648319.54738,8648319.54738,0.0,0,6226.4182
2021-04-13,8648319.54738,8648319.54738,0.0,0,6209.7801
2021-04-14,8648319.54738,8648319.54738,0.0,0,6277.2111
2021-04-15,8648319.54738,8648319.54738,0.0,0,6276.4609
2021-04-16,8648319.54738,8648319.54738,0.0,0,6339.5906
2021-04-19,8648319.54738,8648319.54738,0.0,0,6425.2606
2021-04-20,8648319.54738,8648319.54738,0.0,0,6428.5411
2021-04-21,8648319.54738,8648319.54738,0.0,0,6420.2587
2021-04-22,8648319.54738,8648319.54738,0.0,0,6445.4657
2021-04-23,8648319.54738,8648319.54738,0.0,0,6462.7558
2021-04-26,8648319.54738,8648319.54738,0.0,0,6442.6451
2021-04-27,8648319.54738,8648319.54738,0.0,0,6446.2822
2021-04-28,8648319.54738,8648319.54738,0.0,0,6489.7441
2021-04-29,8648319.54738,8648319.54738,0.0,0,6491.9281
2021-04-30,8648319.54738,8648319.54738,0.0,0,6485.7075
2021-05-06,8648319.54738,8648319.54738,0.0,0,6489.3485
2021-05-07,8648319.54738,8648319.54738,0.0,0,6444.4429
2021-05-10,8648319.54738,8648319.54738,0.0,0,6475.9938
2021-05-11,8648319.54738,8648319.54738,0.0,0,6456.0376
2021-05-12,8648319.54738,8648319.54738,0.0,0,6512.0501
2021-05-13,8648319.54738,8648319.54738,0.0,0,6439.0273
2021-05-14,8648319.54738,8648319.54738,0.0,0,6525.8036
2021-05-17,8648319.54738,8648319.54738,0.0,0,6578.1402
2021-05-18,8648319.54738,8648319.54738,0.0,0,6599.5985
2021-05-19,8648319.54738,8648319.54738,0.0,0,6584.3869
2021-05-20,8648319.54738,8648319.54738,0.0,0,6548.7111
2021-05-21,8648319.54738,8648319.54738,0.0,0,6527.864
2021-05-24,8648319.54738,8648319.54738,0.0,0,6544.1218
2021-05-25,8648319.54738,8648319.54738,0.0,0,6619.6707
2021-05-26,8648319.54738,8648319.54738,0.0,0,6628.2065
2021-05-27,8648319.54738,8648319.54738,0.0,0,6685.4054
2021-05-28,8648319.54738,8648319.54738,0.0,0,6668.1696
2021-05-31,8648319.54738,8648319.54738,0.0,0,6728.9906
2021-06-01,8648319.54738,8648319.54738,0.0,0,6739.7624
2021-06-02,8648319.54738,8648319.54738,0.0,0,6681.4285
2021-06-03,8648319.54738,8648319.54738,0.0,0,6667.7264
2021-06-04,8648319.54738,8648319.54738,0.0,0,6693.0574
2021-06-07,8648319.54738,8648319.54738,0.0,0,6721.5019
2021-06-08,8648319.54738,8648319.54738,0.0,0,6684.5626
2021-06-09,8648319.54738,8648319.54738,0.0,0,6692.9049
2021-06-10,8648319.54738,8648319.54738,0.0,0,6765.6436
2021-06-11,8648319.54738,8648319.54738,0.0,0,6725.9152
2021-06-15,8648319.54738,8648319.54738,0.0,0,6663.6623
2021-06-16,8648319.54738,8648319.54738,0.0,0,6566.286
2021-06-17,8648319.54738,8648319.54738,0.0,0,6616.174
2021-06-18,8648319.54738,8648319.54738,0.0,0,6657.7635
2021-06-21,8648319.54738,8648319.54738,0.0,0,6707.1762
2021-06-22,8648319.54738,8648319.54738,0.0,0,6739.7939
2021-06-23,8648319.54738,8648319.54738,0.0,0,6789.9464
2021-06-24,8648319.54738,8648319.54738,0.0,0,6754.8657
2021-06-25,8648319.54738,8648319.54738,0.0,0,6813.4138
2021-06-28,8648319.54738,8648319.54738,0.0,0,6828.5162
2021-06-29,8648319.54738,8648319.54738,0.0,0,6765.4201
2021-06-30,8648319.54738,8648319.54738,0.0,0,6808.1831
2021-07-01,8648319.54738,8648319.54738,0.0,0,6716.6658
2021-07-02,8648319.54738,8648319.54738,0.0,0,6658.0451
2021-07-05,8648319.54738,8648319.54738,0.0,0,6711.0136
2021-07-06,8648319.54738,8648319.54738,0.0,0,6709.4983
2021-07-07,8648319.54738,8648319.54738,0.0,0,6764.1319
2021-07-08,8648319.54738,8648319.54738,0.0,0,6748.654
2021-07-09,8648319.54738,8648319.54738,0.0,0,6804.5389
2021-07-12,8648319.54738,8648319.54738,0.0,0,6904.3818
2021-07-13,8648319.54738,8648319.54738,0.0,0,6961.8475
2021-07-14,8648319.54738,8648319.54738,0.0,0,6898.7502
2021-07-15,8648319.54738,8648319.54738,0.0,0,6932.406
2021-07-16,8648319.54738,8648319.54738,0.0,0,6925.1232
2021-07-19,8648319.54738,8648319.54738,0.0,0,6889.3375
2021-07-20,8648319.54738,8648319.54738,0.0,0,6901.1318
2021-07-21,8648319.54738,8648319.54738,0.0,0,6984.5418
2021-07-22,8648319.54738,8648319.54738,0.0,0,7026.5482
2021-07-23,8648319.54738,8648319.54738,0.0,0,6985.7499
2021-07-26,8648319.54738,8648319.54738,0.0,0,6868.2074
2021-07-27,8648319.54738,8648319.54738,0.0,0,6719.2557
2021-07-28,8648319.54738,8648319.54738,0.0,0,6621.9845
2021-07-29,8648319.54738,8648319.54738,0.0,0,6758.8869
2021-07-30,8648319.54738,8648319.54738,0.0,0,6767.316
2021-08-02,8648319.54738,8648319.54738,0.0,0,6872.0004
2021-08-03,8648319.54738,8648319.54738,0.0,0,6816.0107
2021-08-04,8648319.54738,8648319.54738,0.0,0,6931.3365
2021-08-05,8648319.54738,8648319.54738,0.0,0,6911.8292
2021-08-06,8648319.54738,8648319.54738,0.0,0,6938.8679
2021-08-09,8648319.54738,8648319.54738,0.0,0,6979.5256
2021-08-10,8648319.54738,8648319.54738,0.0,0,7019.2284
2021-08-11,8648319.54738,8648319.54738,0.0,0,7073.5219
2021-08-12,8648319.54738,8648319.54738,0.0,0,7095.2024
2021-08-13,8648319.54738,8648319.54738,0.0,0,7088.8876
2021-08-16,8648319.54738,8648319.54738,0.0,0,7052.4876
2021-08-17,8648319.54738,8648319.54738,0.0,0,6894.4042
2021-08-18,8648319.54738,8648319.54738,0.0,0,6941.008
2021-08-19,8648319.54738,8648319.54738,0.0,0,6947.0564
2021-08-20,8648319.54738,8648319.54738,0.0,0,6920.0248
2021-08-23,8648319.54738,8648319.54738,0.0,0,7024.5647
2021-08-24,8648319.54738,8648319.54738,0.0,0,7090.7817
2021-08-25,8648319.54738,8648319.54738,0.0,0,7153.0043
2021-08-26,8648319.54738,8648319.54738,0.0,0,7118.8442
2021-08-27,8648319.54738,8648319.54738,0.0,0,7180.1088
2021-08-30,8648319.54738,8648319.54738,0.0,0,7226.8823
2021-08-31,8648319.54738,8648319.54738,0.0,0,7255.3418
2021-09-01,8648319.54738,8648319.54738,0.0,0,7193.1
2021-09-02,8648319.54738,8648319.54738,0.0,0,7307.0084
2021-09-03,8648319.54738,8648319.54738,0.0,0,7278.6809
2021-09-06,8648319.54738,8648319.54738,0.0,0,7355.4013
2021-09-07,8648319.54738,8648319.54738,0.0,0,7498.9255
2021-09-08,8648319.54738,8648319.54738,0.0,0,7544.0411
2021-09-09,8648319.54738,8648319.54738,0.0,0,7617.4505
2021-09-10,8648319.54738,8648319.54738,0.0,0,7607.6749
2021-09-13,8648319.54738,8648319.54738,0.0,0,7648.7481
2021-09-14,8648319.54738,8648319.54738,0.0,0,7556.6157
2021-09-15,8648319.54738,8648319.54738,0.0,0,7592.3059
2021-09-16,8648319.54738,8648319.54738,0.0,0,7446.9353
2021-09-17,8648319.54738,8648319.54738,0.0,0,7395.5645
2021-09-22,8648319.54738,8648319.54738,0.0,0,7453.6247
2021-09-23,8648319.54738,8648319.54738,0.0,0,7502.8391
2021-09-24,8648319.54738,8648319.54738,0.0,0,7380.3843
2021-09-27,8648319.54738,8648319.54738,0.0,0,7170.5899
2021-09-28,8648319.54738,8648319.54738,0.0,0,7198.8966
2021-09-29,8648319.54738,8648319.54738,0.0,0,7010.2192
2021-09-30,8648319.54738,8648319.54738,0.0,0,7103.6076
2021-10-08,8648319.54738,8648319.54738,0.0,0,7091.3356
2021-10-11,8648319.54738,8648319.54738,0.0,0,7090.4673
2021-10-12,8648319.54738,8648319.54738,0.0,0,6952.1903
2021-10-13,8648319.54738,8648319.54738,0.0,0,6981.5947
2021-10-14,8648319.54738,8648319.54738,0.0,0,7008.3326
2021-10-15,8648319.54738,8648319.54738,0.0,0,7024.1596
2021-10-18,8648319.54738,8648319.54738,0.0,0,7068.1048
2021-10-19,8648319.54738,8648319.54738,0.0,0,7120.3794
2021-10-20,8648319.54738,8648319.54738,0.0,0,7118.7959
2021-10-21,8648319.54738,8648319.54738,0.0,0,7098.2542
2021-10-22,8648319.54738,8648319.54738,0.0,0,7026.0676
2021-10-25,8648319.54738,8648319.54738,0.0,0,7103.9856
2021-10-26,8648319.54738,8648319.54738,0.0,0,7102.4335
2021-10-27,8648319.54738,8648319.54738,0.0,0,7048.604
2021-10-28,8648319.54738,8648319.54738,0.0,0,6950.2768
2021-10-29,8648319.54738,8648319.54738,0.0,0,7022.4992
2021-11-01,8648319.54738,8648319.54738,0.0,0,7060.756
2021-11-02,8648319.54738,8648319.54738,0.0,0,6985.0998
2021-11-03,8648319.54738,8648319.54738,0.0,0,7017.8541
2021-11-04,8648319.54738,8648319.54738,0.0,0,7073.8522
2021-11-05,8648319.54738,8648319.54738,0.0,0,6991.9077
2021-11-08,8648319.54738,8648319.54738,0.0,0,7026.9715
2021-11-09,8648319.54738,8648319.54738,0.0,0,7081.7539
2021-11-10,8648319.54738,8648319.54738,0.0,0,7062.3313
2021-11-11,8648319.54738,8648319.54738,0.0,0,7119.8589
2021-11-12,8648319.54738,8648319.54738,0.0,0,7156.6127
2021-11-15,8648319.54738,8648319.54738,0.0,0,7098.2129
2021-11-16,8648319.54738,8648319.54738,0.0,0,7045.9387
2021-11-17,8648319.54738,8648319.54738,0.0,0,7104.5344
2021-11-18,8648319.54738,8648319.54738,0.0,0,7084.6827
2021-11-19,8648319.54738,8648319.54738,0.0,0,7169.8759
2021-11-22,8648319.54738,8648319.54738,0.0,0,7255.0736
2021-11-23,8648319.54738,8648319.54738,0.0,0,7261.3791
2021-11-24,8648319.54738,8648319.54738,0.0,0,7256.1117
2021-11-25,8648319.54738,8648319.54738,0.0,0,7233.5423
2021-11-26,8648319.54738,8648319.54738,0.0,0,7219.8622
2021-11-29,8648319.54738,8648319.54738,0.0,0,7221.8978
2021-11-30,8648319.54738,8648319.54738,0.0,0,7252.7552
2021-12-01,8648319.54738,8648319.54738,0.0,0,7272.837
2021-12-02,8648319.54738,8648319.54738,0.0,0,7229.988
2021-12-03,8648319.54738,8648319.54738,0.0,0,7301.9173
2021-12-06,8648319.54738,8648319.54738,0.0,0,7240.4558
2021-12-07,8648319.54738,8648319.54738,0.0,0,7206.8257
2021-12-08,8648319.54738,8648319.54738,0.0,0,7302.9905
2021-12-09,8648319.54738,8648319.54738,0.0,0,7320.3177
2021-12-10,8648319.54738,8648319.54738,0.0,0,7306.646
2021-12-13,8648319.54738,8648319.54738,0.0,0,7353.0306
2021-12-14,8648319.54738,8648319.54738,0.0,0,7324.1331
2021-12-15,8648319.54738,8648319.54738,0.0,0,7314.2586
2021-12-16,8648319.54738,8648319.54738,0.0,0,7380.9974
2021-12-17,8648319.54738,8648319.54738,0.0,0,7314.5601
2021-12-20,8648319.54738,8648319.54738,0.0,0,7195.9732
2021-12-21,8648319.54738,8648319.54738,0.0,0,7275.4675
2021-12-22,8648319.54738,8648319.54738,0.0,0,7302.463
2021-12-23,8648319.54738,8648319.54738,0.0,0,7337.19
2021-12-24,8648319.54738,8648319.54738,0.0,0,7278.7556
2021-12-27,8648319.54738,8648319.54738,0.0,0,7272.7493
2021-12-28,8648319.54738,8648319.54738,0.0,0,7286.0336
2021-12-29,8648319.54738,8648319.54738,0.0,0,7247.7741
2021-12-30,8648319.54738,8648319.54738,0.0,0,7310.96
2021-12-31,8648319.54738,8648319.54738,0.0,0,7359.4024
2022-01-04,8648319.54738,8648319.54738,0.0,0,7354.4562
2022-01-05,8648319.54738,8648319.54738,0.0,0,7222.6747
2022-01-06,8648319.54738,8648319.54738,0.0,0,7229.9601
2022-01-07,8648319.54738,8648319.54738,0.0,0,7175.676
2022-01-10,8648319.54738,8648319.54738,0.0,0,7191.4511
2022-01-11,8648319.54738,8648319.54738,0.0,0,7135.2232
2022-01-12,8648319.54738,8648319.54738,0.0,0,7196.9327
2022-01-13,8648319.54738,8648319.54738,0.0,0,7097.7594
2022-01-14,8648319.54738,8648319.54738,0.0,0,7081.1408
2022-01-17,8648319.54738,8648319.54738,0.0,0,7157.8593
2022-01-18,8648319.54738,8648319.54738,0.0,0,7163.1586
2022-01-19,8648319.54738,8648319.54738,0.0,0,7118.762
2022-01-20,8648319.54738,8648319.54738,0.0,0,7056.7854
2022-01-21,8648319.54738,8648319.54738,0.0,0,6976.6155
2022-01-24,8648319.54738,8648319.54738,0.0,0,6979.2456
2022-01-25,8648319.54738,8648319.54738,0.0,0,6743.9566
2022-01-26,8648319.54738,8648319.54738,0.0,0,6782.5763
2022-01-27,8648319.54738,8648319.54738,0.0,0,6605.9159
2022-01-28,8648319.54738,8648319.54738,0.0,0,6580.53
2022-02-07,8648319.54738,8648319.54738,0.0,0,6676.6122
2022-02-08,8648319.54738,8648319.54738,0.0,0,6742.1921
2022-02-09,8648319.54738,8648319.54738,0.0,0,6843.0271
2022-02-10,8648319.54738,8648319.54738,0.0,0,6840.485
2022-02-11,8648319.54738,8648319.54738,0.0,0,6745.0235
2022-02-14,8648319.54738,8648319.54738,0.0,0,6695.6958
2022-02-15,8648319.54738,8648319.54738,0.0,0,6760.2776
2022-02-16,8648319.54738,8648319.54738,0.0,0,6772.0336
2022-02-17,8648319.54738,8648319.54738,0.0,0,6768.7888
2022-02-18,8648319.54738,8648319.54738,0.0,0,6835.0217
2022-02-21,8648319.54738,8648319.54738,0.0,0,6867.1129
2022-02-22,8648319.54738,8648319.54738,0.0,0,6784.7622
2022-02-23,8648319.54738,8648319.54738,0.0,0,6887.4236
2022-02-24,8648319.54738,8648319.54738,0.0,0,6764.8756
2022-02-25,8648319.54738,8648319.54738,0.0,0,6819.4311
2022-02-28,8648319.54738,8648319.54738,0.0,0,6853.3081
2022-03-01,8648319.54738,8648319.54738,0.0,0,6874.0447
2022-03-02,8648319.54738,8648319.54738,0.0,0,6875.2404
2022-03-03,8648319.54738,8648319.54738,0.0,0,6859.5522
2022-03-04,8648319.54738,8648319.54738,0.0,0,6803.8337
2022-03-07,8648319.54738,8648319.54738,0.0,0,6659.3902
2022-03-08,8648319.54738,8648319.54738,0.0,0,6429.8888
2022-03-09,8648319.54738,8648319.54738,0.0,0,6305.6093
2022-03-10,8648319.54738,8648319.54738,0.0,0,6414.9402
2022-03-11,8648319.54738,8648319.54738,0.0,0,6474.1269
2022-03-14,8648319.54738,8648319.54738,0.0,0,6323.5779
2022-03-15,8648319.54738,8648319.54738,0.0,0,5964.9813
2022-03-16,8648319.54738,8648319.54738,0.0,0,6156.2714
2022-03-17,8648319.54738,8648319.54738,0.0,0,6267.5244
2022-03-18,8648319.54738,8648319.54738,0.0,0,6332.2166
2022-03-21,8648319.54738,8648319.54738,0.0,0,6358.943
2022-03-22,8648319.54738,8648319.54738,0.0,0,6358.1093
2022-03-23,8648319.54738,8648319.54738,0.0,0,6398.1009
2022-03-24,8648319.54738,8648319.54738,0.0,0,6344.115
2022-03-25,8648319.54738,8648319.54738,0.0,0,6268.2376
2022-03-28,8648319.54738,8648319.54738,0.0,0,6283.2814
2022-03-29,8648319.54738,8648319.54738,0.0,0,6253.0692
2022-03-30,8648319.54738,8648319.54738,0.0,0,6377.8744
2022-03-31,8648319.54738,8648319.54738,0.0,0,6324.9609
2022-04-01,8648319.54738,8648319.54738,0.0,0,6364.5206
2022-04-06,8648319.54738,8648319.54738,0.0,0,6356.9271
2022-04-07,8648319.54738,8648319.54738,0.0,0,6221.5908
2022-04-08,8648319.54738,8648319.54738,0.0,0,6224.1167
2022-04-11,8648319.54738,8648319.54738,0.0,0,6029.8935
2022-04-12,8648319.54738,8648319.54738,0.0,0,6126.9065
2022-04-13,8648319.54738,8648319.54738,0.0,0,6044.3263
2022-04-14,8648319.54738,8648319.54738,0.0,0,6126.4902
2022-04-15,8648319.54738,8648319.54738,0.0,0,6070.7489
2022-04-18,8648319.54738,8648319.54738,0.0,0,6074.0069
2022-04-19,8648319.54738,8648319.54738,0.0,0,6092.3963
2022-04-20,8648319.54738,8648319.54738,0.0,0,5956.9208
2022-04-21,8648319.54738,8648319.54738,0.0,0,5759.8013
2022-04-22,8648319.54738,8648319.54738,0.0,0,5740.9844
2022-04-25,8648319.54738,8648319.54738,0.0,0,5369.7171
2022-04-26,8648319.54738,8648319.54738,0.0,0,5234.0059
2022-04-27,8648319.54738,8648319.54738,0.0,0,5437.0374
2022-04-28,8648319.54738,8648319.54738,0.0,0,5418.7641
2022-04-29,8648319.54738,8648319.54738,0.0,0,5627.9021
2022-05-05,8648319.54738,8648319.54738,0.0,0,5686.7023
2022-05-06,8648319.54738,8648319.54738,0.0,0,5563.7693
2022-05-09,8648319.54738,8648319.54738,0.0,0,5608.5162
2022-05-10,8648319.54738,8648319.54738,0.0,0,5690.0868
2022-05-11,8648319.54738,8648319.54738,0.0,0,5737.8173
2022-05-12,8648319.54738,8648319.54738,0.0,0,5743.1007
2022-05-13,8648319.54738,8648319.54738,0.0,0,5796.8014
2022-05-16,8648319.54738,8648319.54738,0.0,0,5791.0809
2022-05-17,8648319.54738,8648319.54738,0.0,0,5816.3379
2022-05-18,8648319.54738,8648319.54738,0.0,0,5797.4896
2022-05-19,8648319.54738,8648319.54738,0.0,0,5838.4074
2022-05-20,8648319.54738,8648319.54738,0.0,0,5929.4882
2022-05-23,8648319.54738,8648319.54738,0.0,0,5965.7277
2022-05-24,8648319.54738,8648319.54738,0.0,0,5745.6751
2022-05-25,8648319.54738,8648319.54738,0.0,0,5844.2546
2022-05-26,8648319.54738,8648319.54738,0.0,0,5911.5607
2022-05-27,8648319.54738,8648319.54738,0.0,0,5899.915
2022-05-30,8648319.54738,8648319.54738,0.0,0,5942.8317
2022-05-31,8648319.54738,8648319.54738,0.0,0,6026.2373
2022-06-01,8648319.54738,8648319.54738,0.0,0,6023.644
2022-06-02,8648319.54738,8648319.54738,0.0,0,6078.4349
2022-06-06,8648319.54738,8648319.54738,0.0,0,6187.4441
2022-06-07,8648319.54738,8648319.54738,0.0,0,6186.5672
2022-06-08,8648319.54738,8648319.54738,0.0,0,6217.8276
2022-06-09,8648319.54738,8648319.54738,0.0,0,6130.6862
2022-06-10,8648319.54738,8648319.54738,0.0,0,6240.1032
2022-06-13,8648319.54738,8648319.54738,0.0,0,6233.6194
2022-06-14,8648319.54738,8648319.54738,0.0,0,6275.5652
2022-06-15,8648319.54738,8648319.54738,0.0,0,6261.0613
2022-06-16,8648319.54738,8648319.54738,0.0,0,6264.822
2022-06-17,8648319.54738,8648319.54738,0.0,0,6316.3092
2022-06-20,8648319.54738,8648319.54738,0.0,0,6330.3942
2022-06-21,8648319.54738,8648319.54738,0.0,0,6277.0014
2022-06-22,8648319.54738,8648319.54738,0.0,0,6179.57
2022-06-23,8648319.54738,8648319.54738,0.0,0,6300.4746
2022-06-24,8648319.54738,8648319.54738,0.0,0,6368.2827
2022-06-27,8648319.54738,8648319.54738,0.0,0,6407.7447
2022-06-28,8648319.54738,8648319.54738,0.0,0,6501.352
2022-06-29,8648319.54738,8648319.54738,0.0,0,6374.2974
2022-06-30,8648319.54738,8648319.54738,0.0,0,6454.0778
2022-07-01,8648319.54738,8648319.54738,0.0,0,6438.5375
2022-07-04,8648319.54738,8648319.54738,0.0,0,6523.1311
2022-07-05,8648319.54738,8648319.54738,0.0,0,6511.5297
2022-07-06,8648319.54738,8648319.54738,0.0,0,6418.5453
2022-07-07,8648319.54738,8648319.54738,0.0,0,6452.9863
2022-07-08,8648319.54738,8648319.54738,0.0,0,6404.4393
2022-07-11,8648319.54738,8648319.54738,0.0,0,6319.1402
2022-07-12,8648319.54738,8648319.54738,0.0,0,6241.4793
2022-07-13,8648319.54738,8648319.54738,0.0,0,6268.4943
2022-07-14,8648319.54738,8648319.54738,0.0,0,6302.4319
2022-07-15,8648319.54738,8648319.54738,0.0,0,6196.7999
2022-07-18,8648319.54738,8648319.54738,0.0,0,6312.3557
2022-07-19,8648319.54738,8648319.54738,0.0,0,6335.7093
2022-07-20,8648319.54738,8648319.54738,0.0,0,6410.7088
2022-07-21,8648319.54738,8648319.54738,0.0,0,6347.5984
2022-07-22,8648319.54738,8648319.54738,0.0,0,6289.5325
2022-07-25,8648319.54738,8648319.54738,0.0,0,6231.2355
2022-07-26,8648319.54738,8648319.54738,0.0,0,6307.956
2022-07-27,8648319.54738,8648319.54738,0.0,0,6332.2327
2022-07-28,8648319.54738,8648319.54738,0.0,0,6348.1655
2022-07-29,8648319.54738,8648319.54738,0.0,0,6294.1144
2022-08-01,8648319.54738,8648319.54738,0.0,0,6347.2211
2022-08-02,8648319.54738,8648319.54738,0.0,0,6169.9961
2022-08-03,8648319.54738,8648319.54738,0.0,0,6124.3146
2022-08-04,8648319.54738,8648319.54738,0.0,0,6158.7346
2022-08-05,8648319.54738,8648319.54738,0.0,0,6270.5113
2022-08-08,8648319.54738,8648319.54738,0.0,0,6323.0746
2022-08-09,8648319.54738,8648319.54738,0.0,0,6341.4806
2022-08-10,8648319.54738,8648319.54738,0.0,0,6322.0558
2022-08-11,8648319.54738,8648319.54738,0.0,0,6439.3586
2022-08-12,8648319.54738,8648319.54738,0.0,0,6420.853
2022-08-15,8648319.54738,8648319.54738,0.0,0,6442.8093
2022-08-16,8648319.54738,8648319.54738,0.0,0,6465.1866
2022-08-17,8648319.54738,8648319.54738,0.0,0,6493.5047
2022-08-18,8648319.54738,8648319.54738,0.0,0,6468.8056
2022-08-19,8648319.54738,8648319.54738,0.0,0,6391.7159
2022-08-22,8648319.54738,8648319.54738,0.0,0,6472.6799
2022-08-23,8648319.54738,8648319.54738,0.0,0,6466.4045
2022-08-24,8648319.54738,8648319.54738,0.0,0,6284.5769
2022-08-25,8648319.54738,8648319.54738,0.0,0,6322.6961
2022-08-26,8648319.54738,8648319.54738,0.0,0,6298.3739
2022-08-29,8648319.54738,8648319.54738,0.0,0,6310.402
2022-08-30,8648319.54738,8648319.54738,0.0,0,6285.9273
2022-08-31,8648319.54738,8648319.54738,0.0,0,6155.7455
2022-09-01,8648319.54738,8648319.54738,0.0,0,6126.7685
2022-09-02,8648319.54738,8648319.54738,0.0,0,6149.4273
2022-09-05,8648319.54738,8648319.54738,0.0,0,6182.6465
2022-09-06,8648319.54738,8648319.54738,0.0,0,6291.5707
2022-09-07,8648319.54738,8648319.54738,0.0,0,6301.5644
2022-09-08,8648319.54738,8648319.54738,0.0,0,6272.5752
2022-09-09,8648319.54738,8648319.54738,0.0,0,6316.9724
2022-09-13,8648319.54738,8648319.54738,0.0,0,6300.422
2022-09-14,8648319.54738,8648319.54738,0.0,0,6249.963
2022-09-15,8648319.54738,8648319.54738,0.0,0,6107.7964
2022-09-16,8648319.54738,8648319.54738,0.0,0,5954.5037
2022-09-19,8648319.54738,8648319.54738,0.0,0,5913.1493
2022-09-20,8648319.54738,8648319.54738,0.0,0,5958.2922
2022-09-21,8648319.54738,8648319.54738,0.0,0,5978.581
2022-09-22,8648319.54738,8648319.54738,0.0,0,5965.8854
2022-09-23,8648319.54738,8648319.54738,0.0,0,5889.6019
2022-09-26,8648319.54738,8648319.54738,0.0,0,5806.3181
2022-09-27,8648319.54738,8648319.54738,0.0,0,5920.0531
2022-09-28,8648319.54738,8648319.54738,0.0,0,5769.5198
2022-09-29,8648319.54738,8648319.54738,0.0,0,5771.8812
2022-09-30,8648319.54738,8648319.54738,0.0,0,5714.0629
2022-10-10,8648319.54738,8648319.54738,0.0,0,5635.7109
2022-10-11,8648319.54738,8648319.54738,0.0,0,5684.5063
2022-10-12,8648319.54738,8648319.54738,0.0,0,5820.4537
2022-10-13,8648319.54738,8648319.54738,0.0,0,5830.3355
2022-10-14,8648319.54738,8648319.54738,0.0,0,5973.4389
2022-10-17,8648319.54738,8648319.54738,0.0,0,6015.5963
2022-10-18,8648319.54738,8648319.54738,0.0,0,6035.6737
2022-10-19,8648319.54738,8648319.54738,0.0,0,5972.7226
2022-10-20,8648319.54738,8648319.54738,0.0,0,5948.8621
2022-10-21,8648319.54738,8648319.54738,0.0,0,5956.8811
2022-10-24,8648319.54738,8648319.54738,0.0,0,5896.9031
2022-10-25,8648319.54738,8648319.54738,0.0,0,5869.781
2022-10-26,8648319.54738,8648319.54738,0.0,0,5971.6009
2022-10-27,8648319.54738,8648319.54738,0.0,0,5963.0037
2022-10-28,8648319.54738,8648319.54738,0.0,0,5781.7972
2022-10-31,8648319.54738,8648319.54738,0.0,0,5807.1063
2022-11-01,8648319.54738,8648319.54738,0.0,0,5941.1451
2022-11-02,8648319.54738,8648319.54738,0.0,0,5997.8038
2022-11-03,8648319.54738,8648319.54738,0.0,0,5996.7187
2022-11-04,8648319.54738,8648319.54738,0.0,0,6133.4629
2022-11-07,8648319.54738,8648319.54738,0.0,0,6141.4088
2022-11-08,8648319.54738,8648319.54738,0.0,0,6134.2564
2022-11-09,8648319.54738,8648319.54738,0.0,0,6120.8286
2022-11-10,8648319.54738,8648319.54738,0.0,0,6089.6951
2022-11-11,8648319.54738,8648319.54738,0.0,0,6138.6211
2022-11-14,8648319.54738,8648319.54738,0.0,0,6129.5129
2022-11-15,8648319.54738,8648319.54738,0.0,0,6236.3838
2022-11-16,8648319.54738,8648319.54738,0.0,0,6203.9174
2022-11-17,8648319.54738,8648319.54738,0.0,0,6217.2052
2022-11-18,8648319.54738,8648319.54738,0.0,0,6191.6477
2022-11-21,8648319.54738,8648319.54738,0.0,0,6189.7092
2022-11-22,8648319.54738,8648319.54738,0.0,0,6125.3999
2022-11-23,8648319.54738,8648319.54738,0.0,0,6115.6049
2022-11-24,8648319.54738,8648319.54738,0.0,0,6120.0659
2022-11-25,8648319.54738,8648319.54738,0.0,0,6087.8591
2022-11-28,8648319.54738,8648319.54738,0.0,0,6055.2843
2022-11-29,8648319.54738,8648319.54738,0.0,0,6163.8214
2022-11-30,8648319.54738,8648319.54738,0.0,0,6156.1465
2022-12-01,8648319.54738,8648319.54738,0.0,0,6186.1021
2022-12-02,8648319.54738,8648319.54738,0.0,0,6168.0127
2022-12-05,8648319.54738,8648319.54738,0.0,0,6215.1244
2022-12-06,8648319.54738,8648319.54738,0.0,0,6211.2515
2022-12-07,8648319.54738,8648319.54738,0.0,0,6204.0051
2022-12-08,8648319.54738,8648319.54738,0.0,0,6186.2835
2022-12-09,8648319.54738,8648319.54738,0.0,0,6192.3009
2022-12-12,8648319.54738,8648319.54738,0.0,0,6154.8092
2022-12-13,8648319.54738,8648319.54738,0.0,0,6121.6615
2022-12-14,8648319.54738,8648319.54738,0.0,0,6096.3856
2022-12-15,8648319.54738,8648319.54738,0.0,0,6101.8787
2022-12-16,8648319.54738,8648319.54738,0.0,0,6072.8627
2022-12-19,8648319.54738,8648319.54738,0.0,0,5936.4751
2022-12-20,8648319.54738,8648319.54738,0.0,0,5878.0314
2022-12-21,8648319.54738,8648319.54738,0.0,0,5845.835
2022-12-22,8648319.54738,8648319.54738,0.0,0,5779.0555
2022-12-23,8648319.54738,8648319.54738,0.0,0,5763.3458
2022-12-26,8648319.54738,8648319.54738,0.0,0,5843.2555
2022-12-27,8648319.54738,8648319.54738,0.0,0,5885.6622
2022-12-28,8648319.54738,8648319.54738,0.0,0,5862.0967
2022-12-29,8648319.54738,8648319.54738,0.0,0,5857.4021
2022-12-30,8648319.54738,8648319.54738,0.0,0,5864.4669
2023-01-03,8648319.54738,8648319.54738,0.0,0,5955.8969
2023-01-04,8648319.54738,8648319.54738,0.0,0,5952.4538
2023-01-05,8648319.54738,8648319.54738,0.0,0,6010.4641
2023-01-06,8648319.54738,8648319.54738,0.0,0,6012.8152
2023-01-09,8648319.54738,8648319.54738,0.0,0,6040.0193
2023-01-10,8648319.54738,8648319.54738,0.0,0,6048.2968
2023-01-11,8648319.54738,8648319.54738,0.0,0,6014.1565
2023-01-12,8648319.54738,8648319.54738,0.0,0,6015.2871
2023-01-13,8648319.54738,8648319.54738,0.0,0,6057.6902
2023-01-16,8648319.54738,8648319.54738,0.0,0,6126.1772
2023-01-17,8648319.54738,8648319.54738,0.0,0,6132.6391
2023-01-18,8648319.54738,8648319.54738,0.0,0,6151.4557
2023-01-19,8648319.54738,8648319.54738,0.0,0,6204.3261
2023-01-20,8648319.54738,8648319.54738,0.0,0,6251.4337
2023-01-30,8648319.54738,8648319.54738,0.0,0,6283.3272
2023-01-31,8648319.54738,8648319.54738,0.0,0,6289.15
2023-02-01,8648319.54738,8648319.54738,0.0,0,6365.9051
2023-02-02,8648319.54738,8648319.54738,0.0,0,6370.1411
2023-02-03,8648319.54738,8648319.54738,0.0,0,6343.6861
2023-02-06,8648319.54738,8648319.54738,0.0,0,6302.3349
2023-02-07,8648319.54738,8648319.54738,0.0,0,6317.2377
2023-02-08,8648319.54738,8648319.54738,0.0,0,6268.2759
2023-02-09,8648319.54738,8648319.54738,0.0,0,6354.562
2023-02-10,8648319.54738,8648319.54738,0.0,0,6334.252
2023-02-13,8648319.54738,8648319.54738,0.0,0,6383.8279
2023-02-14,8648319.54738,8648319.54738,0.0,0,6397.2146
2023-02-15,8648319.54738,8648319.54738,0.0,0,6384.3479
2023-02-16,8648319.54738,8648319.54738,0.0,0,6289.4786
2023-02-17,8648319.54738,8648319.54738,0.0,0,6237.4053
2023-02-20,8648319.54738,8648319.54738,0.0,0,6346.0678
2023-02-21,8648319.54738,8648319.54738,0.0,0,6383.4248
2023-02-22,8648319.54738,8648319.54738,0.0,0,6375.0684
2023-02-23,8648319.54738,8648319.54738,0.0,0,6360.3202
2023-02-24,8648319.54738,8648319.54738,0.0,0,6340.8435
2023-02-27,8648319.54738,8648319.54738,0.0,0,6307.2057
2023-02-28,8648319.54738,8648319.54738,0.0,0,6357.5352
2023-03-01,8648319.54738,8648319.54738,0.0,0,6402.1411
2023-03-02,8648319.54738,8648319.54738,0.0,0,6382.2322
2023-03-03,8648319.54738,8648319.54738,0.0,0,6390.3177
2023-03-06,8648319.54738,8648319.54738,0.0,0,6395.2191
2023-03-07,8648319.54738,8648319.54738,0.0,0,6284.2986
2023-03-08,8648319.54738,8648319.54738,0.0,0,6301.5157
2023-03-09,8648319.54738,8648319.54738,0.0,0,6285.9521
2023-03-10,8648319.54738,8648319.54738,0.0,0,6204.8989
2023-03-13,8648319.54738,8648319.54738,0.0,0,6245.0029
2023-03-14,8648319.54738,8648319.54738,0.0,0,6189.3969
2023-03-15,8648319.54738,8648319.54738,0.0,0,6224.64
2023-03-16,8648319.54738,8648319.54738,0.0,0,6140.8317
2023-03-17,8648319.54738,8648319.54738,0.0,0,6183.1843
2023-03-20,8648319.54738,8648319.54738,0.0,0,6160.3541
2023-03-21,8648319.54738,8648319.54738,0.0,0,6234.6793
2023-03-22,8648319.54738,8648319.54738,0.0,0,6269.7384
2023-03-23,8648319.54738,8648319.54738,0.0,0,6305.7585
2023-03-24,8648319.54738,8648319.54738,0.0,0,6310.0979
2023-03-27,8648319.54738,8648319.54738,0.0,0,6311.5998
2023-03-28,8648319.54738,8648319.54738,0.0,0,6279.9217
2023-03-29,8648319.54738,8648319.54738,0.0,0,6260.551
2023-03-30,8648319.54738,8648319.54738,0.0,0,6286.1773
2023-03-31,8648319.54738,8648319.54738,0.0,0,6339.8183
2023-04-03,8648319.54738,8648319.54738,0.0,0,6413.8073
2023-04-04,8648319.54738,8648319.54738,0.0,0,6408.8994
2023-04-06,8648319.54738,8648319.54738,0.0,0,6416.8456
2023-04-07,8648319.54738,8648319.54738,0.0,0,6464.4664
2023-04-10,8648319.54738,8648319.54738,0.0,0,6410.5218
2023-04-11,8648319.54738,8648319.54738,0.0,0,6420.877
2023-04-12,8648319.54738,8648319.54738,0.0,0,6443.4391
2023-04-13,8648319.54738,8648319.54738,0.0,0,6404.6463
2023-04-14,8648319.54738,8648319.54738,0.0,0,6431.0688
2023-04-17,8648319.54738,8648319.54738,0.0,0,6459.2396
2023-04-18,8648319.54738,8648319.54738,0.0,0,6449.8531
2023-04-19,8648319.54738,8648319.54738,0.0,0,6416.9696
2023-04-20,8648319.54738,8648319.54738,0.0,0,6411.7564
2023-04-21,8648319.54738,8648319.54738,0.0,0,6250.5446
2023-04-24,8648319.54738,8648319.54738,0.0,0,6208.7797
2023-04-25,8648319.54738,8648319.54738,0.0,0,6118.1526
2023-04-26,8648319.54738,8648319.54738,0.0,0,6142.1541
2023-04-27,8648319.54738,8648319.54738,0.0,0,6157.936
2023-04-28,8648319.54738,8648319.54738,0.0,0,6241.2441
2023-05-04,8648319.54738,8648319.54738,0.0,0,6262.3891
2023-05-05,8648319.54738,8648319.54738,0.0,0,6200.5759
2023-05-08,8648319.54738,8648319.54738,0.0,0,6248.5828
2023-05-09,8648319.54738,8648319.54738,0.0,0,6181.9757
2023-05-10,8648319.54738,8648319.54738,0.0,0,6173.8093
2023-05-11,8648319.54738,8648319.54738,0.0,0,6154.4703
2023-05-12,8648319.54738,8648319.54738,0.0,0,6091.6464
2023-05-15,8648319.54738,8648319.54738,0.0,0,6159.3888
2023-05-16,8648319.54738,8648319.54738,0.0,0,6110.8271
2023-05-17,8648319.54738,8648319.54738,0.0,0,6122.0518
2023-05-18,8648319.54738,8648319.54738,0.0,0,6128.1762
2023-05-19,8648319.54738,8648319.54738,0.0,0,6117.0833
2023-05-22,8648319.54738,8648319.54738,0.0,0,6115.3151
2023-05-23,8648319.54738,8648319.54738,0.0,0,6052.4297
2023-05-24,8648319.54738,8648319.54738,0.0,0,6005.7913
2023-05-25,8648319.54738,8648319.54738,0.0,0,5988.1885
2023-05-26,8648319.54738,8648319.54738,0.0,0,6034.9834
2023-05-29,8648319.54738,8648319.54738,0.0,0,6025.1552
2023-05-30,8648319.54738,8648319.54738,0.0,0,6061.3089
2023-05-31,8648319.54738,8648319.54738,0.0,0,6047.8021
2023-06-01,8648319.54738,8648319.54738,0.0,0,6051.4603
2023-06-02,8648319.54738,8648319.54738,0.0,0,6105.2181
2023-06-05,8648319.54738,8648319.54738,0.0,0,6097.1059
2023-06-06,8648319.54738,8648319.54738,0.0,0,5983.4202
2023-06-07,8648319.54738,8648319.54738,0.0,0,5987.011
2023-06-08,8648319.54738,8648319.54738,0.0,0,5966.1477
2023-06-09,8648319.54738,8648319.54738,0.0,0,6009.5826
2023-06-12,8648319.54738,8648319.54738,0.0,0,6027.7122
2023-06-13,8648319.54738,8648319.54738,0.0,0,6044.0371
2023-06-14,8648319.54738,8648319.54738,0.0,0,6044.0766
2023-06-15,8648319.54738,8648319.54738,0.0,0,6096.8075
2023-06-16,8648319.54738,8648319.54738,0.0,0,6148.0125
2023-06-19,8648319.54738,8648319.54738,0.0,0,6131.3849
2023-06-20,8648319.54738,8648319.54738,0.0,0,6126.1133
2023-06-21,8648319.54738,8648319.54738,0.0,0,5990.8455
2023-06-26,8648319.54738,8648319.54738,0.0,0,5887.0324
2023-06-27,8648319.54738,8648319.54738,0.0,0,5948.0029
2023-06-28,8648319.54738,8648319.54738,0.0,0,5942.3112
2023-06-29,8648319.54738,8648319.54738,0.0,0,5940.5782
2023-06-30,8648319.54738,8648319.54738,0.0,0,5998.7293
2023-07-03,8648319.54738,8648319.54738,0.0,0,6042.3122
2023-07-04,8648319.54738,8648319.54738,0.0,0,6055.2577
2023-07-05,8648319.54738,8648319.54738,0.0,0,6020.8212
2023-07-06,8648319.54738,8648319.54738,0.0,0,5988.5525
2023-07-07,8648319.54738,8648319.54738,0.0,0,5961.6057
2023-07-10,8648319.54738,8648319.54738,0.0,0,5984.2814
2023-07-11,8648319.54738,8648319.54738,0.0,0,6029.2318
2023-07-12,8648319.54738,8648319.54738,0.0,0,5962.7938
2023-07-13,8648319.54738,8648319.54738,0.0,0,6044.0583
2023-07-14,8648319.54738,8648319.54738,0.0,0,6030.5188
2023-07-17,8648319.54738,8648319.54738,0.0,0,6012.6895
2023-07-18,8648319.54738,8648319.54738,0.0,0,6001.7998
2023-07-19,8648319.54738,8648319.54738,0.0,0,5993.4126
2023-07-20,8648319.54738,8648319.54738,0.0,0,5925.4843
2023-07-21,8648319.54738,8648319.54738,0.0,0,5925.6255
2023-07-24,8648319.54738,8648319.54738,0.0,0,5916.7141
2023-07-25,8648319.54738,8648319.54738,0.0,0,6016.6312
2023-07-26,8648319.54738,8648319.54738,0.0,0,6001.5402
2023-07-27,8648319.54738,8648319.54738,0.0,0,5961.1843
2023-07-28,8648319.54738,8648319.54738,0.0,0,6043.2438
2023-07-31,8648319.54738,8648319.54738,0.0,0,6088.2431
2023-08-01,8648319.54738,8648319.54738,0.0,0,6098.8789
2023-08-02,8648319.54738,8648319.54738,0.0,0,6077.4645
2023-08-03,8648319.54738,8648319.54738,0.0,0,6098.6868
2023-08-04,8648319.54738,8648319.54738,0.0,0,6128.556
2023-08-07,8648319.54738,8648319.54738,0.0,0,6090.7307
2023-08-08,8648319.54738,8648319.54738,0.0,0,6066.1019
2023-08-09,8648319.54738,8648319.54738,0.0,0,6021.7506
2023-08-10,8648319.54738,8648319.54738,0.0,0,6031.7105
2023-08-11,8648319.54738,8648319.54738,0.0,0,5913.3502
2023-08-14,8648319.54738,8648319.54738,0.0,0,5916.8029
2023-08-15,8648319.54738,8648319.54738,0.0,0,5879.7782
2023-08-16,8648319.54738,8648319.54738,0.0,0,5833.2155
2023-08-17,8648319.54738,8648319.54738,0.0,0,5874.3609
2023-08-18,8648319.54738,8648319.54738,0.0,0,5777.7972
2023-08-21,8648319.54738,8648319.54738,0.0,0,5710.7783
2023-08-22,8648319.54738,8648319.54738,0.0,0,5741.0606
2023-08-23,8648319.54738,8648319.54738,0.0,0,5629.4999
2023-08-24,8648319.54738,8648319.54738,0.0,0,5652.6729
2023-08-25,8648319.54738,8648319.54738,0.0,0,5581.2116
2023-08-28,8648319.54738,8648319.54738,0.0,0,5644.1405
2023-08-29,8648319.54738,8648319.54738,0.0,0,5770.3155
2023-08-30,8648319.54738,8648319.54738,0.0,0,5775.1534
2023-08-31,8648319.54738,8648319.54738,0.0,0,5739.3984
2023-09-01,8648319.54738,8648319.54738,0.0,0,5750.8027
2023-09-04,8648319.54738,8648319.54738,0.0,0,5829.784
2023-09-05,8648319.54738,8648319.54738,0.0,0,5788.7149
2023-09-06,8648319.54738,8648319.54738,0.0,0,5790.3806
2023-09-07,8648319.54738,8648319.54738,0.0,0,5702.7008
2023-09-08,8648319.54738,8648319.54738,0.0,0,5708.6227
2023-09-11,8648319.54738,8648319.54738,0.0,0,5774.7305
2023-09-12,8648319.54738,8648319.54738,0.0,0,5770.9259
2023-09-13,8648319.54738,8648319.54738,0.0,0,5715.3973
2023-09-14,8648319.54738,8648319.54738,0.0,0,5702.102
2023-09-15,8648319.54738,8648319.54738,0.0,0,5704.6632
2023-09-18,8648319.54738,8648319.54738,0.0,0,5719.6887
2023-09-19,8648319.54738,8648319.54738,0.0,0,5687.9007
2023-09-20,8648319.54738,8648319.54738,0.0,0,5651.0062
2023-09-21,8648319.54738,8648319.54738,0.0,0,5611.9186
2023-09-22,8648319.54738,8648319.54738,0.0,0,5698.8168
2023-09-25,8648319.54738,8648319.54738,0.0,0,5666.6642
2023-09-26,8648319.54738,8648319.54738,0.0,0,5646.6544
2023-09-27,8648319.54738,8648319.54738,0.0,0,5674.3451
2023-09-28,8648319.54738,8648319.54738,0.0,0,5690.7697
2023-10-09,8648319.54738,8648319.54738,0.0,0,5658.0832
2023-10-10,8648319.54738,8648319.54738,0.0,0,5630.3714
2023-10-11,8648319.54738,8648319.54738,0.0,0,5629.7886
2023-10-12,8648319.54738,8648319.54738,0.0,0,5671.6419
2023-10-13,8648319.54738,8648319.54738,0.0,0,5633.3831
2023-10-16,8648319.54738,8648319.54738,0.0,0,5580.6666
2023-10-17,8648319.54738,8648319.54738,0.0,0,5595.3423
2023-10-18,8648319.54738,8648319.54738,0.0,0,5524.5988
2023-10-19,8648319.54738,8648319.54738,0.0,0,5464.027
2023-10-20,8648319.54738,8648319.54738,0.0,0,5423.6748
2023-10-23,8648319.54738,8648319.54738,0.0,0,5290.3343
2023-10-24,8648319.54738,8648319.54738,0.0,0,5352.0123
2023-10-25,8648319.54738,8648319.54738,0.0,0,5375.9983
2023-10-26,8648319.54738,8648319.54738,0.0,0,5398.934
2023-10-27,8648319.54738,8648319.54738,0.0,0,5492.0274
2023-10-30,8648319.54738,8648319.54738,0.0,0,5546.3881
2023-10-31,8648319.54738,8648319.54738,0.0,0,5528.2385
2023-11-01,8648319.54738,8648319.54738,0.0,0,5509.9662
2023-11-02,8648319.54738,8648319.54738,0.0,0,5459.4517
2023-11-03,8648319.54738,8648319.54738,0.0,0,5510.357
2023-11-06,8648319.54738,8648319.54738,0.0,0,5605.0621
2023-11-07,8648319.54738,8648319.54738,0.0,0,5611.0983
2023-11-08,8648319.54738,8648319.54738,0.0,0,5608.0173
2023-11-09,8648319.54738,8648319.54738,0.0,0,5592.0568
2023-11-10,8648319.54738,8648319.54738,0.0,0,5573.0999
2023-11-13,8648319.54738,8648319.54738,0.0,0,5605.5688
2023-11-14,8648319.54738,8648319.54738,0.0,0,5630.5534
2023-11-15,8648319.54738,8648319.54738,0.0,0,5664.617
2023-11-16,8648319.54738,8648319.54738,0.0,0,5609.3607
2023-11-17,8648319.54738,8648319.54738,0.0,0,5631.4233
2023-11-20,8648319.54738,8648319.54738,0.0,0,5659.7727
2023-11-21,8648319.54738,8648319.54738,0.0,0,5641.0844
2023-11-22,8648319.54738,8648319.54738,0.0,0,5572.8986
2023-11-23,8648319.54738,8648319.54738,0.0,0,5622.9891
2023-11-24,8648319.54738,8648319.54738,0.0,0,5570.4205
2023-11-27,8648319.54738,8648319.54738,0.0,0,5566.5069
2023-11-28,8648319.54738,8648319.54738,0.0,0,5591.4955
2023-11-29,8648319.54738,8648319.54738,0.0,0,5553.3349
2023-11-30,8648319.54738,8648319.54738,0.0,0,5545.0504
2023-12-01,8648319.54738,8648319.54738,0.0,0,5566.8689
2023-12-04,8648319.54738,8648319.54738,0.0,0,5559.0682
2023-12-05,8648319.54738,8648319.54738,0.0,0,5460.4088
2023-12-06,8648319.54738,8648319.54738,0.0,0,5481.824
2023-12-07,8648319.54738,8648319.54738,0.0,0,5481.1355
2023-12-08,8648319.54738,8648319.54738,0.0,0,5497.9897
2023-12-11,8648319.54738,8648319.54738,0.0,0,5564.8538
2023-12-12,8648319.54738,8648319.54738,0.0,0,5566.1778
2023-12-13,8648319.54738,8648319.54738,0.0,0,5507.5128
2023-12-14,8648319.54738,8648319.54738,0.0,0,5489.3267
2023-12-15,8648319.54738,8648319.54738,0.0,0,5449.7864
2023-12-18,8648319.54738,8648319.54738,0.0,0,5385.2702
2023-12-19,8648319.54738,8648319.54738,0.0,0,5379.8735
2023-12-20,8648319.54738,8648319.54738,0.0,0,5309.2865
2023-12-21,8648319.54738,8648319.54738,0.0,0,5338.762
2023-12-22,8648319.54738,8648319.54738,0.0,0,5311.6902
2023-12-25,8648319.54738,8648319.54738,0.0,0,5315.3746
2023-12-26,8648319.54738,8648319.54738,0.0,0,5258.2841
2023-12-27,8648319.54738,8648319.54738,0.0,0,5285.5301
2023-12-28,8648319.54738,8648319.54738,0.0,0,5382.7966
2023-12-29,8648319.54738,8648319.54738,0.0,0,5429.2288
2024-01-02,8648319.54738,8648319.54738,0.0,0,5409.4554
2024-01-03,8648319.54738,8648319.54738,0.0,0,5401.395
2024-01-04,8648319.54738,8648319.54738,0.0,0,5355.3216
2024-01-05,8648319.54738,8648319.54738,0.0,0,5281.8711
2024-01-08,8648319.54738,8648319.54738,0.0,0,5167.6997
2024-01-09,8648319.54738,8648319.54738,0.0,0,5180.653
2024-01-10,8648319.54738,8648319.54738,0.0,0,5158.0784
2024-01-11,8648319.54738,8648319.54738,0.0,0,5223.8633
2024-01-12,8648319.54738,8648319.54738,0.0,0,5206.178
2024-01-15,8648319.54738,8648319.54738,0.0,0,5193.2956
2024-01-16,8648319.54738,8648319.54738,0.0,0,5190.3975
2024-01-17,8648319.54738,8648319.54738,0.0,0,5061.5395
2024-01-18,8648319.54738,8648319.54738,0.0,0,5066.9579
2024-01-19,8648319.54738,8648319.54738,0.0,0,5018.4332
2024-01-22,8648319.54738,8648319.54738,0.0,0,4780.9748
2024-01-23,8648319.54738,8648319.54738,0.0,0,4865.743
2024-01-24,8648319.54738,8648319.54738,0.0,0,4933.7009
2024-01-25,8648319.54738,8648319.54738,0.0,0,5073.1779
2024-01-26,8648319.54738,8648319.54738,0.0,0,5027.0932
2024-01-29,8648319.54738,8648319.54738,0.0,0,4927.9137
2024-01-30,8648319.54738,8648319.54738,0.0,0,4814.9908
2024-01-31,8648319.54738,8648319.54738,0.0,0,4696.9796
2024-02-01,8648319.54738,8648319.54738,0.0,0,4678.7308
2024-02-02,8648319.54738,8648319.54738,0.0,0,4563.2221
2024-02-05,8648319.54738,8648319.54738,0.0,0,4460.2635
2024-02-06,8648319.54738,8648319.54738,0.0,0,4805.9013
2024-02-07,8648319.54738,8648319.54738,0.0,0,5109.5685
2024-02-08,8648319.54738,8648319.54738,0.0,0,5150.2288
2024-02-19,8648319.54738,8648319.54738,0.0,0,5141.6037
2024-02-20,8648319.54738,8648319.54738,0.0,0,5140.9575
2024-02-21,8648319.54738,8648319.54738,0.0,0,5139.0372
2024-02-22,8648319.54738,8648319.54738,0.0,0,5176.3431
2024-02-23,8648319.54738,8648319.54738,0.0,0,5197.7115
2024-02-26,8648319.54738,8648319.54738,0.0,0,5195.4642
2024-02-27,8648319.54738,8648319.54738,0.0,0,5307.8043
2024-02-28,8648319.54738,8648319.54738,0.0,0,5184.0471
2024-02-29,8648319.54738,8648319.54738,0.0,0,5346.7929
2024-03-01,8648319.54738,8648319.54738,0.0,0,5379.0482
2024-03-04,8648319.54738,8648319.54738,0.0,0,5388.82
2024-03-05,8648319.54738,8648319.54738,0.0,0,5351.8268
2024-03-06,8648319.54738,8648319.54738,0.0,0,5350.1016
2024-03-07,8648319.54738,8648319.54738,0.0,0,5277.2988
2024-03-08,8648319.54738,8648319.54738,0.0,0,5349.595
2024-03-11,8648319.54738,8648319.54738,0.0,0,5441.0507
2024-03-12,8648319.54738,8648319.54738,0.0,0,5423.7183
2024-03-13,8648319.54738,8648319.54738,0.0,0,5415.1126
2024-03-14,8648319.54738,8648319.54738,0.0,0,5392.9267
2024-03-15,8648319.54738,8648319.54738,0.0,0,5454.1463
2024-03-18,8648319.54738,8648319.54738,0.0,0,5528.447
2024-03-19,8648319.54738,8648319.54738,0.0,0,5478.2248
2024-03-20,8648319.54738,8648319.54738,0.0,0,5493.414
2024-03-21,8648319.54738,8648319.54738,0.0,0,5465.8286
2024-03-22,8648319.54738,8648319.54738,0.0,0,5384.5656
2024-03-25,8648319.54738,8648319.54738,0.0,0,5294.7463
2024-03-26,8648319.54738,8648319.54738,0.0,0,5284.4188
2024-03-27,8648319.54738,8648319.54738,0.0,0,5156.684
2024-03-28,8648319.54738,8648319.54738,0.0,0,5223.806
2024-03-29,8648319.54738,8648319.54738,0.0,0,5286.1612
2024-04-01,8648319.54738,8648319.54738,0.0,0,5401.2249
2024-04-02,8648319.54738,8648319.54738,0.0,0,5381.2291
2024-04-03,8648319.54738,8648319.54738,0.0,0,5374.5954
2024-04-08,8648319.54738,8648319.54738,0.0,0,5298.5912
2024-04-09,8648319.54738,8648319.54738,0.0,0,5342.8982
2024-04-10,8648319.54738,8648319.54738,0.0,0,5275.4727
2024-04-11,8648319.54738,8648319.54738,0.0,0,5301.8094
2024-04-12,8648319.54738,8648319.54738,0.0,0,5277.219
2024-04-15,8648319.54738,8648319.54738,0.0,0,5339.7223
2024-04-16,8648319.54738,8648319.54738,0.0,0,5191.554
2024-04-17,8648319.54738,8648319.54738,0.0,0,5339.7467
2024-04-18,8648319.54738,8648319.54738,0.0,0,5349.8361
2024-04-19,8648319.54738,8648319.54738,0.0,0,5314.8667
2024-04-22,8648319.54738,8648319.54738,0.0,0,5267.5811
2024-04-23,8648319.54738,8648319.54738,0.0,0,5208.2712
2024-04-24,8648319.54738,8648319.54738,0.0,0,5263.0391
2024-04-25,8648319.54738,8648319.54738,0.0,0,5259.3354
2024-04-26,8648319.54738,8648319.54738,0.0,0,5372.1209
2024-04-29,8648319.54738,8648319.54738,0.0,0,5478.4908
2024-04-30,8648319.54738,8648319.54738,0.0,0,5441.1411
2024-05-06,8648319.54738,8648319.54738,0.0,0,5528.6036
2024-05-07,8648319.54738,8648319.54738,0.0,0,5527.0847
2024-05-08,8648319.54738,8648319.54738,0.0,0,5458.7559
2024-05-09,8648319.54738,8648319.54738,0.0,0,5556.7712
2024-05-10,8648319.54738,8648319.54738,0.0,0,5535.3954
2024-05-13,8648319.54738,8648319.54738,0.0,0,5505.2595
2024-05-14,8648319.54738,8648319.54738,0.0,0,5500.7379
2024-05-15,8648319.54738,8648319.54738,0.0,0,5446.6557
2024-05-16,8648319.54738,8648319.54738,0.0,0,5424.6652
2024-05-17,8648319.54738,8648319.54738,0.0,0,5491.8944
2024-05-20,8648319.54738,8648319.54738,0.0,0,5523.5013
2024-05-21,8648319.54738,8648319.54738,0.0,0,5478.9131
2024-05-22,8648319.54738,8648319.54738,0.0,0,5468.6068
2024-05-23,8648319.54738,8648319.54738,0.0,0,5362.3053
2024-05-24,8648319.54738,8648319.54738,0.0,0,5313.4546
2024-05-27,8648319.54738,8648319.54738,0.0,0,5371.3693
2024-05-28,8648319.54738,8648319.54738,0.0,0,5316.1286
2024-05-29,8648319.54738,8648319.54738,0.0,0,5328.3064
2024-05-30,8648319.54738,8648319.54738,0.0,0,5308.66
2024-05-31,8648319.54738,8648319.54738,0.0,0,5308.5403
2024-06-03,8648319.54738,8648319.54738,0.0,0,5274.0687
2024-06-04,8648319.54738,8648319.54738,0.0,0,5341.9496
2024-06-05,8648319.54738,8648319.54738,0.0,0,5277.9405
2024-06-06,8648319.54738,8648319.54738,0.0,0,5228.8002
2024-06-07,8648319.54738,8648319.54738,0.0,0,5208.9798
2024-06-11,8648319.54738,8648319.54738,0.0,0,5217.4702
2024-06-12,8648319.54738,8648319.54738,0.0,0,5232.9534
2024-06-13,8648319.54738,8648319.54738,0.0,0,5194.59
2024-06-14,8648319.54738,8648319.54738,0.0,0,5213.0927
2024-06-17,8648319.54738,8648319.54738,0.0,0,5207.128
2024-06-18,8648319.54738,8648319.54738,0.0,0,5230.8913
2024-06-19,8648319.54738,8648319.54738,0.0,0,5168.8204
2024-06-20,8648319.54738,8648319.54738,0.0,0,5094.5653
2024-06-21,8648319.54738,8648319.54738,0.0,0,5102.3292
2024-06-24,8648319.54738,8648319.54738,0.0,0,4992.9097
2024-06-25,8648319.54738,8648319.54738,0.0,0,4948.6343
2024-06-26,8648319.54738,8648319.54738,0.0,0,5020.4318
2024-06-27,8648319.54738,8648319.54738,0.0,0,4928.0514
2024-06-28,8648319.54738,8648319.54738,0.0,0,4942.7817
2024-07-01,8648319.54738,8648319.54738,0.0,0,5003.1608
2024-07-02,8648319.54738,8648319.54738,0.0,0,4949.4771
2024-07-03,8648319.54738,8648319.54738,0.0,0,4910.9245
2024-07-04,8648319.54738,8648319.54738,0.0,0,4834.4982
2024-07-05,8648319.54738,8648319.54738,0.0,0,4866.2647
2024-07-08,8648319.54738,8648319.54738,0.0,0,4783.6165
2024-07-09,8648319.54738,8648319.54738,0.0,0,4876.899
2024-07-10,8648319.54738,8648319.54738,0.0,0,4844.1624
2024-07-11,8648319.54738,8648319.54738,0.0,0,4939.7318
2024-07-12,8648319.54738,8648319.54738,0.0,0,4919.3639
2024-07-15,8648319.54738,8648319.54738,0.0,0,4883.8971
2024-07-16,8648319.54738,8648319.54738,0.0,0,4898.3626
2024-07-17,8648319.54738,8648319.54738,0.0,0,4856.5794
2024-07-18,8648319.54738,8648319.54738,0.0,0,4877.6916
2024-07-19,8648319.54738,8648319.54738,0.0,0,4872.0532
2024-07-22,8648319.54738,8648319.54738,0.0,0,4865.9778
2024-07-23,8648319.54738,8648319.54738,0.0,0,4722.7994
2024-07-24,8648319.54738,8648319.54738,0.0,0,4668.0621
2024-07-25,8648319.54738,8648319.54738,0.0,0,4665.4488
2024-07-26,8648319.54738,8648319.54738,0.0,0,4736.3771
2024-07-29,8648319.54738,8648319.54738,0.0,0,4708.8443
2024-07-30,8648319.54738,8648319.54738,0.0,0,4699.282
2024-07-31,8648319.54738,8648319.54738,0.0,0,4886.4136
2024-08-01,8648319.54738,8648319.54738,0.0,0,4852.9725
2024-08-02,8648319.54738,8648319.54738,0.0,0,4788.6159
2024-08-05,8648319.54738,8648319.54738,0.0,0,4693.8478
2024-08-06,8648319.54738,8648319.54738,0.0,0,4750.776
2024-08-07,8648319.54738,8648319.54738,0.0,0,4751.9408
2024-08-08,8648319.54738,8648319.54738,0.0,0,4755.8149
2024-08-09,8648319.54738,8648319.54738,0.0,0,4720.3104
2024-08-12,8648319.54738,8648319.54738,0.0,0,4714.1586
2024-08-13,8648319.54738,8648319.54738,0.0,0,4731.8353
2024-08-14,8648319.54738,8648319.54738,0.0,0,4667.0731
2024-08-15,8648319.54738,8648319.54738,0.0,0,4698.375
2024-08-16,8648319.54738,8648319.54738,0.0,0,4670.3789
2024-08-19,8648319.54738,8648319.54738,0.0,0,4682.9628
2024-08-20,8648319.54738,8648319.54738,0.0,0,4602.0095
2024-08-21,8648319.54738,8648319.54738,0.0,0,4587.1218
2024-08-22,8648319.54738,8648319.54738,0.0,0,4533.3695
2024-08-23,8648319.54738,8648319.54738,0.0,0,4537.0872
2024-08-26,8648319.54738,8648319.54738,0.0,0,4544.3594
2024-08-27,8648319.54738,8648319.54738,0.0,0,4495.2856
2024-08-28,8648319.54738,8648319.54738,0.0,0,4500.0088
2024-08-29,8648319.54738,8648319.54738,0.0,0,4557.9006
2024-08-30,8648319.54738,8648319.54738,0.0,0,4639.1144
2024-09-02,8648319.54738,8648319.54738,0.0,0,4546.8832
2024-09-03,8648319.54738,8648319.54738,0.0,0,4596.4819
2024-09-04,8648319.54738,8648319.54738,0.0,0,4582.084
2024-09-05,8648319.54738,8648319.54738,0.0,0,4601.0911
2024-09-06,8648319.54738,8648319.54738,0.0,0,4537.4544
2024-09-09,8648319.54738,8648319.54738,0.0,0,4507.1866
2024-09-10,8648319.54738,8648319.54738,0.0,0,4507.7074
2024-09-11,8648319.54738,8648319.54738,0.0,0,4514.9158
2024-09-12,8648319.54738,8648319.54738,0.0,0,4496.5919
2024-09-13,8648319.54738,8648319.54738,0.0,0,4450.9587
2024-09-18,8648319.54738,8648319.54738,0.0,0,4462.8701
2024-09-19,8648319.54738,8648319.54738,0.0,0,4520.3939
2024-09-20,8648319.54738,8648319.54738,0.0,0,4498.3901
2024-09-23,8648319.54738,8648319.54738,0.0,0,4494.6878
2024-09-24,8648319.54738,8648319.54738,0.0,0,4689.5964
2024-09-25,8648319.54738,8648319.54738,0.0,0,4731.4755
2024-09-26,8648319.54738,8648319.54738,0.0,0,4938.1839
2024-09-27,8648319.54738,8648319.54738,0.0,0,5201.6656
2024-09-30,8648319.54738,8648319.54738,0.0,0,5743.217
2024-10-08,8648319.54738,8648319.54738,0.0,0,6155.5817
2024-10-09,8648319.54738,8648319.54738,0.0,0,5735.641
2024-10-10,8648319.54738,8648319.54738,0.0,0,5690.8822
2024-10-11,8648319.54738,8648319.54738,0.0,0,5470.8133
2024-10-14,8648319.54738,8648319.54738,0.0,0,5608.153
2024-10-15,8648319.54738,8648319.54738,0.0,0,5472.56
2024-10-16,8648319.54738,8648319.54738,0.0,0,5461.0877
2024-10-17,8648319.54738,8648319.54738,0.0,0,5418.9883
2024-10-18,8648319.54738,8648319.54738,0.0,0,5640.0198
2024-10-21,8648319.54738,8648319.54738,0.0,0,5704.225
2024-10-22,8648319.54738,8648319.54738,0.0,0,5753.8497
2024-10-23,8648319.54738,8648319.54738,0.0,0,5776.383
2024-10-24,8648319.54738,8648319.54738,0.0,0,5726.7041
2024-10-25,8648319.54738,8648319.54738,0.0,0,5809.6879
2024-10-28,8648319.54738,8648319.54738,0.0,0,5883.7203
2024-10-29,8648319.54738,8648319.54738,0.0,0,5812.5286
2024-10-30,8648319.54738,8648319.54738,0.0,0,5837.9338
2024-10-31,8648319.54738,8648319.54738,0.0,0,5901.2904
2024-11-01,8648319.54738,8648319.54738,0.0,0,5831.8217
2024-11-04,8648319.54738,8648319.54738,0.0,0,5928.9085
2024-11-05,8648319.54738,8648319.54738,0.0,0,6111.9707
2024-11-06,8648319.54738,8648319.54738,0.0,0,6125.7868
2024-11-07,8648319.54738,8648319.54738,0.0,0,6239.5598
2024-11-08,8648319.54738,8648319.54738,0.0,0,6222.445
2024-11-11,8648319.54738,8648319.54738,0.0,0,6330.6152
2024-11-12,8648319.54738,8648319.54738,0.0,0,6263.883
2024-11-13,8648319.54738,8648319.54738,0.0,0,6259.8412
2024-11-14,8648319.54738,8648319.54738,0.0,0,6078.3051
2024-11-15,8648319.54738,8648319.54738,0.0,0,5924.4834
2024-11-18,8648319.54738,8648319.54738,0.0,0,5833.0358
2024-11-19,8648319.54738,8648319.54738,0.0,0,5936.6015
2024-11-20,8648319.54738,8648319.54738,0.0,0,5992.3904
2024-11-21,8648319.54738,8648319.54738,0.0,0,5985.3128
2024-11-22,8648319.54738,8648319.54738,0.0,0,5750.2457
2024-11-25,8648319.54738,8648319.54738,0.0,0,5735.6493
2024-11-26,8648319.54738,8648319.54738,0.0,0,5690.4792
2024-11-27,8648319.54738,8648319.54738,0.0,0,5804.9368
2024-11-28,8648319.54738,8648319.54738,0.0,0,5757.5965
2024-11-29,8648319.54738,8648319.54738,0.0,0,5851.9385
2024-12-02,8648319.54738,8648319.54738,0.0,0,5943.6245
2024-12-03,8648319.54738,8648319.54738,0.0,0,5932.1207
2024-12-04,8648319.54738,8648319.54738,0.0,0,5879.2695
2024-12-05,8648319.54738,8648319.54738,0.0,0,5901.9859
2024-12-06,8648319.54738,8648319.54738,0.0,0,5979.197
2024-12-09,8648319.54738,8648319.54738,0.0,0,5947.1089
2024-12-10,8648319.54738,8648319.54738,0.0,0,5992.0937
2024-12-11,8648319.54738,8648319.54738,0.0,0,6047.105
2024-12-12,8648319.54738,8648319.54738,0.0,0,6100.3945
2024-12-13,8648319.54738,8648319.54738,0.0,0,5988.292
2024-12-16,8648319.54738,8648319.54738,0.0,0,5912.6014
2024-12-17,8648319.54738,8648319.54738,0.0,0,5848.1628
2024-12-18,8648319.54738,8648319.54738,0.0,0,5888.6162
2024-12-19,8648319.54738,8648319.54738,0.0,0,5901.9155
2024-12-20,8648319.54738,8648319.54738,0.0,0,5917.1751
2024-12-23,8648319.54738,8648319.54738,0.0,0,5818.551
2024-12-24,8648319.54738,8648319.54738,0.0,0,5895.2595
2024-12-25,8648319.54738,8648319.54738,0.0,0,5840.2889
2024-12-26,8648319.54738,8648319.54738,0.0,0,5887.0605
2024-12-27,8648319.54738,8648319.54738,0.0,0,5899.1665
2024-12-30,8648319.54738,8648319.54738,0.0,0,5898.884
2024-12-31,8648319.54738,8648319.54738,0.0,0,5725.7324
2025-01-02,8648319.54738,8648319.54738,0.0,0,5545.8174
2025-01-03,8648319.54738,8648319.54738,0.0,0,5427.8041
2025-01-06,8648319.54738,8648319.54738,0.0,0,5427.1007
2025-01-07,8648319.54738,8648319.54738,0.0,0,5484.6847
2025-01-08,8648319.54738,8648319.54738,0.0,0,5461.5861
2025-01-09,8648319.54738,8648319.54738,0.0,0,5456.5863
2025-01-10,8648319.54738,8648319.54738,0.0,0,5369.2811
2025-01-13,8648319.54738,8648319.54738,0.0,0,5381.6974
2025-01-14,8648319.54738,8648319.54738,0.0,0,5572.2722
2025-01-15,8648319.54738,8648319.54738,0.0,0,5522.459
2025-01-16,8648319.54738,8648319.54738,0.0,0,5545.6336
2025-01-17,8648319.54738,8648319.54738,0.0,0,5587.2939
2025-01-20,8648319.54738,8648319.54738,0.0,0,5614.3311
2025-01-21,8648319.54738,8648319.54738,0.0,0,5633.9249
2025-01-22,8648319.54738,8648319.54738,0.0,0,5607.0594
2025-01-23,8648319.54738,8648319.54738,0.0,0,5584.2548
2025-01-24,8648319.54738,8648319.54738,0.0,0,5649.9504
2025-01-27,8648319.54738,8648319.54738,0.0,0,5589.3432
2025-02-05,8648319.54738,8648319.54738,0.0,0,5614.3872
2025-02-06,8648319.54738,8648319.54738,0.0,0,5747.9012
2025-02-07,8648319.54738,8648319.54738,0.0,0,5833.9883
2025-02-10,8648319.54738,8648319.54738,0.0,0,5888.5509
2025-02-11,8648319.54738,8648319.54738,0.0,0,5858.2805
2025-02-12,8648319.54738,8648319.54738,0.0,0,5940.5299
2025-02-13,8648319.54738,8648319.54738,0.0,0,5898.2611
2025-02-14,8648319.54738,8648319.54738,0.0,0,5947.796
2025-02-17,8648319.54738,8648319.54738,0.0,0,5948.7197
2025-02-18,8648319.54738,8648319.54738,0.0,0,5840.7112
2025-02-19,8648319.54738,8648319.54738,0.0,0,5943.8823
2025-02-20,8648319.54738,8648319.54738,0.0,0,5957.5465
2025-02-21,8648319.54738,8648319.54738,0.0,0,6057.0648
2025-02-24,8648319.54738,8648319.54738,0.0,0,6044.973
2025-02-25,8648319.54738,8648319.54738,0.0,0,5979.9653
2025-02-26,8648319.54738,8648319.54738,0.0,0,6051.7401
2025-02-27,8648319.54738,8648319.54738,0.0,0,6028.9856
2025-02-28,8648319.54738,8648319.54738,0.0,0,5859.8708
2025-03-03,8648319.54738,8648319.54738,0.0,0,5885.7696
2025-03-04,8648319.54738,8648319.54738,0.0,0,5937.6302
2025-03-05,8648319.54738,8648319.54738,0.0,0,5950.7034
2025-03-06,8648319.54738,8648319.54738,0.0,0,6047.7734
2025-03-07,8648319.54738,8648319.54738,0.0,0,6013.7747
2025-03-10,8648319.54738,8648319.54738,0.0,0,6013.6191
2025-03-11,8648319.54738,8648319.54738,0.0,0,6044.9742
2025-03-12,8648319.54738,8648319.54738,0.0,0,6040.4965
2025-03-13,8648319.54738,8648319.54738,0.0,0,5993.967
2025-03-14,8648319.54738,8648319.54738,0.0,0,6099.9809
2025-03-17,8648319.54738,8648319.54738,0.0,0,6108.0176
2025-03-18,8648319.54738,8648319.54738,0.0,0,6133.3018
2025-03-19,8648319.54738,8648319.54738,0.0,0,6101.4369
2025-03-20,8648319.54738,8648319.54738,0.0,0,6059.4859
2025-03-21,8648319.54738,8648319.54738,0.0,0,5971.9302
2025-03-24,8648319.54738,8648319.54738,0.0,0,5969.0789
2025-03-25,8648319.54738,8648319.54738,0.0,0,5946.951
2025-03-26,8648319.54738,8648319.54738,0.0,0,5948.4986
2025-03-27,8648319.54738,8648319.54738,0.0,0,5957.6017
2025-03-28,8648319.54738,8648319.54738,0.0,0,5916.0314
2025-03-31,8648319.54738,8648319.54738,0.0,0,5857.7721
2025-04-01,8648319.54738,8648319.54738,0.0,0,5892.8502
2025-04-02,8648319.54738,8648319.54738,0.0,0,5899.0865
2025-04-03,8648319.54738,8648319.54738,0.0,0,5845.5045
2025-04-07,8648319.54738,8648319.54738,0.0,0,5287.0333
2025-04-08,8648319.54738,8648319.54738,0.0,0,5326.914
2025-04-09,8648319.54738,8648319.54738,0.0,0,5439.7716
2025-04-10,8648319.54738,8648319.54738,0.0,0,5544.0646
2025-04-11,8648319.54738,8648319.54738,0.0,0,5581.3184
2025-04-14,8648319.54738,8648319.54738,0.0,0,5627.1375
2025-04-15,8648319.54738,8648319.54738,0.0,0,5602.534
2025-04-16,8648319.54738,8648319.54738,0.0,0,5556.8642
2025-04-17,8648319.54738,8648319.54738,0.0,0,5557.0105
2025-04-18,8648319.54738,8648319.54738,0.0,0,5560.7207
2025-04-21,8648319.54738,8648319.54738,0.0,0,5642.3805
2025-04-22,8648319.54738,8648319.54738,0.0,0,5624.209
2025-04-23,8648319.54738,8648319.54738,0.0,0,5634.9487
2025-04-24,8648319.54738,8648319.54738,0.0,0,5605.8796
2025-04-25,8648319.54738,8648319.54738,0.0,0,5627.1804
2025-04-28,8648319.54738,8648319.54738,0.0,0,5598.2951
2025-04-29,8648319.54738,8648319.54738,0.0,0,5604.9057
2025-04-30,8648319.54738,8648319.54738,0.0,0,5631.8249
2025-05-06,8648319.54738,8648319.54738,0.0,0,5740.3338
2025-05-07,8648319.54738,8648319.54738,0.0,0,5750.2911
2025-05-08,8648319.54738,8648319.54738,0.0,0,5773.8056
2025-05-09,8648319.54738,8648319.54738,0.0,0,5721.7225
2025-05-12,8648319.54738,8648319.54738,0.0,0,5793.6743
2025-05-13,8648319.54738,8648319.54738,0.0,0,5781.6683
2025-05-14,8648319.54738,8648319.54738,0.0,0,5799.1191
2025-05-15,8648319.54738,8648319.54738,0.0,0,5715.2966
2025-05-16,8648319.54738,8648319.54738,0.0,0,5715.8491
2025-05-19,8648319.54738,8648319.54738,0.0,0,5720.7949
2025-05-20,8648319.54738,8648319.54738,0.0,0,5747.367
2025-05-21,8648319.54738,8648319.54738,0.0,0,5757.9225
2025-05-22,8648319.54738,8648319.54738,0.0,0,5703.2797
2025-05-23,8648319.54738,8648319.54738,0.0,0,5653.0436
2025-05-26,8648319.54738,8648319.54738,0.0,0,5669.4609
2025-05-27,8648319.54738,8648319.54738,0.0,0,5652.1454
2025-05-28,8648319.54738,8648319.54738,0.0,0,5637.2378
2025-05-29,8648319.54738,8648319.54738,0.0,0,5719.9101
2025-05-30,8648319.54738,8648319.54738,0.0,0,5671.0723
2025-06-03,8648319.54738,8648319.54738,0.0,0,5694.8385
2025-06-04,8648319.54738,8648319.54738,0.0,0,5739.0058
2025-06-05,8648319.54738,8648319.54738,0.0,0,5769.9675
2025-06-06,8648319.54738,8648319.54738,0.0,0,5762.0778
2025-06-09,8648319.54738,8648319.54738,0.0,0,5805.6543
2025-06-10,8648319.54738,8648319.54738,0.0,0,5757.9921
2025-06-11,8648319.54738,8648319.54738,0.0,0,5792.9464
2025-06-12,8648319.54738,8648319.54738,0.0,0,5799.9319
2025-06-13,8648319.54738,8648319.54738,0.0,0,5740.2397
2025-06-16,8648319.54738,8648319.54738,0.0,0,5767.8083
2025-06-17,8648319.54738,8648319.54738,0.0,0,5750.9122
2025-06-18,8648319.54738,8648319.54738,0.0,0,5745.8714
2025-06-19,8648319.54738,8648319.54738,0.0,0,5676.8317
2025-06-20,8648319.54738,8648319.54738,0.0,0,5639.513
2025-06-23,8648319.54738,8648319.54738,0.0,0,5674.1704
2025-06-24,8648319.54738,8648319.54738,0.0,0,5765.8373
2025-06-25,8648319.54738,8648319.54738,0.0,0,5862.5529
2025-06-26,8648319.54738,8648319.54738,0.0,0,5838.2454
2025-06-27,8648319.54738,8648319.54738,0.0,0,5863.7282
2025-06-30,8648319.54738,8648319.54738,0.0,0,5915.3876
2025-07-01,8648319.54738,8648319.54738,0.0,0,5934.67
2025-07-02,8648319.54738,8648319.54738,0.0,0,5892.9505
2025-07-03,8648319.54738,8648319.54738,0.0,0,5922.66
2025-07-04,8648319.54738,8648319.54738,0.0,0,5911.4352
2025-07-07,8648319.54738,8648319.54738,0.0,0,5900.4056
2025-07-08,8648319.54738,8648319.54738,0.0,0,5977.7437
2025-07-09,8648319.54738,8648319.54738,0.0,0,5953.4871
2025-07-10,8648319.54738,8648319.54738,0.0,0,5983.0505
2025-07-11,8648319.54738,8648319.54738,0.0,0,6027.0789
2025-07-14,8648319.54738,8648319.54738,0.0,0,6020.8585
2025-07-15,8648319.54738,8648319.54738,0.0,0,6018.7583
2025-07-16,8648319.54738,8648319.54738,0.0,0,6017.1947
2025-07-17,8648319.54738,8648319.54738,0.0,0,6082.4644
2025-07-18,8648319.54738,8648319.54738,0.0,0,6099.6104
2025-07-21,8648319.54738,8648319.54738,0.0,0,6161.3086
2025-07-22,8648319.54738,8648319.54738,0.0,0,6213.4072
2025-07-23,8648319.54738,8648319.54738,0.0,0,6196.7577
2025-07-24,8648319.54738,8648319.54738,0.0,0,6293.5984
2025-07-25,8648319.54738,8648319.54738,0.0,0,6299.5908
2025-07-28,8648319.54738,8648319.54738,0.0,0,6323.4198
2025-07-29,8648319.54738,8648319.54738,0.0,0,6356.1327
2025-07-30,8648319.54738,8648319.54738,0.0,0,6314.6873
2025-07-31,8648319.54738,8648319.54738,0.0,0,6226.3432
2025-08-01,8648319.54738,8648319.54738,0.0,0,6213.2014
2025-08-04,8648319.54738,8648319.54738,0.0,0,6261.7313
2025-08-05,8648319.54738,8648319.54738,0.0,0,6303.2359
2025-08-06,8648319.54738,8648319.54738,0.0,0,6357.3769
2025-08-07,8648319.54738,8648319.54738,0.0,0,6337.5425
2025-08-08,8648319.54738,8648319.54738,0.0,0,6323.4999
2025-08-11,8648319.54738,8648319.54738,0.0,0,6391.7595
2025-08-12,8648319.54738,8648319.54738,0.0,0,6418.1595
2025-08-13,8648319.54738,8648319.54738,0.0,0,6508.0978
2025-08-14,8648319.54738,8648319.54738,0.0,0,6429.8462
2025-08-15,8648319.54738,8648319.54738,0.0,0,6568.57
2025-08-18,8648319.54738,8648319.54738,0.0,0,6668.1726
2025-08-19,8648319.54738,8648319.54738,0.0,0,6655.3105
2025-08-20,8648319.54738,8648319.54738,0.0,0,6728.0692
2025-08-21,8648319.54738,8648319.54738,0.0,0,6704.1657
2025-08-22,8648319.54738,8648319.54738,0.0,0,6822.8469
2025-08-25,8648319.54738,8648319.54738,0.0,0,6951.8955
2025-08-26,8648319.54738,8648319.54738,0.0,0,6964.0653
2025-08-27,8648319.54738,8648319.54738,0.0,0,6862.5624
2025-08-28,8648319.54738,8648319.54738,0.0,0,7011.1602
2025-08-29,8648319.54738,8648319.54738,0.0,0,7043.9416
2025-09-01,8648319.54738,8648319.54738,0.0,0,7110.2882
2025-09-02,8648319.54738,8648319.54738,0.0,0,6961.6894
2025-09-03,8648319.54738,8648319.54738,0.0,0,6868.4615
2025-09-04,8648319.54738,8648319.54738,0.0,0,6698.4474
2025-09-05,8648319.54738,8648319.54738,0.0,0,6913.9532
2025-09-08,8648319.54738,8648319.54738,0.0,0,6992.1169
2025-09-09,8648319.54738,8648319.54738,0.0,0,6928.9651
2025-09-10,8648319.54738,8648319.54738,0.0,0,6932.1092
2025-09-11,8648319.54738,8648319.54738,0.0,0,7122.7051
2025-09-12,8648319.54738,8648319.54738,0.0,0,7147.7489
2025-09-15,8648319.54738,8648319.54738,0.0,0,7137.3627
2025-09-16,8648319.54738,8648319.54738,0.0,0,7190.9928
2025-09-17,8648319.54738,8648319.54738,0.0,0,7260.0353
2025-09-18,8648319.54738,8648319.54738,0.0,0,7199.8828
2025-09-19,8648319.54738,8648319.54738,0.0,0,7170.3488
2025-09-22,8648319.54738,8648319.54738,0.0,0,7225.1281
2025-09-23,8648319.54738,8648319.54738,0.0,0,7180.7137
2025-09-24,8648319.54738,8648319.54738,0.0,0,7323.7093
2025-09-25,8648319.54738,8648319.54738,0.0,0,7341.3238
2025-09-26,8648319.54738,8648319.54738,0.0,0,7240.9114
2025-09-29,8648319.54738,8648319.54738,0.0,0,7350.5599
2025-09-30,8648319.54738,8648319.54738,0.0,0,7412.3684
2025-10-09,8648319.54738,8648319.54738,0.0,0,7548.9226
2025-10-10,8648319.54738,8648319.54738,0.0,0,7398.2241
2025-10-13,8648319.54738,8648319.54738,0.0,0,7376.5636
2025-10-14,8648319.54738,8648319.54738,0.0,0,7194.8509
2025-10-15,8648319.54738,8648319.54738,0.0,0,7294.0014
2025-10-16,8648319.54738,8648319.54738,0.0,0,7231.5336
2025-10-17,8648319.54738,8648319.54738,0.0,0,7016.0661
2025-10-20,8648319.54738,8648319.54738,0.0,0,7069.6412
2025-10-21,8648319.54738,8648319.54738,0.0,0,7185.624
2025-10-22,8648319.54738,8648319.54738,0.0,0,7128.4776
2025-10-23,8648319.54738,8648319.54738,0.0,0,7142.9536
2025-10-24,8648319.54738,8648319.54738,0.0,0,7258.5343
2025-10-27,8648319.54738,8648319.54738,0.0,0,7379.3941
2025-10-28,8648319.54738,8648319.54738,0.0,0,7341.0304
2025-10-29,8648319.54738,8648319.54738,0.0,0,7480.9666
2025-10-30,8648319.54738,8648319.54738,0.0,0,7385.7109
2025-10-31,8648319.54738,8648319.54738,0.0,0,7331.0031
2025-11-03,8648319.54738,8648319.54738,0.0,0,7333.6013
2025-11-04,8648319.54738,8648319.54738,0.0,0,7210.8253
2025-11-05,8648319.54738,8648319.54738,0.0,0,7229.341
2025-11-06,8648319.54738,8648319.54738,0.0,0,7345.723
2025-11-07,8648319.54738,8648319.54738,0.0,0,7327.9108
2025-11-10,8648319.54738,8648319.54738,0.0,0,7343.8017
2025-11-11,8648319.54738,8648319.54738,0.0,0,7291.6084
2025-11-12,8648319.54738,8648319.54738,0.0,0,7243.2483
2025-11-13,8648319.54738,8648319.54738,0.0,0,7355.2911
2025-11-14,8648319.54738,8648319.54738,0.0,0,7235.4617
2025-11-17,8648319.54738,8648319.54738,0.0,0,7235.3512
2025-11-18,8648319.54738,8648319.54738,0.0,0,7151.0176
2025-11-19,8648319.54738,8648319.54738,0.0,0,7122.7465
2025-11-20,8648319.54738,8648319.54738,0.0,0,7061.9497
2025-11-21,8648319.54738,8648319.54738,0.0,0,6817.4103
2025-11-24,8648319.54738,8648319.54738,0.0,0,6868.9664
2025-11-25,8648319.54738,8648319.54738,0.0,0,6954.6034
2025-11-26,8648319.54738,8648319.54738,0.0,0,6965.0453
2025-11-27,8648319.54738,8648319.54738,0.0,0,6951.2844
2025-11-28,8648319.54738,8648319.54738,0.0,0,7031.5505
2025-12-01,8648319.54738,8648319.54738,0.0,0,7101.8323
2025-12-02,8648319.54738,8648319.54738,0.0,0,7040.3008
2025-12-03,8648319.54738,8648319.54738,0.0,0,6996.3552
2025-12-04,8648319.54738,8648319.54738,0.0,0,7012.8061
2025-12-05,8648319.54738,8648319.54738,0.0,0,7097.8389
2025-12-08,8648319.54738,8648319.54738,0.0,0,7172.3671
2025-12-09,8648319.54738,8648319.54738,0.0,0,7121.3256
2025-12-10,8648319.54738,8648319.54738,0.0,0,7155.9944
2025-12-11,8648319.54738,8648319.54738,0.0,0,7082.8932
2025-12-12,8648319.54738,8648319.54738,0.0,0,7169.791
2025-12-15,8648319.54738,8648319.54738,0.0,0,7113.962
2025-12-16,8648319.54738,8648319.54738,0.0,0,7001.3188
2025-12-17,8648319.54738,8648319.54738,0.0,0,7137.8339
2025-12-18,8648319.54738,8648319.54738,0.0,0,7100.8359
2025-12-19,8648319.54738,8648319.54738,0.0,0,7169.5511
2025-12-22,8648319.54738,8648319.54738,0.0,0,7255.6607
2025-12-23,8648319.54738,8648319.54738,0.0,0,7256.7864
2025-12-24,8648319.54738,8648319.54738,0.0,0,7352.0396
2025-12-25,8648319.54738,8648319.54738,0.0,0,7410.7119
2025-12-26,8648319.54738,8648319.54738,0.0,0,7458.8386
2025-12-29,8648319.54738,8648319.54738,0.0,0,7430.6147
2025-12-30,8648319.54738,8648319.54738,0.0,0,7458.936
2025-12-31,8648319.54738,8648319.54738,0.0,0,7465.5742
2026-01-05,8648319.54738,8648319.54738,0.0,0,7465.5742
2026-01-06,8648319.54738,8648319.54738,0.0,0,7465.5742
2026-01-07,8648319.54738,8648319.54738,0.0,0,7465.5742
2026-01-08,8648319.54738,8648319.54738,0.0,0,7465.5742
2026-01-09,8648319.54738,8648319.54738,0.0,0,7465.5742
2026-01-12,8648319.54738,8648319.54738,0.0,0,7465.5742
2026-01-13,8648319.54738,8648319.54738,0.0,0,7465.5742
2026-01-14,8648319.54738,8648319.54738,0.0,0,7465.5742
2026-01-15,8648319.54738,8648319.54738,0.0,0,7465.5742
2026-01-16,8648319.54738,8648319.54738,0.0,0,7465.5742
2026-01-19,8648319.54738,8648319.54738,0.0,0,7465.5742
2026-01-20,8648319.54738,8648319.54738,0.0,0,7465.5742
2026-01-21,8648319.54738,8648319.54738,0.0,0,7465.5742
2026-01-22,8648319.54738,8648319.54738,0.0,0,7465.5742
2026-01-23,8648319.54738,8648319.54738,0.0,0,7465.5742
2026-01-26,8648319.54738,8648319.54738,0.0,0,7465.5742
2026-01-27,8648319.54738,8648319.54738,0.0,0,7465.5742
2026-01-28,8648319.54738,8648319.54738,0.0,0,7465.5742
2026-01-29,8648319.54738,8648319.54738,0.0,0,7465.5742
2026-01-30,8648319.54738,8648319.54738,0.0,0,7465.5742
2026-02-02,8648319.54738,8648319.54738,0.0,0,7465.5742
2026-02-03,8648319.54738,8648319.54738,0.0,0,7465.5742
2026-02-04,8648319.54738,8648319.54738,0.0,0,7465.5742
2026-02-05,8648319.54738,8648319.54738,0.0,0,7465.5742
2026-02-06,8648319.54738,8648319.54738,0.0,0,7465.5742
2026-02-09,8648319.54738,8648319.54738,0.0,0,7465.5742
2026-02-10,8648319.54738,8648319.54738,0.0,0,7465.5742
2026-02-11,8648319.54738,8648319.54738,0.0,0,7465.5742
2026-02-12,8648319.54738,8648319.54738,0.0,0,7465.5742
2026-02-13,8648319.54738,8648319.54738,0.0,0,7465.5742
2026-02-24,8648319.54738,8648319.54738,0.0,0,7465.5742
2026-02-25,8648319.54738,8648319.54738,0.0,0,7465.5742
2026-02-26,8648319.54738,8648319.54738,0.0,0,7465.5742
2026-02-27,8648319.54738,8648319.54738,0.0,0,7465.5742
2026-03-02,8648319.54738,8648319.54738,0.0,0,7465.5742
2026-03-03,8648319.54738,8648319.54738,0.0,0,7465.5742
2026-03-04,8648319.54738,8648319.54738,0.0,0,7465.5742
2026-03-05,8648319.54738,8648319.54738,0.0,0,7465.5742
2026-03-06,8648319.54738,8648319.54738,0.0,0,7465.5742
2026-03-09,8648319.54738,8648319.54738,0.0,0,7465.5742
2026-03-10,8648319.54738,8648319.54738,0.0,0,7465.5742
2026-03-11,8648319.54738,8648319.54738,0.0,0,7465.5742
2026-03-12,8648319.54738,8648319.54738,0.0,0,7465.5742
2026-03-13,8648319.54738,8648319.54738,0.0,0,7465.5742
2026-03-16,8648319.54738,8648319.54738,0.0,0,7465.5742
2026-03-17,8648319.54738,8648319.54738,0.0,0,7465.5742
2026-03-18,8648319.54738,8648319.54738,0.0,0,7465.5742
2026-03-19,8648319.54738,8648319.54738,0.0,0,7465.5742
2026-03-20,8648319.54738,8648319.54738,0.0,0,7465.5742
2026-03-23,8648319.54738,8648319.54738,0.0,0,7465.5742
2026-03-24,8648319.54738,8648319.54738,0.0,0,7465.5742
2026-03-25,8648319.54738,8648319.54738,0.0,0,7465.5742
2026-03-26,8648319.54738,8648319.54738,0.0,0,7465.5742
2026-03-27,8648319.54738,8648319.54738,0.0,0,7465.5742
2026-03-30,8648319.54738,8648319.54738,0.0,0,7465.5742
2026-03-31,8648319.54738,8648319.54738,0.0,0,7465.5742
2026-04-01,8648319.54738,8648319.54738,0.0,0,7465.5742
2026-04-02,8648319.54738,8648319.54738,0.0,0,7465.5742
2026-04-03,8648319.54738,8648319.54738,0.0,0,7465.5742
2026-04-07,8648319.54738,8648319.54738,0.0,0,7465.5742
2026-04-08,8648319.54738,8648319.54738,0.0,0,7465.5742
2026-04-09,8648319.54738,8648319.54738,0.0,0,7465.5742
2026-04-10,8648319.54738,8648319.54738,0.0,0,7465.5742
2026-04-13,8648319.54738,8648319.54738,0.0,0,7465.5742
2026-04-14,8648319.54738,8648319.54738,0.0,0,7465.5742
2026-04-15,8648319.54738,8648319.54738,0.0,0,7465.5742
2026-04-16,8648319.54738,8648319.54738,0.0,0,7465.5742
2026-04-17,8648319.54738,8648319.54738,0.0,0,7465.5742
2026-04-20,8648319.54738,8648319.54738,0.0,0,7465.5742
2026-04-21,8648319.54738,8648319.54738,0.0,0,7465.5742
2026-04-22,8648319.54738,8648319.54738,0.0,0,7465.5742
2026-04-23,8648319.54738,8648319.54738,0.0,0,7465.5742
2026-04-24,8648319.54738,8648319.54738,0.0,0,7465.5742
2026-04-27,8648319.54738,8648319.54738,0.0,0,7465.5742
2026-04-28,8648319.54738,8648319.54738,0.0,0,7465.5742
2026-04-29,8648319.54738,8648319.54738,0.0,0,7465.5742
2026-04-30,8648319.54738,8648319.54738,0.0,0,7465.5742
2026-05-06,8648319.54738,8648319.54738,0.0,0,7465.5742
2026-05-07,8648319.54738,8648319.54738,0.0,0,7465.5742
2026-05-08,8648319.54738,8648319.54738,0.0,0,7465.5742
2026-05-11,8648319.54738,8648319.54738,0.0,0,7465.5742
2026-05-12,8648319.54738,8648319.54738,0.0,0,7465.5742
2026-05-13,8648319.54738,8648319.54738,0.0,0,7465.5742
2026-05-14,8648319.54738,8648319.54738,0.0,0,7465.5742
2026-05-15,8648319.54738,8648319.54738,0.0,0,7465.5742
2026-05-18,8648319.54738,8648319.54738,0.0,0,7465.5742
2026-05-19,8648319.54738,8648319.54738,0.0,0,7465.5742
2026-05-20,8648319.54738,8648319.54738,0.0,0,7465.5742
2026-05-21,8648319.54738,8648319.54738,0.0,0,7465.5742
2026-05-22,8648319.54738,8648319.54738,0.0,0,7465.5742
2026-05-25,8648319.54738,8648319.54738,0.0,0,7465.5742
2026-05-26,8648319.54738,8648319.54738,0.0,0,7465.5742
2026-05-27,8648319.54738,8648319.54738,0.0,0,7465.5742
2026-05-28,8648319.54738,8648319.54738,0.0,0,7465.5742
2026-05-29,8648319.54738,8648319.54738,0.0,0,7465.5742
2026-06-01,8648319.54738,8648319.54738,0.0,0,7465.5742
2026-06-02,8648319.54738,8648319.54738,0.0,0,7465.5742
2026-06-03,8648319.54738,8648319.54738,0.0,0,7465.5742
2026-06-04,8648319.54738,8648319.54738,0.0,0,7465.5742
2026-06-05,8648319.54738,8648319.54738,0.0,0,7465.5742
2026-06-08,8648319.54738,8648319.54738,0.0,0,7465.5742
2026-06-09,8648319.54738,8648319.54738,0.0,0,7465.5742
2026-06-10,8648319.54738,8648319.54738,0.0,0,7465.5742
2026-06-11,8648319.54738,8648319.54738,0.0,0,7465.5742
2026-06-12,8648319.54738,8648319.54738,0.0,0,7465.5742
2026-06-15,8648319.54738,8648319.54738,0.0,0,7465.5742
2026-06-16,8648319.54738,8648319.54738,0.0,0,7465.5742
