account_type,account_id,stock_code,order_type,traded_id,traded_time,traded_price,traded_volume,traded_amount,order_id,order_sysid,strategy_name,order_remark,direction,offset_flag
1,test_account,603256.SH,23,T1,1782142634,7.1,0,1999360.0,1,1,backtest,,1,1
1,test_account,603699.SH,23,T2,1782142634,8.44,0,1999436.0,2,2,backtest,,1,1
1,test_account,688027.SH,23,T3,1782142634,100.49,0,1999751.0,3,3,backtest,,1,1
1,test_account,601019.SH,23,T4,1782142634,6.04,0,1999844.0,4,4,backtest,,1,1
1,test_account,688331.SH,23,T5,1782142635,53.08,0,1958652.0,5,5,backtest,,1,1
1,test_account,603256.SH,24,T6,1782142635,7.63,281600,2148608.0,6,6,backtest,,1,2
1,test_account,603699.SH,24,T7,1782142635,9.11,236900,2158159.0,7,7,backtest,,1,2
1,test_account,688027.SH,24,T8,1782142635,116.97,19900,2327703.0,8,8,backtest,,1,2
1,test_account,601019.SH,24,T9,1782142635,5.93,331100,1963423.0,9,9,backtest,,1,2
1,test_account,002608.SZ,23,T10,1782142635,7.46,0,39538.0,10,10,backtest,,1,1
1,test_account,688772.SH,23,T11,1782142635,38.72,0,38720.0,11,11,backtest,,1,1
1,test_account,300972.SZ,23,T12,1782142635,12.8,0,39680.0,12,12,backtest,,1,1
1,test_account,688278.SH,23,T13,1782142635,27.45,0,2141100.0,13,13,backtest,,1,1
1,test_account,688772.SH,24,T14,1782142635,30.96,1000,30960.0,14,14,backtest,,1,2
1,test_account,688331.SH,24,T15,1782142635,56.97,36900,2102193.0,15,15,backtest,,1,2
1,test_account,002608.SZ,24,T16,1782142635,6.91,5300,36623.0,16,16,backtest,,1,2
1,test_account,300972.SZ,24,T17,1782142635,12.41,3100,38471.0,17,17,backtest,,1,2
1,test_account,688278.SH,24,T18,1782142635,29.76,78000,2321280.0,18,18,backtest,,1,2
1,test_account,688617.SH,23,T19,1782142635,198.7,0,2165830.0,19,19,backtest,,1,1
1,test_account,600595.SH,23,T20,1782142635,3.75,0,2178000.0,20,20,backtest,,1,1
1,test_account,600378.SH,23,T21,1782142635,39.87,0,2176902.0,21,21,backtest,,1,1
1,test_account,001309.SZ,23,T22,1782142635,57.56,0,2175768.0,22,22,backtest,,1,1
1,test_account,688166.SH,23,T23,1782142635,21.43,0,2177288.0,23,23,backtest,,1,1
1,test_account,688617.SH,24,T24,1782142635,200.4,10900,2184360.0,24,24,backtest,,1,2
1,test_account,600595.SH,24,T25,1782142635,3.55,580800,2061840.0,25,25,backtest,,1,2
1,test_account,600378.SH,24,T26,1782142635,38.16,54600,2083536.0,26,26,backtest,,1,2
1,test_account,001309.SZ,24,T27,1782142635,54.47,37800,2058966.0,27,27,backtest,,1,2
1,test_account,688166.SH,24,T28,1782142635,19.61,101600,1992376.0,28,28,backtest,,1,2
1,test_account,000032.SZ,23,T29,1782142636,12.6,0,2077740.0,29,29,backtest,,1,1
1,test_account,688322.SH,23,T30,1782142636,26.21,0,2075832.0,30,30,backtest,,1,1
1,test_account,000737.SZ,23,T31,1782142636,5.22,0,2076516.0,31,31,backtest,,1,1
1,test_account,300570.SZ,23,T32,1782142636,16.78,0,2077364.0,32,32,backtest,,1,1
1,test_account,300857.SZ,23,T33,1782142636,16.57,0,2033139.0,33,33,backtest,,1,1
1,test_account,000032.SZ,24,T34,1782142636,20.99,164900,3461251.0,34,34,backtest,,1,2
1,test_account,688322.SH,24,T35,1782142636,29.74,79200,2355408.0,35,35,backtest,,1,2
1,test_account,000737.SZ,24,T36,1782142636,5.75,397800,2287350.0,36,36,backtest,,1,2
1,test_account,300570.SZ,24,T37,1782142636,16.82,123800,2082316.0,37,37,backtest,,1,2
1,test_account,600398.SH,23,T38,1782142636,4.4,0,39160.0,38,38,backtest,,1,1
1,test_account,600578.SH,23,T39,1782142636,3.37,0,39429.0,39,39,backtest,,1,1
1,test_account,603568.SH,23,T40,1782142636,21.71,0,39078.0,40,40,backtest,,1,1
1,test_account,000898.SZ,23,T41,1782142636,2.65,0,39485.0,41,41,backtest,,1,1
1,test_account,300857.SZ,24,T42,1782142636,18.59,122700,2280993.0,42,42,backtest,,1,2
1,test_account,300972.SZ,23,T43,1782142636,12.15,0,2500470.0,43,43,backtest,,1,1
1,test_account,600398.SH,24,T44,1782142637,5.45,8900,48505.0,44,44,backtest,,1,2
1,test_account,600578.SH,24,T45,1782142637,3.47,11700,40599.0,45,45,backtest,,1,2
1,test_account,603568.SH,24,T46,1782142637,19.87,1800,35766.0,46,46,backtest,,1,2
1,test_account,000898.SZ,24,T47,1782142637,2.8,14900,41720.0,47,47,backtest,,1,2
1,test_account,300100.SZ,23,T48,1782142637,8.11,0,2525454.0,48,48,backtest,,1,1
1,test_account,000785.SZ,23,T49,1782142637,4.09,0,2525575.0,49,49,backtest,,1,1
1,test_account,688065.SH,23,T50,1782142637,67.02,0,2526654.0,50,50,backtest,,1,1
1,test_account,300972.SZ,24,T51,1782142637,12.71,205800,2615718.0,51,51,backtest,,1,2
1,test_account,300757.SZ,23,T52,1782142637,52.76,0,2368924.0,52,52,backtest,,1,1
1,test_account,002461.SZ,23,T53,1782142637,8.08,0,2484600.0,53,53,backtest,,1,1
1,test_account,300100.SZ,24,T54,1782142637,7.64,311400,2379096.0,54,54,backtest,,1,2
1,test_account,000785.SZ,24,T55,1782142637,4.0,617500,2470000.0,55,55,backtest,,1,2
1,test_account,688065.SH,24,T56,1782142637,61.98,37700,2336646.0,56,56,backtest,,1,2
1,test_account,300757.SZ,24,T57,1782142637,48.93,44900,2196957.0,57,57,backtest,,1,2
1,test_account,002461.SZ,24,T58,1782142637,8.07,307500,2481525.0,58,58,backtest,,1,2
1,test_account,688568.SH,23,T59,1782142637,61.05,0,2405370.0,59,59,backtest,,1,1
1,test_account,688281.SH,23,T60,1782142637,290.52,0,2382264.0,60,60,backtest,,1,1
1,test_account,688375.SH,23,T61,1782142637,98.41,0,2401204.0,61,61,backtest,,1,1
1,test_account,300972.SZ,23,T62,1782142637,12.67,0,2407300.0,62,62,backtest,,1,1
1,test_account,300857.SZ,23,T63,1782142638,17.71,0,2364285.0,63,63,backtest,,1,1
1,test_account,688568.SH,24,T64,1782142638,65.66,39400,2587004.0,64,64,backtest,,1,2
1,test_account,688281.SH,24,T65,1782142638,282.64,8200,2317648.0,65,65,backtest,,1,2
1,test_account,688375.SH,24,T66,1782142638,98.96,24400,2414624.0,66,66,backtest,,1,2
1,test_account,300972.SZ,24,T67,1782142638,12.67,190000,2407300.0,67,67,backtest,,1,2
1,test_account,300100.SZ,23,T68,1782142638,8.27,0,62852.0,68,68,backtest,,1,1
1,test_account,300620.SZ,23,T69,1782142638,43.25,0,60550.0,69,69,backtest,,1,1
1,test_account,300140.SZ,23,T70,1782142638,7.48,0,62832.0,70,70,backtest,,1,1
1,test_account,300857.SZ,24,T71,1782142638,20.69,133500,2762115.0,71,71,backtest,,1,2
1,test_account,300857.SZ,23,T72,1782142638,20.71,0,2507981.0,72,72,backtest,,1,1
1,test_account,688375.SH,23,T73,1782142638,99.85,0,2506235.0,73,73,backtest,,1,1
1,test_account,300100.SZ,24,T74,1782142639,8.18,7600,62168.0,74,74,backtest,,1,2
1,test_account,300620.SZ,24,T75,1782142639,43.65,1400,61110.0,75,75,backtest,,1,2
1,test_account,300140.SZ,24,T76,1782142639,7.9,8400,66360.0,76,76,backtest,,1,2
1,test_account,603699.SH,23,T77,1782142639,11.7,0,2556450.0,77,77,backtest,,1,1
1,test_account,000088.SZ,23,T78,1782142639,5.26,0,2554256.0,78,78,backtest,,1,1
1,test_account,300857.SZ,24,T79,1782142639,22.56,121100,2732016.0,79,79,backtest,,1,2
1,test_account,688375.SH,24,T80,1782142639,100.95,25100,2533845.0,80,80,backtest,,1,2
1,test_account,688498.SH,23,T81,1782142639,155.06,0,2356912.0,81,81,backtest,,1,1
1,test_account,688375.SH,23,T82,1782142639,101.05,0,2364570.0,82,82,backtest,,1,1
1,test_account,688331.SH,23,T83,1782142639,77.26,0,2549580.0,83,83,backtest,,1,1
1,test_account,603699.SH,24,T84,1782142640,12.25,218500,2676625.0,84,84,backtest,,1,2
1,test_account,000088.SZ,24,T85,1782142640,5.03,485600,2442568.0,85,85,backtest,,1,2
1,test_account,688322.SH,23,T86,1782142640,36.48,0,390336.0,86,86,backtest,,1,1
1,test_account,300757.SZ,23,T87,1782142640,54.48,0,386808.0,87,87,backtest,,1,1
1,test_account,688498.SH,24,T88,1782142640,152.54,15200,2318608.0,88,88,backtest,,1,2
1,test_account,688375.SH,24,T89,1782142640,87.86,23400,2055924.0,89,89,backtest,,1,2
1,test_account,603156.SH,23,T90,1782142640,22.9,0,2397630.0,90,90,backtest,,1,1
1,test_account,688278.SH,23,T91,1782142640,45.93,0,2397546.0,91,91,backtest,,1,1
1,test_account,688331.SH,24,T92,1782142640,58.92,33000,1944360.0,92,92,backtest,,1,2
1,test_account,600578.SH,23,T93,1782142641,3.15,0,2332890.0,93,93,backtest,,1,1
1,test_account,688322.SH,24,T94,1782142641,30.98,10700,331486.0,94,94,backtest,,1,2
1,test_account,300757.SZ,24,T95,1782142641,55.11,7100,391281.0,95,95,backtest,,1,2
1,test_account,603156.SH,24,T96,1782142641,26.0,104700,2722200.0,96,96,backtest,,1,2
1,test_account,688278.SH,24,T97,1782142641,44.88,52200,2342736.0,97,97,backtest,,1,2
1,test_account,600578.SH,24,T98,1782142641,3.19,740600,2362514.0,98,98,backtest,,1,2
1,test_account,300475.SZ,23,T99,1782142641,21.03,0,2412141.0,99,99,backtest,,1,1
1,test_account,002265.SZ,23,T100,1782142641,13.4,0,2412000.0,100,100,backtest,,1,1
1,test_account,600816.SH,23,T101,1782142641,3.81,0,2410968.0,101,101,backtest,,1,1
1,test_account,300475.SZ,24,T102,1782142643,29.62,114700,3397414.0,102,102,backtest,,1,2
1,test_account,002265.SZ,24,T103,1782142643,13.32,180000,2397600.0,103,103,backtest,,1,2
1,test_account,600816.SH,24,T104,1782142643,4.0,632800,2531200.0,104,104,backtest,,1,2
1,test_account,301377.SZ,23,T105,1782142643,21.16,0,2630188.0,105,105,backtest,,1,1
1,test_account,600601.SH,23,T106,1782142643,2.9,0,2629430.0,106,106,backtest,,1,1
1,test_account,603225.SH,23,T107,1782142643,10.51,0,2631704.0,107,107,backtest,,1,1
1,test_account,001203.SZ,23,T108,1782142643,11.71,0,2733114.0,108,108,backtest,,1,1
1,test_account,603565.SH,23,T109,1782142643,10.47,0,2459403.0,109,109,backtest,,1,1
1,test_account,301377.SZ,24,T110,1782142643,22.99,124300,2857657.0,110,110,backtest,,1,2
1,test_account,600601.SH,24,T111,1782142643,2.84,906700,2575028.0,111,111,backtest,,1,2
1,test_account,603225.SH,24,T112,1782142643,11.04,250400,2764416.0,112,112,backtest,,1,2
1,test_account,688281.SH,23,T113,1782142643,202.6,0,40520.0,113,113,backtest,,1,1
1,test_account,688778.SH,23,T114,1782142643,49.52,0,44568.0,114,114,backtest,,1,1
1,test_account,300100.SZ,23,T115,1782142643,9.28,0,46400.0,115,115,backtest,,1,1
1,test_account,001203.SZ,24,T116,1782142643,11.17,233400,2607078.0,116,116,backtest,,1,2
1,test_account,300888.SZ,23,T117,1782142643,42.0,0,2671200.0,117,117,backtest,,1,1
1,test_account,603565.SH,24,T118,1782142644,10.56,234900,2480544.0,118,118,backtest,,1,2
1,test_account,688281.SH,24,T119,1782142644,192.57,200,38514.0,119,119,backtest,,1,2
1,test_account,688778.SH,24,T120,1782142644,45.49,900,40941.0,120,120,backtest,,1,2
1,test_account,300100.SZ,24,T121,1782142644,8.83,5000,44150.0,121,121,backtest,,1,2
1,test_account,600595.SH,23,T122,1782142644,2.88,0,2679264.0,122,122,backtest,,1,1
1,test_account,600295.SH,23,T123,1782142644,9.78,0,2678742.0,123,123,backtest,,1,1
1,test_account,600901.SH,23,T124,1782142644,4.38,0,2679246.0,124,124,backtest,,1,1
1,test_account,300888.SZ,24,T125,1782142644,43.45,63600,2763420.0,125,125,backtest,,1,2
1,test_account,688375.SH,23,T126,1782142644,79.15,0,2540715.0,126,126,backtest,,1,1
1,test_account,688278.SH,23,T127,1782142644,35.68,0,2768768.0,127,127,backtest,,1,1
1,test_account,600595.SH,24,T128,1782142645,3.01,930300,2800203.0,128,128,backtest,,1,2
1,test_account,600295.SH,24,T129,1782142645,9.1,273900,2492490.0,129,129,backtest,,1,2
1,test_account,600901.SH,24,T130,1782142645,4.5,611700,2752650.0,130,130,backtest,,1,2
1,test_account,688375.SH,24,T131,1782142645,79.72,32100,2559012.0,131,131,backtest,,1,2
1,test_account,688278.SH,24,T132,1782142645,33.92,77600,2632192.0,132,132,backtest,,1,2
1,test_account,300718.SZ,23,T133,1782142645,19.55,0,2652935.0,133,133,backtest,,1,1
1,test_account,601869.SH,23,T134,1782142645,32.17,0,2654025.0,134,134,backtest,,1,1
1,test_account,002831.SZ,23,T135,1782142645,24.09,0,2652309.0,135,135,backtest,,1,1
1,test_account,000737.SZ,23,T136,1782142645,5.58,0,2652732.0,136,136,backtest,,1,1
1,test_account,688166.SH,23,T137,1782142645,19.37,0,2599454.0,137,137,backtest,,1,1
1,test_account,300718.SZ,24,T138,1782142646,18.18,135700,2467026.0,138,138,backtest,,1,2
1,test_account,601869.SH,24,T139,1782142646,33.2,82500,2739000.0,139,139,backtest,,1,2
1,test_account,002831.SZ,24,T140,1782142646,23.32,110100,2567532.0,140,140,backtest,,1,2
1,test_account,000737.SZ,24,T141,1782142646,5.55,475400,2638470.0,141,141,backtest,,1,2
1,test_account,301377.SZ,23,T142,1782142646,19.38,0,48450.0,142,142,backtest,,1,1
1,test_account,300718.SZ,23,T143,1782142646,18.2,0,49140.0,143,143,backtest,,1,1
1,test_account,688349.SH,23,T144,1782142646,30.38,0,48608.0,144,144,backtest,,1,1
1,test_account,688331.SH,23,T145,1782142646,65.82,0,3086958.0,145,145,backtest,,1,1
1,test_account,688166.SH,24,T146,1782142646,41.77,134200,5605534.0,146,146,backtest,,1,2
1,test_account,688475.SH,23,T147,1782142646,54.33,0,3162006.0,147,147,backtest,,1,1
1,test_account,301377.SZ,24,T148,1782142646,19.45,2500,48625.0,148,148,backtest,,1,2
1,test_account,300718.SZ,24,T149,1782142646,16.14,2700,43578.0,149,149,backtest,,1,2
1,test_account,688349.SH,24,T150,1782142646,29.62,1600,47392.0,150,150,backtest,,1,2
1,test_account,688331.SH,24,T151,1782142646,60.23,46900,2824787.0,151,151,backtest,,1,2
1,test_account,688475.SH,24,T152,1782142646,52.64,58200,3063648.0,152,152,backtest,,1,2
1,test_account,600816.SH,23,T153,1782142646,2.74,0,3134286.0,153,153,backtest,,1,1
1,test_account,300140.SZ,23,T154,1782142646,7.47,0,3134412.0,154,154,backtest,,1,1
1,test_account,300100.SZ,23,T155,1782142646,9.29,0,3134446.0,155,155,backtest,,1,1
1,test_account,000737.SZ,23,T156,1782142646,5.39,0,3315928.0,156,156,backtest,,1,1
1,test_account,601019.SH,23,T157,1782142647,9.25,0,2890625.0,157,157,backtest,,1,1
1,test_account,600816.SH,24,T158,1782142647,3.42,1143900,3912138.0,158,158,backtest,,1,2
1,test_account,300140.SZ,24,T159,1782142647,7.57,419600,3176372.0,159,159,backtest,,1,2
1,test_account,300100.SZ,24,T160,1782142647,10.63,337400,3586562.0,160,160,backtest,,1,2
1,test_account,600378.SH,23,T161,1782142647,29.63,0,56297.0,161,161,backtest,,1,1
1,test_account,600663.SH,23,T162,1782142647,8.93,0,57152.0,162,162,backtest,,1,1
1,test_account,000967.SZ,23,T163,1782142647,4.91,0,57447.0,163,163,backtest,,1,1
1,test_account,000737.SZ,24,T164,1782142647,5.58,615200,3432816.0,164,164,backtest,,1,2
1,test_account,601019.SH,24,T165,1782142648,10.21,312500,3190625.0,165,165,backtest,,1,2
1,test_account,600378.SH,24,T166,1782142648,29.1,1900,55290.0,166,166,backtest,,1,2
1,test_account,600663.SH,24,T167,1782142648,8.99,6400,57536.0,167,167,backtest,,1,2
1,test_account,000967.SZ,24,T168,1782142648,4.76,11700,55692.0,168,168,backtest,,1,2
1,test_account,300140.SZ,23,T169,1782142648,7.42,0,3465882.0,169,169,backtest,,1,1
1,test_account,301377.SZ,23,T170,1782142648,21.59,0,3467354.0,170,170,backtest,,1,1
1,test_account,603699.SH,23,T171,1782142648,13.81,0,3469072.0,171,171,backtest,,1,1
1,test_account,300140.SZ,24,T172,1782142648,7.35,467100,3433185.0,172,172,backtest,,1,2
1,test_account,301377.SZ,24,T173,1782142648,21.74,160600,3491444.0,173,173,backtest,,1,2
1,test_account,603699.SH,24,T174,1782142648,13.57,251200,3408784.0,174,174,backtest,,1,2
1,test_account,301377.SZ,23,T175,1782142648,22.37,0,3449454.0,175,175,backtest,,1,1
1,test_account,688248.SH,23,T176,1782142648,23.9,0,3451160.0,176,176,backtest,,1,1
1,test_account,688281.SH,23,T177,1782142648,142.01,0,3450843.0,177,177,backtest,,1,1
1,test_account,301377.SZ,24,T178,1782142648,21.79,154200,3360018.0,178,178,backtest,,1,2
1,test_account,688248.SH,24,T179,1782142648,23.54,144400,3399176.0,179,179,backtest,,1,2
1,test_account,688281.SH,24,T180,1782142648,135.15,24300,3284145.0,180,180,backtest,,1,2
1,test_account,688702.SH,23,T181,1782142648,50.95,0,3383080.0,181,181,backtest,,1,1
1,test_account,000737.SZ,23,T182,1782142648,5.68,0,3384712.0,182,182,backtest,,1,1
1,test_account,601611.SH,23,T183,1782142648,6.81,0,3384570.0,183,183,backtest,,1,1
1,test_account,301377.SZ,23,T184,1782142648,22.44,0,3386196.0,184,184,backtest,,1,1
1,test_account,300953.SZ,23,T185,1782142648,54.0,0,3315600.0,185,185,backtest,,1,1
1,test_account,688702.SH,24,T186,1782142648,44.93,66400,2983352.0,186,186,backtest,,1,2
1,test_account,000737.SZ,24,T187,1782142648,5.84,595900,3480056.0,187,187,backtest,,1,2
1,test_account,601611.SH,24,T188,1782142648,6.91,497000,3434270.0,188,188,backtest,,1,2
1,test_account,301377.SZ,24,T189,1782142648,21.44,150900,3235296.0,189,189,backtest,,1,2
1,test_account,300953.SZ,24,T190,1782142648,50.07,61400,3074298.0,190,190,backtest,,1,2
1,test_account,002461.SZ,23,T191,1782142648,7.83,0,3250233.0,191,191,backtest,,1,1
1,test_account,688778.SH,23,T192,1782142648,40.52,0,3249704.0,192,192,backtest,,1,1
1,test_account,688819.SH,23,T193,1782142648,27.61,0,3249697.0,193,193,backtest,,1,1
1,test_account,600816.SH,23,T194,1782142648,2.84,0,3250664.0,194,194,backtest,,1,1
1,test_account,002461.SZ,24,T195,1782142649,7.81,415100,3241931.0,195,195,backtest,,1,2
1,test_account,688778.SH,24,T196,1782142649,37.26,80200,2988252.0,196,196,backtest,,1,2
1,test_account,688819.SH,24,T197,1782142649,26.9,117700,3166130.0,197,197,backtest,,1,2
1,test_account,600816.SH,24,T198,1782142649,2.7,1144600,3090420.0,198,198,backtest,,1,2
1,test_account,600378.SH,23,T199,1782142649,28.13,0,3144934.0,199,199,backtest,,1,1
1,test_account,688295.SH,23,T200,1782142649,27.16,0,3145128.0,200,200,backtest,,1,1
1,test_account,300972.SZ,23,T201,1782142649,35.05,0,3143985.0,201,201,backtest,,1,1
1,test_account,600378.SH,24,T202,1782142649,26.65,111800,2979470.0,202,202,backtest,,1,2
1,test_account,688295.SH,24,T203,1782142649,26.64,115800,3084912.0,203,203,backtest,,1,2
1,test_account,300972.SZ,24,T204,1782142649,33.09,89700,2968173.0,204,204,backtest,,1,2
1,test_account,688295.SH,23,T205,1782142649,25.51,0,3061200.0,205,205,backtest,,1,1
1,test_account,688349.SH,23,T206,1782142649,26.26,0,3061916.0,206,206,backtest,,1,1
1,test_account,603786.SH,23,T207,1782142649,55.88,0,3062224.0,207,207,backtest,,1,1
1,test_account,603565.SH,23,T208,1782142649,7.33,0,3061008.0,208,208,backtest,,1,1
1,test_account,688295.SH,24,T209,1782142650,27.77,120000,3332400.0,209,209,backtest,,1,2
1,test_account,688349.SH,24,T210,1782142650,28.81,116600,3359246.0,210,210,backtest,,1,2
1,test_account,603786.SH,24,T211,1782142650,63.82,54800,3497336.0,211,211,backtest,,1,2
1,test_account,603565.SH,24,T212,1782142650,8.05,417600,3361680.0,212,212,backtest,,1,2
1,test_account,603256.SH,23,T213,1782142650,6.81,0,2995719.0,213,213,backtest,,1,1
1,test_account,300953.SZ,23,T214,1782142650,54.81,0,2992626.0,214,214,backtest,,1,1
1,test_account,002265.SZ,23,T215,1782142650,10.58,0,2998372.0,215,215,backtest,,1,1
1,test_account,688702.SH,23,T216,1782142650,42.36,0,3337968.0,216,216,backtest,,1,1
1,test_account,000737.SZ,23,T217,1782142650,8.1,0,3384990.0,217,217,backtest,,1,1
1,test_account,300953.SZ,24,T218,1782142650,52.05,54600,2841930.0,218,218,backtest,,1,2
1,test_account,002265.SZ,24,T219,1782142650,9.86,283400,2794324.0,219,219,backtest,,1,2
1,test_account,688702.SH,24,T220,1782142650,36.64,78800,2887232.0,220,220,backtest,,1,2
1,test_account,000737.SZ,24,T221,1782142650,7.18,417900,3000522.0,221,221,backtest,,1,2
1,test_account,603256.SH,24,T222,1782142650,7.66,439900,3369634.0,222,222,backtest,,1,2
1,test_account,688295.SH,23,T223,1782142650,30.17,0,3152765.0,223,223,backtest,,1,1
1,test_account,688281.SH,23,T224,1782142650,123.17,0,3153152.0,224,224,backtest,,1,1
1,test_account,600299.SH,23,T225,1782142650,8.63,0,3161169.0,225,225,backtest,,1,1
1,test_account,688375.SH,23,T226,1782142651,67.14,0,3075012.0,226,226,backtest,,1,1
1,test_account,688295.SH,24,T227,1782142651,24.51,104500,2561295.0,227,227,backtest,,1,2
1,test_account,301498.SZ,23,T228,1782142651,52.74,0,2990358.0,228,228,backtest,,1,1
1,test_account,688281.SH,24,T229,1782142651,136.34,25600,3490304.0,229,229,backtest,,1,2
1,test_account,600299.SH,24,T230,1782142651,9.98,366300,3655674.0,230,230,backtest,,1,2
1,test_account,300140.SZ,23,T231,1782142651,6.98,0,2718012.0,231,231,backtest,,1,1
1,test_account,301200.SZ,23,T232,1782142651,35.01,0,2716776.0,232,232,backtest,,1,1
1,test_account,688065.SH,23,T233,1782142651,55.33,0,3325333.0,233,233,backtest,,1,1
1,test_account,688375.SH,24,T234,1782142651,73.94,45800,3386452.0,234,234,backtest,,1,2
1,test_account,301498.SZ,24,T235,1782142651,59.26,56700,3360042.0,235,235,backtest,,1,2
1,test_account,603256.SH,23,T236,1782142651,7.27,0,3289675.0,236,236,backtest,,1,1
1,test_account,688702.SH,23,T237,1782142651,40.27,0,3233681.0,237,237,backtest,,1,1
1,test_account,300140.SZ,24,T238,1782142652,6.82,389400,2655708.0,238,238,backtest,,1,2
1,test_account,301200.SZ,24,T239,1782142652,34.48,77600,2675648.0,239,239,backtest,,1,2
1,test_account,688295.SH,23,T240,1782142652,26.18,0,1332562.0,240,240,backtest,,1,1
1,test_account,688018.SH,23,T241,1782142652,74.88,0,1332864.0,241,241,backtest,,1,1
1,test_account,688065.SH,24,T242,1782142652,47.81,60100,2873381.0,242,242,backtest,,1,2
1,test_account,688331.SH,23,T243,1782142652,47.62,0,3147682.0,243,243,backtest,,1,1
1,test_account,603256.SH,24,T244,1782142652,6.47,452500,2927675.0,244,244,backtest,,1,2
1,test_account,688702.SH,24,T245,1782142652,40.38,80300,3242514.0,245,245,backtest,,1,2
1,test_account,688295.SH,24,T246,1782142652,23.11,50900,1176299.0,246,246,backtest,,1,2
1,test_account,688018.SH,24,T247,1782142652,73.89,17800,1315242.0,247,247,backtest,,1,2
1,test_account,688331.SH,24,T248,1782142652,45.66,66100,3018126.0,248,248,backtest,,1,2
1,test_account,688281.SH,23,T249,1782142652,95.05,0,3079620.0,249,249,backtest,,1,1
1,test_account,688018.SH,23,T250,1782142652,75.72,0,3081804.0,250,250,backtest,,1,1
1,test_account,688336.SH,23,T251,1782142652,22.81,0,3081631.0,251,251,backtest,,1,1
1,test_account,688702.SH,23,T252,1782142652,43.69,0,3080145.0,252,252,backtest,,1,1
1,test_account,688281.SH,24,T253,1782142652,85.9,32400,2783160.0,253,253,backtest,,1,2
1,test_account,688018.SH,24,T254,1782142652,82.81,40700,3370367.0,254,254,backtest,,1,2
1,test_account,688336.SH,24,T255,1782142652,21.81,135100,2946531.0,255,255,backtest,,1,2
1,test_account,688702.SH,24,T256,1782142652,47.49,70500,3348045.0,256,256,backtest,,1,2
1,test_account,688582.SH,23,T257,1782142652,31.63,0,3102903.0,257,257,backtest,,1,1
1,test_account,300100.SZ,23,T258,1782142652,11.47,0,3104929.0,258,258,backtest,,1,1
1,test_account,603858.SH,23,T259,1782142652,15.63,0,3104118.0,259,259,backtest,,1,1
1,test_account,301498.SZ,23,T260,1782142652,55.73,0,3104161.0,260,260,backtest,,1,1
1,test_account,688582.SH,24,T261,1782142652,29.0,98100,2844900.0,261,261,backtest,,1,2
1,test_account,300100.SZ,24,T262,1782142652,10.84,270700,2934388.0,262,262,backtest,,1,2
1,test_account,603858.SH,24,T263,1782142652,15.24,198600,3026664.0,263,263,backtest,,1,2
1,test_account,301498.SZ,24,T264,1782142652,54.47,55700,3033979.0,264,264,backtest,,1,2
1,test_account,300972.SZ,23,T265,1782142652,21.35,0,2984730.0,265,265,backtest,,1,1
1,test_account,300140.SZ,23,T266,1782142652,6.13,0,2983471.0,266,266,backtest,,1,1
1,test_account,002265.SZ,23,T267,1782142652,8.93,0,2983513.0,267,267,backtest,,1,1
1,test_account,300972.SZ,24,T268,1782142652,22.32,139800,3120336.0,268,268,backtest,,1,2
1,test_account,300140.SZ,24,T269,1782142652,6.14,486700,2988338.0,269,269,backtest,,1,2
1,test_account,002265.SZ,24,T270,1782142652,8.86,334100,2960126.0,270,270,backtest,,1,2
1,test_account,688582.SH,23,T271,1782142653,26.57,0,3005067.0,271,271,backtest,,1,1
1,test_account,301377.SZ,23,T272,1782142653,18.14,0,3005798.0,272,272,backtest,,1,1
1,test_account,601869.SH,23,T273,1782142653,24.02,0,3004902.0,273,273,backtest,,1,1
1,test_account,688582.SH,24,T274,1782142653,28.6,113100,3234660.0,274,274,backtest,,1,2
1,test_account,301377.SZ,24,T275,1782142653,18.83,165700,3120131.0,275,275,backtest,,1,2
1,test_account,601869.SH,24,T276,1782142653,23.61,125100,2953611.0,276,276,backtest,,1,2
1,test_account,300140.SZ,23,T277,1782142653,5.93,0,3059880.0,277,277,backtest,,1,1
1,test_account,002265.SZ,23,T278,1782142653,8.69,0,3059749.0,278,278,backtest,,1,1
1,test_account,688295.SH,23,T279,1782142653,20.1,0,3061230.0,279,279,backtest,,1,1
1,test_account,002461.SZ,23,T280,1782142653,8.25,0,3002175.0,280,280,backtest,,1,1
1,test_account,688702.SH,23,T281,1782142653,43.71,0,2967909.0,281,281,backtest,,1,1
1,test_account,300140.SZ,24,T282,1782142653,4.81,516000,2481960.0,282,282,backtest,,1,2
1,test_account,002265.SZ,24,T283,1782142653,8.33,352100,2932993.0,283,283,backtest,,1,2
1,test_account,688295.SH,24,T284,1782142653,18.04,152300,2747492.0,284,284,backtest,,1,2
1,test_account,002461.SZ,24,T285,1782142653,8.06,363900,2933034.0,285,285,backtest,,1,2
1,test_account,688702.SH,24,T286,1782142653,44.76,67900,3039204.0,286,286,backtest,,1,2
1,test_account,300718.SZ,23,T287,1782142653,13.34,0,2854760.0,287,287,backtest,,1,1
1,test_account,600378.SH,23,T288,1782142653,26.96,0,2852368.0,288,288,backtest,,1,1
1,test_account,600032.SH,23,T289,1782142653,7.26,0,2852454.0,289,289,backtest,,1,1
1,test_account,003035.SZ,23,T290,1782142653,4.24,0,2852672.0,290,290,backtest,,1,1
1,test_account,688375.SH,23,T291,1782142653,43.66,0,2789874.0,291,291,backtest,,1,1
1,test_account,600378.SH,24,T292,1782142654,26.53,105800,2806874.0,292,292,backtest,,1,2
1,test_account,600032.SH,24,T293,1782142654,6.76,392900,2656004.0,293,293,backtest,,1,2
1,test_account,003035.SZ,24,T294,1782142654,3.97,672800,2671016.0,294,294,backtest,,1,2
1,test_account,688375.SH,24,T295,1782142654,39.14,63900,2501046.0,295,295,backtest,,1,2
1,test_account,300718.SZ,24,T296,1782142654,12.91,214000,2762740.0,296,296,backtest,,1,2
1,test_account,600711.SH,23,T297,1782142654,3.9,0,2687490.0,297,297,backtest,,1,1
1,test_account,688349.SH,23,T298,1782142654,23.19,0,2687721.0,298,298,backtest,,1,1
1,test_account,301377.SZ,23,T299,1782142654,16.45,0,2687930.0,299,299,backtest,,1,1
1,test_account,300953.SZ,23,T300,1782142654,49.07,0,2684129.0,300,300,backtest,,1,1
1,test_account,603565.SH,23,T301,1782142654,7.27,0,2529960.0,301,301,backtest,,1,1
1,test_account,600711.SH,24,T302,1782142655,4.33,689100,2983803.0,302,302,backtest,,1,2
1,test_account,688349.SH,24,T303,1782142655,28.84,115900,3342556.0,303,303,backtest,,1,2
1,test_account,301377.SZ,24,T304,1782142655,20.1,163400,3284340.0,304,304,backtest,,1,2
1,test_account,300953.SZ,24,T305,1782142655,60.46,54700,3307162.0,305,305,backtest,,1,2
1,test_account,000537.SZ,23,T306,1782142655,9.88,0,155116.0,306,306,backtest,,1,1
1,test_account,600378.SH,23,T307,1782142655,31.77,0,152496.0,307,307,backtest,,1,1
1,test_account,000967.SZ,23,T308,1782142655,4.68,0,154908.0,308,308,backtest,,1,1
1,test_account,000785.SZ,23,T309,1782142655,2.93,0,154997.0,309,309,backtest,,1,1
1,test_account,603565.SH,24,T310,1782142655,8.64,348000,3006720.0,310,310,backtest,,1,2
1,test_account,688331.SH,23,T311,1782142655,32.62,0,3209808.0,311,311,backtest,,1,1
1,test_account,000537.SZ,24,T312,1782142655,9.95,15700,156215.0,312,312,backtest,,1,2
1,test_account,600378.SH,24,T313,1782142655,34.1,4800,163680.0,313,313,backtest,,1,2
1,test_account,000967.SZ,24,T314,1782142655,4.82,33100,159542.0,314,314,backtest,,1,2
1,test_account,000785.SZ,24,T315,1782142655,2.9,52900,153410.0,315,315,backtest,,1,2
1,test_account,600378.SH,23,T316,1782142655,34.14,0,3284268.0,316,316,backtest,,1,1
1,test_account,688778.SH,23,T317,1782142655,38.03,0,3285792.0,317,317,backtest,,1,1
1,test_account,600848.SH,23,T318,1782142655,11.66,0,3286954.0,318,318,backtest,,1,1
1,test_account,603565.SH,23,T319,1782142656,9.33,0,2946414.0,319,319,backtest,,1,1
1,test_account,688331.SH,24,T320,1782142656,34.13,98400,3358392.0,320,320,backtest,,1,2
1,test_account,600378.SH,24,T321,1782142656,30.27,96200,2911974.0,321,321,backtest,,1,2
1,test_account,688778.SH,24,T322,1782142656,47.84,86400,4133376.0,322,322,backtest,,1,2
1,test_account,600848.SH,24,T323,1782142656,10.41,281900,2934579.0,323,323,backtest,,1,2
1,test_account,603565.SH,24,T324,1782142656,8.92,315800,2816936.0,324,324,backtest,,1,2
1,test_account,301377.SZ,23,T325,1782142656,19.93,0,3240618.0,325,325,backtest,,1,1
1,test_account,688295.SH,23,T326,1782142656,21.07,0,3240566.0,326,326,backtest,,1,1
1,test_account,603256.SH,23,T327,1782142656,10.1,0,3242100.0,327,327,backtest,,1,1
1,test_account,688375.SH,23,T328,1782142656,52.63,0,3236745.0,328,328,backtest,,1,1
1,test_account,688702.SH,23,T329,1782142656,78.39,0,3166956.0,329,329,backtest,,1,1
1,test_account,301377.SZ,24,T330,1782142657,21.94,162600,3567444.0,330,330,backtest,,1,2
1,test_account,688295.SH,24,T331,1782142657,20.23,153800,3111374.0,331,331,backtest,,1,2
1,test_account,603256.SH,24,T332,1782142657,8.86,321000,2844060.0,332,332,backtest,,1,2
1,test_account,688375.SH,24,T333,1782142657,48.4,61500,2976600.0,333,333,backtest,,1,2
1,test_account,688336.SH,23,T334,1782142657,21.86,0,61208.0,334,334,backtest,,1,1
1,test_account,600927.SH,23,T335,1782142657,13.93,0,62685.0,335,335,backtest,,1,1
1,test_account,688281.SH,23,T336,1782142657,96.0,0,57600.0,336,336,backtest,,1,1
1,test_account,688375.SH,23,T337,1782142657,48.44,0,58128.0,337,337,backtest,,1,1
1,test_account,688702.SH,24,T338,1782142657,83.96,40400,3391984.0,338,338,backtest,,1,2
1,test_account,688336.SH,24,T339,1782142657,21.41,2800,59948.0,339,339,backtest,,1,2
1,test_account,600927.SH,24,T340,1782142657,13.18,4500,59310.0,340,340,backtest,,1,2
1,test_account,688281.SH,24,T341,1782142657,93.05,600,55830.0,341,341,backtest,,1,2
1,test_account,688375.SH,24,T342,1782142657,49.34,1200,59208.0,342,342,backtest,,1,2
1,test_account,688295.SH,23,T343,1782142657,18.02,0,3187738.0,343,343,backtest,,1,1
1,test_account,301200.SZ,23,T344,1782142657,35.66,0,3184438.0,344,344,backtest,,1,1
1,test_account,688336.SH,23,T345,1782142657,21.21,0,3185742.0,345,345,backtest,,1,1
1,test_account,003031.SZ,23,T346,1782142657,50.06,0,3228870.0,346,346,backtest,,1,1
1,test_account,688331.SH,23,T347,1782142657,29.02,0,3076120.0,347,347,backtest,,1,1
1,test_account,688295.SH,24,T348,1782142658,19.14,176900,3385866.0,348,348,backtest,,1,2
1,test_account,301200.SZ,24,T349,1782142658,39.23,89300,3503239.0,349,349,backtest,,1,2
1,test_account,688336.SH,24,T350,1782142658,22.97,150200,3450094.0,350,350,backtest,,1,2
1,test_account,688295.SH,23,T351,1782142658,19.16,0,61312.0,351,351,backtest,,1,1
1,test_account,688336.SH,23,T352,1782142658,22.99,0,59774.0,352,352,backtest,,1,1
1,test_account,688248.SH,23,T353,1782142658,32.59,0,61921.0,353,353,backtest,,1,1
1,test_account,003031.SZ,24,T354,1782142658,49.73,64500,3207585.0,354,354,backtest,,1,2
1,test_account,688375.SH,23,T355,1782142658,53.19,0,3366927.0,355,355,backtest,,1,1
1,test_account,688331.SH,24,T356,1782142658,33.6,106000,3561600.0,356,356,backtest,,1,2
1,test_account,600499.SH,23,T357,1782142658,8.0,0,3447200.0,357,357,backtest,,1,1
1,test_account,688295.SH,24,T358,1782142659,22.1,3200,70720.0,358,358,backtest,,1,2
1,test_account,688336.SH,24,T359,1782142659,29.29,2600,76154.0,359,359,backtest,,1,2
1,test_account,688248.SH,24,T360,1782142659,32.51,1900,61769.0,360,360,backtest,,1,2
1,test_account,688331.SH,23,T361,1782142659,35.89,0,3452618.0,361,361,backtest,,1,1
1,test_account,002203.SZ,23,T362,1782142659,9.68,0,3452856.0,362,362,backtest,,1,1
1,test_account,301526.SZ,23,T363,1782142659,3.51,0,3383289.0,363,363,backtest,,1,1
1,test_account,688375.SH,24,T364,1782142659,53.47,63300,3384651.0,364,364,backtest,,1,2
1,test_account,603233.SH,23,T365,1782142659,15.79,0,66318.0,365,365,backtest,,1,1
1,test_account,688331.SH,24,T366,1782142659,40.98,96200,3942276.0,366,366,backtest,,1,2
1,test_account,603233.SH,24,T367,1782142659,15.84,4200,66528.0,367,367,backtest,,1,2
1,test_account,600499.SH,24,T368,1782142659,7.41,430900,3192969.0,368,368,backtest,,1,2
1,test_account,002203.SZ,24,T369,1782142659,8.78,356700,3131826.0,369,369,backtest,,1,2
1,test_account,301526.SZ,24,T370,1782142659,3.2,963900,3084480.0,370,370,backtest,,1,2
1,test_account,603256.SH,23,T371,1782142659,8.0,0,3356000.0,371,371,backtest,,1,1
1,test_account,301200.SZ,23,T372,1782142659,38.08,0,3354848.0,372,372,backtest,,1,1
1,test_account,001389.SZ,23,T373,1782142659,47.15,0,3357080.0,373,373,backtest,,1,1
1,test_account,000959.SZ,23,T374,1782142659,3.21,0,3356697.0,374,374,backtest,,1,1
1,test_account,603256.SH,24,T375,1782142660,9.53,419500,3997835.0,375,375,backtest,,1,2
1,test_account,301200.SZ,24,T376,1782142660,38.3,88100,3374230.0,376,376,backtest,,1,2
1,test_account,001389.SZ,24,T377,1782142660,48.99,71200,3488088.0,377,377,backtest,,1,2
1,test_account,000959.SZ,24,T378,1782142660,3.61,1045700,3774977.0,378,378,backtest,,1,2
1,test_account,603786.SH,23,T379,1782142660,54.76,0,3285600.0,379,379,backtest,,1,1
1,test_account,688708.SH,23,T380,1782142660,57.08,0,3287808.0,380,380,backtest,,1,1
1,test_account,688520.SH,23,T381,1782142660,40.88,0,3286752.0,381,381,backtest,,1,1
1,test_account,688375.SH,23,T382,1782142660,56.99,0,3573273.0,382,382,backtest,,1,1
1,test_account,688692.SH,23,T383,1782142660,218.79,0,3566277.0,383,383,backtest,,1,1
1,test_account,603786.SH,24,T384,1782142661,51.09,60000,3065400.0,384,384,backtest,,1,2
1,test_account,688708.SH,24,T385,1782142661,51.94,57600,2991744.0,385,385,backtest,,1,2
1,test_account,688520.SH,24,T386,1782142661,45.31,80400,3642924.0,386,386,backtest,,1,2
1,test_account,301200.SZ,23,T387,1782142661,41.65,0,949620.0,387,387,backtest,,1,1
1,test_account,688568.SH,23,T388,1782142661,34.56,0,946944.0,388,388,backtest,,1,1
1,test_account,001389.SZ,23,T389,1782142661,58.98,0,949578.0,389,389,backtest,,1,1
1,test_account,688375.SH,24,T390,1782142661,57.63,62700,3613401.0,390,390,backtest,,1,2
1,test_account,688615.SH,23,T391,1782142661,150.64,0,3555104.0,391,391,backtest,,1,1
1,test_account,688692.SH,24,T392,1782142661,218.05,16300,3554215.0,392,392,backtest,,1,2
1,test_account,688188.SH,23,T393,1782142661,132.55,0,3592105.0,393,393,backtest,,1,1
1,test_account,301200.SZ,24,T394,1782142662,46.92,22800,1069776.0,394,394,backtest,,1,2
1,test_account,688568.SH,24,T395,1782142662,36.24,27400,992976.0,395,395,backtest,,1,2
1,test_account,001389.SZ,24,T396,1782142662,66.32,16100,1067752.0,396,396,backtest,,1,2
1,test_account,688295.SH,23,T397,1782142662,20.85,0,3675855.0,397,397,backtest,,1,1
1,test_account,600885.SH,23,T398,1782142662,23.33,0,3676808.0,398,398,backtest,,1,1
1,test_account,688172.SH,23,T399,1782142662,18.85,0,3521180.0,399,399,backtest,,1,1
1,test_account,688615.SH,24,T400,1782142662,172.8,23600,4078080.0,400,400,backtest,,1,2
1,test_account,688617.SH,23,T401,1782142662,296.39,0,59278.0,401,401,backtest,,1,1
1,test_account,688188.SH,24,T402,1782142662,131.22,27100,3556062.0,402,402,backtest,,1,2
1,test_account,601019.SH,23,T403,1782142662,9.16,0,3840788.0,403,403,backtest,,1,1
1,test_account,688295.SH,24,T404,1782142662,21.87,176300,3855681.0,404,404,backtest,,1,2
1,test_account,600885.SH,24,T405,1782142662,26.24,157600,4135424.0,405,405,backtest,,1,2
1,test_account,688336.SH,23,T406,1782142662,51.47,0,3716134.0,406,406,backtest,,1,1
1,test_account,688188.SH,23,T407,1782142662,134.27,0,3705852.0,407,407,backtest,,1,1
1,test_account,688172.SH,24,T408,1782142662,19.74,186800,3687432.0,408,408,backtest,,1,2
1,test_account,603786.SH,23,T409,1782142662,52.73,0,3896747.0,409,409,backtest,,1,1
1,test_account,688617.SH,24,T410,1782142662,287.78,200,57556.0,410,410,backtest,,1,2
1,test_account,688411.SH,23,T411,1782142662,109.04,0,3969056.0,411,411,backtest,,1,1
1,test_account,601019.SH,24,T412,1782142663,8.53,419300,3576629.0,412,412,backtest,,1,2
1,test_account,600350.SH,23,T413,1782142663,9.24,0,3718176.0,413,413,backtest,,1,1
1,test_account,688336.SH,24,T414,1782142663,55.17,72200,3983274.0,414,414,backtest,,1,2
1,test_account,688188.SH,24,T415,1782142663,144.33,27600,3983508.0,415,415,backtest,,1,2
1,test_account,300140.SZ,23,T416,1782142663,6.38,0,74008.0,416,416,backtest,,1,1
1,test_account,603786.SH,24,T417,1782142663,61.26,73900,4527114.0,417,417,backtest,,1,2
1,test_account,688172.SH,23,T418,1782142663,22.77,0,4579047.0,418,418,backtest,,1,1
1,test_account,000959.SZ,23,T419,1782142663,4.5,0,4576950.0,419,419,backtest,,1,1
1,test_account,688411.SH,24,T420,1782142663,198.19,36400,7214116.0,420,420,backtest,,1,2
1,test_account,688475.SH,23,T421,1782142663,33.9,0,3254400.0,421,421,backtest,,1,1
1,test_account,600350.SH,24,T422,1782142664,8.75,402400,3521000.0,422,422,backtest,,1,2
1,test_account,600032.SH,23,T423,1782142664,7.56,0,4948020.0,423,423,backtest,,1,1
1,test_account,300140.SZ,24,T424,1782142664,5.96,11600,69136.0,424,424,backtest,,1,2
1,test_account,688172.SH,24,T425,1782142664,25.03,201100,5033533.0,425,425,backtest,,1,2
1,test_account,000959.SZ,24,T426,1782142664,4.09,1017100,4159939.0,426,426,backtest,,1,2
1,test_account,688475.SH,24,T427,1782142664,31.43,96000,3017280.0,427,427,backtest,,1,2
1,test_account,600032.SH,24,T428,1782142664,7.41,654500,4849845.0,428,428,backtest,,1,2
1,test_account,688708.SH,23,T429,1782142664,74.57,0,4586055.0,429,429,backtest,,1,1
1,test_account,603233.SH,23,T430,1782142664,18.4,0,4590800.0,430,430,backtest,,1,1
1,test_account,003035.SZ,23,T431,1782142664,4.96,0,4588992.0,431,431,backtest,,1,1
1,test_account,600377.SH,23,T432,1782142664,13.5,0,4592700.0,432,432,backtest,,1,1
1,test_account,600655.SH,23,T433,1782142664,5.95,0,4492250.0,433,433,backtest,,1,1
1,test_account,688708.SH,24,T434,1782142664,65.08,61500,4002420.0,434,434,backtest,,1,2
1,test_account,603233.SH,24,T435,1782142664,18.15,249500,4528425.0,435,435,backtest,,1,2
1,test_account,003035.SZ,24,T436,1782142664,5.19,925200,4801788.0,436,436,backtest,,1,2
1,test_account,600377.SH,24,T437,1782142664,13.5,340200,4592700.0,437,437,backtest,,1,2
1,test_account,688708.SH,23,T438,1782142664,65.14,0,84682.0,438,438,backtest,,1,1
1,test_account,688295.SH,23,T439,1782142664,27.75,0,88800.0,439,439,backtest,,1,1
1,test_account,000703.SZ,23,T440,1782142664,7.56,0,88452.0,440,440,backtest,,1,1
1,test_account,600655.SH,24,T441,1782142665,5.56,755000,4197800.0,441,441,backtest,,1,2
1,test_account,001221.SZ,23,T442,1782142665,59.47,0,4436462.0,442,442,backtest,,1,1
1,test_account,002153.SZ,23,T443,1782142665,11.26,0,4406038.0,443,443,backtest,,1,1
1,test_account,688708.SH,24,T444,1782142665,66.24,1300,86112.0,444,444,backtest,,1,2
1,test_account,688295.SH,24,T445,1782142665,25.89,3200,82848.0,445,445,backtest,,1,2
1,test_account,000703.SZ,24,T446,1782142665,7.36,11700,86112.0,446,446,backtest,,1,2
1,test_account,001221.SZ,24,T447,1782142665,59.11,74600,4409606.0,447,447,backtest,,1,2
1,test_account,002153.SZ,24,T448,1782142665,10.72,391300,4194736.0,448,448,backtest,,1,2
1,test_account,003031.SZ,23,T449,1782142665,52.77,0,4385187.0,449,449,backtest,,1,1
1,test_account,688520.SH,23,T450,1782142665,48.33,0,4383531.0,450,450,backtest,,1,1
1,test_account,688172.SH,23,T451,1782142665,24.99,0,4385745.0,451,451,backtest,,1,1
1,test_account,301606.SZ,23,T452,1782142665,62.78,0,4382044.0,452,452,backtest,,1,1
1,test_account,002461.SZ,23,T453,1782142665,9.37,0,4385160.0,453,453,backtest,,1,1
1,test_account,003031.SZ,24,T454,1782142665,76.82,83100,6383742.0,454,454,backtest,,1,2
1,test_account,688520.SH,24,T455,1782142665,44.2,90700,4008940.0,455,455,backtest,,1,2
1,test_account,688172.SH,24,T456,1782142665,27.98,175500,4910490.0,456,456,backtest,,1,2
1,test_account,301606.SZ,24,T457,1782142665,59.61,69800,4160778.0,457,457,backtest,,1,2
1,test_account,002461.SZ,24,T458,1782142665,9.57,468000,4478760.0,458,458,backtest,,1,2
1,test_account,003035.SZ,23,T459,1782142665,4.72,0,472.0,459,459,backtest,,1,1
1,test_account,688295.SH,23,T460,1782142666,34.12,0,4783624.0,460,460,backtest,,1,1
1,test_account,000898.SZ,23,T461,1782142666,2.55,0,4782525.0,461,461,backtest,,1,1
1,test_account,002945.SZ,23,T462,1782142666,14.42,0,4785998.0,462,462,backtest,,1,1
1,test_account,600927.SH,23,T463,1782142666,16.09,0,4785166.0,463,463,backtest,,1,1
1,test_account,003035.SZ,24,T464,1782142666,5.8,100,580.0,464,464,backtest,,1,2
1,test_account,000429.SZ,23,T465,1782142666,11.99,0,4678498.0,465,465,backtest,,1,1
1,test_account,688295.SH,24,T466,1782142666,34.15,140200,4787830.0,466,466,backtest,,1,2
1,test_account,000898.SZ,24,T467,1782142666,2.7,1875500,5063850.0,467,467,backtest,,1,2
1,test_account,002945.SZ,24,T468,1782142666,17.74,331900,5887906.0,468,468,backtest,,1,2
1,test_account,600927.SH,24,T469,1782142666,16.26,297400,4835724.0,469,469,backtest,,1,2
1,test_account,600299.SH,23,T470,1782142666,9.59,0,89187.0,470,470,backtest,,1,1
1,test_account,002831.SZ,23,T471,1782142666,28.51,0,88381.0,471,471,backtest,,1,1
1,test_account,000898.SZ,23,T472,1782142666,2.7,0,89910.0,472,472,backtest,,1,1
1,test_account,301606.SZ,23,T473,1782142666,76.56,0,84216.0,473,473,backtest,,1,1
1,test_account,000429.SZ,24,T474,1782142667,12.01,390200,4686302.0,474,474,backtest,,1,2
1,test_account,600299.SH,24,T475,1782142667,12.73,9300,118389.0,475,475,backtest,,1,2
1,test_account,002831.SZ,24,T476,1782142667,31.55,3100,97805.0,476,476,backtest,,1,2
1,test_account,000898.SZ,24,T477,1782142667,2.59,33300,86247.0,477,477,backtest,,1,2
1,test_account,301606.SZ,24,T478,1782142667,65.54,1100,72094.0,478,478,backtest,,1,2
1,test_account,600299.SH,23,T479,1782142667,12.75,0,5071950.0,479,479,backtest,,1,1
1,test_account,300140.SZ,23,T480,1782142667,7.82,0,5068924.0,480,480,backtest,,1,1
1,test_account,688520.SH,23,T481,1782142667,39.91,0,5132426.0,481,481,backtest,,1,1
1,test_account,603175.SH,23,T482,1782142667,80.31,0,5131809.0,482,482,backtest,,1,1
1,test_account,600350.SH,23,T483,1782142667,9.77,0,4835173.0,483,483,backtest,,1,1
1,test_account,600299.SH,24,T484,1782142667,14.28,397800,5680584.0,484,484,backtest,,1,2
1,test_account,300140.SZ,24,T485,1782142667,7.51,648200,4867982.0,485,485,backtest,,1,2
1,test_account,688520.SH,24,T486,1782142667,40.28,128600,5180008.0,486,486,backtest,,1,2
1,test_account,603175.SH,24,T487,1782142667,95.75,63900,6118425.0,487,487,backtest,,1,2
1,test_account,600350.SH,24,T488,1782142667,10.43,494900,5161807.0,488,488,backtest,,1,2
1,test_account,688708.SH,23,T489,1782142668,52.64,0,5416656.0,489,489,backtest,,1,1
1,test_account,001221.SZ,23,T490,1782142668,69.03,0,5411952.0,490,490,backtest,,1,1
1,test_account,688520.SH,23,T491,1782142668,43.16,0,5416580.0,491,491,backtest,,1,1
1,test_account,601019.SH,23,T492,1782142668,9.01,0,5414109.0,492,492,backtest,,1,1
1,test_account,688708.SH,24,T493,1782142668,51.32,102900,5280828.0,493,493,backtest,,1,2
1,test_account,001221.SZ,24,T494,1782142668,63.72,78400,4995648.0,494,494,backtest,,1,2
1,test_account,688520.SH,24,T495,1782142668,43.37,125500,5442935.0,495,495,backtest,,1,2
1,test_account,601019.SH,24,T496,1782142668,8.84,600900,5311956.0,496,496,backtest,,1,2
1,test_account,688708.SH,23,T497,1782142668,53.19,0,5281767.0,497,497,backtest,,1,1
1,test_account,600655.SH,23,T498,1782142668,4.71,0,5282265.0,498,498,backtest,,1,1
1,test_account,601019.SH,23,T499,1782142668,9.14,0,5282006.0,499,499,backtest,,1,1
1,test_account,600927.SH,23,T500,1782142668,14.02,0,5285540.0,500,500,backtest,,1,1
1,test_account,601098.SH,23,T501,1782142668,11.18,0,5175222.0,501,501,backtest,,1,1
1,test_account,601019.SH,24,T502,1782142668,7.44,577900,4299576.0,502,502,backtest,,1,2
1,test_account,601019.SH,23,T503,1782142669,7.56,0,4305420.0,503,503,backtest,,1,1
1,test_account,688708.SH,24,T504,1782142669,53.43,99300,5305599.0,504,504,backtest,,1,2
1,test_account,600655.SH,24,T505,1782142669,4.89,1121500,5484135.0,505,505,backtest,,1,2
1,test_account,600927.SH,24,T506,1782142669,14.92,377000,5624840.0,506,506,backtest,,1,2
1,test_account,600663.SH,23,T507,1782142669,8.66,0,84868.0,507,507,backtest,,1,1
1,test_account,600606.SH,23,T508,1782142669,1.64,0,85608.0,508,508,backtest,,1,1
1,test_account,600848.SH,23,T509,1782142669,9.2,0,85560.0,509,509,backtest,,1,1
1,test_account,601098.SH,24,T510,1782142669,11.67,462900,5402043.0,510,510,backtest,,1,2
1,test_account,603833.SH,23,T511,1782142669,49.07,0,5235769.0,511,511,backtest,,1,1
1,test_account,603833.SH,24,T512,1782142669,39.24,106700,4186908.0,512,512,backtest,,1,2
1,test_account,000429.SZ,23,T513,1782142669,13.25,0,4983325.0,513,513,backtest,,1,1
1,test_account,600663.SH,24,T514,1782142669,7.05,9800,69090.0,514,514,backtest,,1,2
1,test_account,600350.SH,23,T515,1782142669,12.24,0,4989024.0,515,515,backtest,,1,1
1,test_account,601019.SH,24,T516,1782142669,7.33,569500,4174435.0,516,516,backtest,,1,2
1,test_account,600606.SH,24,T517,1782142669,1.5,52200,78300.0,517,517,backtest,,1,2
1,test_account,600848.SH,24,T518,1782142669,9.14,9300,85002.0,518,518,backtest,,1,2
1,test_account,000429.SZ,24,T519,1782142669,14.15,376100,5321815.0,519,519,backtest,,1,2
1,test_account,600350.SH,24,T520,1782142669,11.61,407600,4732236.0,520,520,backtest,,1,2
1,test_account,002773.SZ,23,T521,1782142669,21.57,0,5008554.0,521,521,backtest,,1,1
1,test_account,601298.SH,23,T522,1782142669,9.46,0,5006232.0,522,522,backtest,,1,1
1,test_account,000937.SZ,23,T523,1782142669,5.68,0,5006352.0,523,523,backtest,,1,1
1,test_account,601966.SH,23,T524,1782142669,12.33,0,5009679.0,524,524,backtest,,1,1
1,test_account,000050.SZ,23,T525,1782142669,8.24,0,4897032.0,525,525,backtest,,1,1
1,test_account,002773.SZ,24,T526,1782142669,21.32,232200,4950504.0,526,526,backtest,,1,2
1,test_account,601298.SH,24,T527,1782142669,9.38,529200,4963896.0,527,527,backtest,,1,2
1,test_account,000937.SZ,24,T528,1782142669,5.85,881400,5156190.0,528,528,backtest,,1,2
1,test_account,601966.SH,24,T529,1782142669,12.1,406300,4916230.0,529,529,backtest,,1,2
1,test_account,000050.SZ,24,T530,1782142669,8.61,594300,5116923.0,530,530,backtest,,1,2
1,test_account,001221.SZ,23,T531,1782142670,45.52,0,5034512.0,531,531,backtest,,1,1
1,test_account,600663.SH,23,T532,1782142670,6.84,0,5034240.0,532,532,backtest,,1,1
1,test_account,603568.SH,23,T533,1782142670,17.03,0,5035771.0,533,533,backtest,,1,1
1,test_account,603658.SH,23,T534,1782142670,32.11,0,5034848.0,534,534,backtest,,1,1
1,test_account,688819.SH,23,T535,1782142670,24.98,0,4926056.0,535,535,backtest,,1,1
1,test_account,001221.SZ,24,T536,1782142670,43.78,110600,4842068.0,536,536,backtest,,1,2
1,test_account,600663.SH,24,T537,1782142670,6.64,736000,4887040.0,537,537,backtest,,1,2
1,test_account,603568.SH,24,T538,1782142670,16.13,295700,4769641.0,538,538,backtest,,1,2
1,test_account,603658.SH,24,T539,1782142670,30.17,156800,4730656.0,539,539,backtest,,1,2
1,test_account,688819.SH,24,T540,1782142670,24.0,197200,4732800.0,540,540,backtest,,1,2
