time,open,high,low,close,volume,amount
20240902,43.88,44.17,43.45,43.45,513171.0,2243546045.0
20240903,43.61,43.62,43.08,43.21,368220.0,1593821144.0
20240904,43.220000000000006,43.64,42.45,42.64,409949.0,1759519238.9999998
20240905,42.63,43.51,42.61,43.42,466511.0,2014905549.0
20240906,43.42,43.980000000000004,43.160000000000004,43.25000000000001,390258.0,1699389017.0
20240909,43.080000000000005,43.25000000000001,42.550000000000004,42.68000000000001,401725.0,1720343646.0
20240910,42.75,43.05,42.29,42.66,293656.0,1251507269.0
20240911,42.64,42.919999999999995,42.37,42.519999999999996,274074.0,1167516315.0
20240912,42.73,42.77,41.82,42.6,410839.0,1739432819.0000002
20240913,42.56,43.4,42.5,42.89,344396.0,1484769941.0
20240918,43.0,43.79,42.93,43.7,432638.0,1883001068.0
20240919,43.72,44.1,43.32,44.03,466500.0,2046412473.0
20240920,43.980000000000004,44.29,43.74,44.15,532924.0,2347055961.0
20240923,44.13,44.4,43.86,44.089999999999996,295240.0,1302373909.0000002
20240924,44.6,46.5,44.47,46.5,1208992.0,5518430623.0
20240925,47.6,48.2,47.25,47.36,1382985.0,6594953851.000001
20240926,47.59,50.440000000000005,47.2,50.42,1637653.0,8023977092.0
20240927,51.900000000000006,52.160000000000004,50.7,51.900000000000006,1394877.0,7197182304.0
20240930,54.48,57.089999999999996,54.4,57.089999999999996,2621254.0,14733344153.000002
20241008,62.800000000000004,62.800000000000004,59.1,61.730000000000004,3961043.0,24440888195.0
20241009,60.0,60.0,55.65,55.699999999999996,2855096.0,16431475143.999998
20241010,56.63,60.59,56.31,58.5,2226730.0,12981664827.0
20241011,57.800000000000004,59.86,57.03,57.54,1312124.0,7645831882.0
20241014,58.39000000000001,59.24,57.550000000000004,58.67,1177738.0,6884203095.0
20241015,58.580000000000005,59.28,57.09,57.190000000000005,1027900.0,5988622377.0
20241016,56.78,57.83,56.61,57.38,855016.0,4894961074.0
20241017,57.9,58.8,56.97,57.0,783575.0,4529673855.0
20241018,56.08,58.35,54.75,57.18,1494662.0,8417973824.000001
20241021,57.4,57.47,56.18,56.9,875313.0,4966469517.0
20241022,56.8,58.199999999999996,56.58,57.059999999999995,846011.0,4835443520.0
20241023,57.199999999999996,59.3,56.9,58.309999999999995,1191927.0,6939592004.000001
20241024,57.900000000000006,58.480000000000004,57.63,58.1,512730.0,2976336249.0
20241025,58.010000000000005,58.480000000000004,57.56,57.7,539445.0,3122695352.0
20241028,57.78,58.059999999999995,57.08,57.5,578810.0,3325855084.0000005
20241029,57.5,58.46,57.44,57.629999999999995,620100.0,3591688618.0
20241030,57.49,57.91,55.68,55.97,907479.0,5123310917.0
20241031,55.96,56.8,55.4,55.92,757630.0,4236922732.0000005
20241101,56.15,57.0,56.0,56.15,650139.0,3676222858.0
20241104,56.17,56.97,55.93,56.97,530740.0,2993285083.0000005
20241105,56.82,58.88,56.28,58.75,1201144.0,6976690582.000001
20241106,58.89,59.050000000000004,56.95,57.49,1262518.0,7311429314.0
20241107,57.0,61.0,56.9,60.839999999999996,1864263.0,11055869272.000002
20241108,61.199999999999996,61.489999999999995,59.01,59.12,1322990.0,7922272847.0
20241111,58.13,58.52,57.52,58.400000000000006,917160.0,5320862805.0
20241112,58.400000000000006,58.97,56.88,57.010000000000005,962893.0,5557347301.0
20241113,56.7,57.50000000000001,56.620000000000005,57.190000000000005,618245.0,3532487702.0
20241114,57.19,58.089999999999996,56.9,57.0,663232.0,3815907812.0
20241115,56.900000000000006,57.480000000000004,55.800000000000004,55.800000000000004,780597.0,4413936480.0
20241118,56.1,57.160000000000004,55.38,55.760000000000005,684296.0,3851412802.0
20241119,56.0,56.120000000000005,55.1,55.61,528193.0,2934893274.0000005
20241120,55.620000000000005,55.800000000000004,55.2,55.46,469971.0,2605295420.0
20241121,55.49,55.67,55.120000000000005,55.49,410245.0,2269302644.0
20241122,55.47,55.47,53.0,53.03,1006808.0,5439029187.0
20241125,53.0,53.25,52.14,52.57,702698.0,3704922205.0000005
20241126,52.50000000000001,53.27,52.370000000000005,53.050000000000004,407618.0,2156122895.0
20241127,53.06,53.6,52.79,53.55,444464.0,2366194483.0
20241128,53.57,53.989999999999995,52.83,53.17,425502.0,2268917373.0000005
20241129,53.15,54.42,53.04,53.25,563571.0,3018761403.0
20241202,53.2,54.23,53.18,54.01,449606.0,2420512864.0
20241203,53.85,54.61000000000001,53.550000000000004,54.43000000000001,470058.0,2544434591.0
20241204,54.18,54.34,53.71,53.93,381887.0,2059281654.0
20241205,53.690000000000005,54.050000000000004,53.49,53.68,295889.0,1589274038.0
20241206,53.79,55.69,53.78,55.120000000000005,789837.0,4338822602.0
20241209,54.95,55.300000000000004,54.45,54.830000000000005,510463.0,2801288362.0
20241210,56.9,57.18,55.5,55.62,1000984.0,5649587635.0
20241211,55.61,55.93,54.88,54.900000000000006,504784.0,2790301410.0
20241212,54.96,55.85,54.7,55.580000000000005,526336.0,2909611956.9999995
20241213,55.2,55.21,53.68,53.74,887096.0,4798656729.000001
20241216,53.71,53.99,52.93,53.12,658592.0,3512263334.0
20241217,52.9,53.47,52.74,53.010000000000005,537694.0,2853899355.0000005
20241218,53.330000000000005,53.68,52.88,52.940000000000005,504461.0,2683105292.9999995
20241219,52.6,52.940000000000005,52.35,52.89,405496.0,2136614147.0
20241220,52.89,53.230000000000004,52.52,52.620000000000005,461965.0,2437090038.0000005
20241223,52.620000000000005,53.480000000000004,52.620000000000005,53.1,555505.0,2954746191.0
20241224,53.08,53.83,53.0,53.78,495609.0,2654767330.0000005
20241225,53.81,54.31,53.57,53.9,417399.0,2249897990.0
20241226,53.89,53.94,53.36,53.45,379222.0,2031175519.0000002
20241227,53.45,53.75,52.71,53.27,537757.0,2862446917.0
20241230,53.22,53.9,53.21,53.9,533438.0,2865180504.0
20241231,53.79,54.019999999999996,52.65,52.65,677118.0,3607846474.0
20250102,52.7,52.730000000000004,50.39,50.71,948579.0,4877807223.0
20250103,51.0,51.089999999999996,50.08,50.3,551352.0,2788346287.0000005
20250106,50.55,50.62,49.83,50.339999999999996,413490.0,2077171908.9999998
20250107,50.190000000000005,50.36,49.81,50.17,392787.0,1967557697.9999998
20250108,50.18000000000001,50.580000000000005,49.550000000000004,50.300000000000004,510383.0,2555823166.9999995
20250109,50.260000000000005,50.410000000000004,49.800000000000004,49.81,400821.0,2005089617.0
20250110,49.82,50.08,48.9,48.949999999999996,522704.0,2576373866.0
20250113,48.480000000000004,48.800000000000004,48.1,48.59,511393.0,2474824396.0
20250114,48.59,49.58,48.5,49.36,615774.0,3024006484.0
20250115,49.25000000000001,49.660000000000004,48.910000000000004,49.11000000000001,458029.0,2251226874.0
20250116,49.3,49.75,48.93,49.25,415761.0,2052212528.9999998
20250117,49.1,49.57,48.77,49.38,460747.0,2273441157.0
20250120,49.720000000000006,50.300000000000004,49.660000000000004,49.81,491736.0,2458746694.0
20250121,50.2,50.39,49.660000000000004,49.900000000000006,409951.0,2049216698.0
20250122,49.72,49.92,48.85,48.95,530780.0,2606595142.0
20250123,49.82,51.45,49.78,50.370000000000005,969105.0,4910872825.000001
20250124,50.18,51.370000000000005,50.1,50.86,616779.0,3140198840.0
20250127,51.03,51.620000000000005,50.81,50.85,524547.0,2681560916.0
20250205,50.980000000000004,51.0,49.67,49.72,583072.0,2921528575.0
20250206,49.73,50.5,49.68,50.25,415037.0,2078321191.0
20250207,50.18000000000001,51.440000000000005,49.84,50.88,725812.0,3679372001.0
20250210,50.89000000000001,51.36000000000001,50.800000000000004,50.900000000000006,431815.0,2203839895.9999995
20250211,51.2,51.24,50.370000000000005,50.52,381844.0,1931993468.0
20250212,50.52,51.12,50.18,51.08,446994.0,2261445451.0000005
20250213,50.92,51.78,50.81,51.02,590363.0,3019334998.0
20250214,50.99,51.86000000000001,50.800000000000004,51.7,599772.0,3080098770.0
20250217,51.830000000000005,52.38,51.410000000000004,51.84,625710.0,3245003133.0000005
20250218,51.67,52.18,51.2,51.31,650082.0,3362664790.9999995
20250219,51.190000000000005,51.830000000000005,51.02,51.45,464426.0,2388611401.0
20250220,51.230000000000004,51.31,50.660000000000004,50.78,515385.0,2620444374.0
20250221,50.99,51.5,50.46,51.2,668761.0,3415352331.0
20250224,51.2,52.480000000000004,51.050000000000004,52.00000000000001,835823.0,4341042760.0
20250225,51.5,52.1,50.85,50.980000000000004,642429.0,3298896562.0
20250226,51.1,51.78,51.03,51.620000000000005,536578.0,2758370361.9999995
20250227,51.78,51.800000000000004,51.120000000000005,51.620000000000005,547240.0,2813972257.0
20250228,51.400000000000006,51.650000000000006,50.38,50.38,805268.0,4102825272.0000005
20250303,50.550000000000004,50.82,50.06,50.330000000000005,423161.0,2135730014.9999998
20250304,50.08,50.29,50.0,50.08,372432.0,1867141471.0
20250305,50.18,50.55,50.01,50.379999999999995,455072.0,2287766876.0000005
20250306,50.77,51.93,50.53,51.64,1045821.0,5369202399.000001
20250307,51.6,51.84,51.32,51.5,481479.0,2481121736.0
20250310,51.51,51.660000000000004,50.78,51.25,611283.0,3121852670.0
20250311,50.71,51.5,50.6,51.5,529147.0,2702757544.0000005
20250312,51.5,51.6,51.01,51.15,470578.0,2410921164.0
20250313,51.15,51.55,50.93,51.14,411448.0,2107254552.0000002
20250314,51.33,53.89,51.21,53.47,1502449.0,7945017156.0
20250317,53.47,53.620000000000005,53.1,53.38,605172.0,3229662145.0
20250318,53.7,54.19,53.64,53.76,587740.0,3164655447.0000005
20250319,53.68,54.3,53.57,54.07,509874.0,2751845206.0
20250320,54.050000000000004,54.06,52.230000000000004,52.49,1140723.0,6007424559.0
20250321,52.4,52.66,51.68,51.75,795715.0,4145943295.0000005
20250324,51.82,52.28,51.82,52.13,508657.0,2646991166.0
20250325,52.15,52.21,51.82,51.96,344402.0,1790739699.0
20250326,51.98,52.089999999999996,51.72,51.72,403995.0,2094936176.0000002
20250327,51.71,52.45,51.53,52.06,432169.0,2248679011.0000005
20250328,52.2,52.370000000000005,51.85,51.96,353664.0,1841078406.0
20250331,51.9,52.25,51.39,51.63,468390.0,2423816080.0000005
20250401,51.6,51.86000000000001,51.410000000000004,51.620000000000005,394321.0,2035352505.0000002
20250402,51.58,51.96,51.53,51.86,283274.0,1467236071.0
20250403,51.39,52.0,51.38,51.480000000000004,373348.0,1927750540.0
20250407,49.3,49.77,47.0,48.56,1727558.0,8362219629.000001
20250408,48.550000000000004,49.26,48.1,49.26,1117530.0,5446468218.0
20250409,48.8,49.25,48.36,48.93,737907.0,3604799242.0
20250410,49.36,49.800000000000004,49.21,49.480000000000004,657915.0,3258096138.0000005
20250411,49.480000000000004,49.540000000000006,48.980000000000004,49.35,450121.0,2216984586.0
20250414,49.599999999999994,49.849999999999994,49.44,49.48,387484.0,1922228962.0
20250415,49.48,49.97,49.26,49.83,407762.0,2021902572.0
20250416,49.72,50.17,49.4,49.879999999999995,467924.0,2323052330.0
20250417,49.69,50.28,49.58,50.16,377043.0,1884423296.0
20250418,50.050000000000004,50.660000000000004,49.95,50.440000000000005,338811.0,1706307228.0
20250421,50.400000000000006,50.61,50.2,50.28,263784.0,1329681852.0
20250422,50.2,50.790000000000006,50.120000000000005,50.57000000000001,355098.0,1793621626.0
20250423,50.76,50.95,50.46,50.7,298773.0,1515452317.0
20250424,50.7,51.480000000000004,50.7,51.220000000000006,423839.0,2170142049.0
20250425,51.24,51.589999999999996,51.22,51.33,368499.0,1894916291.0
20250428,50.42,51.34,50.03,51.21,518666.0,2632952959.0
20250429,51.17,51.64,50.86,51.0,337540.0,1725062887.0000002
20250430,51.1,51.55,50.68,50.71,377944.0,1927976843.0
20250506,51.00000000000001,51.150000000000006,50.550000000000004,50.800000000000004,391512.0,1992284115.0
20250507,51.42,51.63,51.03,51.18,420640.0,2156676084.0
20250508,51.01,52.35,50.9,51.96,671350.0,3487932290.0
20250509,51.91,52.16,51.75,51.75,290709.0,1507958915.0000002
20250512,52.23,52.75,52.0,52.6,577372.0,3028226079.0
20250513,52.79,52.79,52.25,52.46,403920.0,2117089329.0
20250514,52.45,55.18000000000001,52.34,54.690000000000005,1577230.0,8541172666.000001
20250515,54.39,54.800000000000004,54.1,54.25,569303.0,3095268720.9999995
20250516,54.050000000000004,54.440000000000005,53.38,53.39,466130.0,2499109899.0
20250519,53.290000000000006,53.730000000000004,53.2,53.300000000000004,324266.0,1730493311.9999998
20250520,53.449999999999996,54.18,53.4,53.68,352669.0,1895934592.0
20250521,53.7,54.400000000000006,53.7,53.85,333066.0,1800759244.0
20250522,53.76,53.99,53.53,53.84,240658.0,1294403114.0
20250523,53.81,54.46,53.17,53.230000000000004,430491.0,2314052457.0
20250526,53.16,54.15,53.0,53.4,388130.0,2078107531.0
20250527,53.400000000000006,53.86000000000001,53.300000000000004,53.400000000000006,255725.0,1368911112.0
20250528,53.400000000000006,53.690000000000005,53.120000000000005,53.290000000000006,261698.0,1396312012.0
20250529,53.300000000000004,53.830000000000005,53.09,53.52,348683.0,1868004330.0
20250530,53.370000000000005,53.690000000000005,52.85,53.28,417239.0,2221553128.0000005
20250603,53.21,54.11,53.0,53.85,453738.0,2430686987.0
20250604,53.61,54.15,53.61,53.76,430897.0,2322941429.0000005
20250605,53.77,54.18000000000001,53.660000000000004,53.99,419100.0,2260023900.0
20250606,54.0,54.120000000000005,53.35,53.410000000000004,408553.0,2191002621.0
20250609,53.55,53.94,53.5,53.72,397887.0,2137162081.0
20250610,53.71,54.1,53.31,53.43,467079.0,2510066317.0
20250611,53.4,54.65,53.4,54.46,681830.0,3704026068.0
20250612,54.300000000000004,55.33,54.03,54.81,589999.0,3231103730.0
20250613,54.83,54.9,54.28,54.480000000000004,480229.0,2616565694.0
20250616,54.330000000000005,54.580000000000005,54.06,54.32,496771.0,2697778320.0
20250617,54.3,54.51,53.94,54.23,506289.0,2745763183.0
20250618,54.18000000000001,54.28,53.300000000000004,53.81,469364.0,2518852918.0
20250619,53.690000000000005,53.800000000000004,53.120000000000005,53.2,401881.0,2143533731.0
20250620,53.19,54.86,53.19,54.739999999999995,847430.0,4606219514.999999
20250623,54.5,55.25,54.26,55.1,614705.0,3373267494.0
20250624,55.21,56.970000000000006,55.2,56.790000000000006,1040798.0,5873914856.999999
20250625,56.8,58.0,56.58,57.879999999999995,1046131.0,5998384734.0
20250626,57.79,58.08,57.47,57.58,500740.0,2888896788.0
20250627,57.58,58.13,56.61,56.96,667632.0,3832894682.0
20250630,55.5,55.95,55.13,55.480000000000004,564782.0,3133724720.0
20250701,55.660000000000004,55.89000000000001,55.300000000000004,55.7,352746.0,1961556961.0
20250702,55.7,56.01,55.35,55.81,395629.0,2204210316.0
20250703,55.900000000000006,56.2,55.660000000000004,55.800000000000004,325101.0,1817404362.0000002
20250704,55.7,57.39,55.43,56.57,654544.0,3695501729.0000005
20250707,56.59,56.800000000000004,56.06,56.43,321763.0,1813966809.0
20250708,56.4,56.78,56.11,56.45,343460.0,1939149952.0
20250709,56.45,56.78,55.88,55.900000000000006,395463.0,2223715808.0
20250710,55.900000000000006,57.580000000000005,55.81,57.13,828882.0,4726621457.0
20250711,57.0,59.02,56.96,57.71,1076429.0,6269330973.0
20250714,57.69,58.24,57.57,57.57,449058.0,2598863547.0
20250715,57.75000000000001,57.96,56.980000000000004,57.1,441726.0,2535144762.0000005
20250716,57.17,57.24,56.21,56.83,481825.0,2728239344.0
20250717,56.7,57.06,56.68,56.81,277123.0,1575012870.0000002
20250718,56.95,57.45,56.86,57.07,436240.0,2492884493.0
20250721,57.15,57.75,56.9,57.19,466733.0,2671242929.0
20250722,57.190000000000005,57.2,56.1,56.7,695203.0,3930402693.9999995
20250723,56.84,58.38,56.81,58.0,869407.0,5020698335.0
20250724,57.97,59.0,57.71,58.64,707737.0,4142271385.0
20250725,58.3,58.55,57.82,58.08,508335.0,2958837440.0
20250728,58.2,60.2,58.2,60.09,1221217.0,7297531197.0
20250729,60.06,60.28,59.370000000000005,59.49,566092.0,3380012575.0
20250730,59.480000000000004,61.33,59.35,60.71,921993.0,5600001966.000001
20250731,60.410000000000004,60.5,58.38,58.690000000000005,827601.0,4910516274.0
20250801,58.68,59.059999999999995,58.08,58.199999999999996,488786.0,2860162236.0
20250804,58.1,58.34,57.85,58.21,360078.0,2092312969.0
20250805,58.300000000000004,59.410000000000004,58.2,59.14,482956.0,2837798909.0
20250806,59.14,59.64,58.82,59.06,324469.0,1916931441.0000002
20250807,59.11,59.46,58.53,58.88,327972.0,1932522823.0000002
20250808,58.879999999999995,58.9,58.22,58.54,397933.0,2331643860.0
20250811,58.769999999999996,59.14,58.47,58.47,431869.0,2535939661.0000005
20250812,58.47,59.07,58.47,58.75,426985.0,2507882892.0000005
20250813,58.92,59.4,58.46,58.61,728453.0,4285477115.0
20250814,58.800000000000004,60.6,58.77,59.620000000000005,1022768.0,6132887145.000001
20250815,59.6,60.45,59.0,59.8,892968.0,5342602447.0
20250818,59.92,60.35,59.34,59.34,957263.0,5730767230.0
20250819,59.769999999999996,60.18,58.08,58.199999999999996,954810.0,5626016600.000001
20250820,58.089999999999996,59.199999999999996,57.69,59.199999999999996,762725.0,4453267555.0
20250821,59.2,59.96,58.910000000000004,59.620000000000005,574601.0,3420554066.0
20250822,59.51,60.51,59.44,60.5,780974.0,4689312102.999999
20250825,60.6,61.05,60.11,61.0,670113.0,4065994394.0
20250826,60.900000000000006,61.0,60.45,60.52,491986.0,2984830237.9999995
20250827,60.379999999999995,60.449999999999996,58.69,58.69,1064558.0,6325335934.0
20250828,58.75,59.120000000000005,58.31,58.84,636105.0,3734301053.0
20250829,58.949999999999996,61.099999999999994,58.94,59.879999999999995,1080309.0,6488619820.0
20250901,59.79,59.79,58.33,58.51,948525.0,5566516443.0
20250902,58.5,58.8,58.22,58.66,649036.0,3797585375.0
20250903,58.94,59.1,57.36,57.78,714746.0,4150607723.0
20250904,57.77,57.97,57.06,57.5,727436.0,4183559781.0000005
20250905,57.5,58.06,57.03,57.9,558184.0,3207319735.0
20250908,57.76,58.04,57.32,57.7,487733.0,2814135142.0
20250909,57.760000000000005,58.290000000000006,57.550000000000004,58.00000000000001,518911.0,3004298500.9999995
20250910,57.77,58.160000000000004,57.620000000000005,57.870000000000005,308470.0,1786675715.0
20250911,57.9,58.690000000000005,57.6,58.690000000000005,595072.0,3464480190.0
20250912,58.98,59.2,57.5,57.68,735376.0,4277497749.0
20250915,57.650000000000006,57.99,57.09,57.330000000000005,546842.0,3147658745.0
20250916,57.35,57.45,56.5,56.62,685714.0,3894056719.0
20250917,56.660000000000004,56.970000000000006,56.45,56.57,684652.0,3878151157.0
20250918,56.64,56.67,55.11,55.28,1012074.0,5649599209.0
20250919,55.29,56.0,55.0,55.1,543321.0,3008279780.0
20250922,55.37,55.65,55.0,55.15,374438.0,2068811784.0
20250923,55.03,55.79,54.74,55.02,612961.0,3385890145.0
20250924,55.290000000000006,55.75,54.95,55.290000000000006,503174.0,2781363924.9999995
20250925,55.28,55.39,55.03,55.09,514296.0,2838283234.0
20250926,55.02,55.550000000000004,54.660000000000004,55.220000000000006,548622.0,3021459544.0
20250929,55.18,57.32,55.03,56.01,1035110.0,5816595783.0
20250930,55.8,56.2,55.0,55.11,767082.0,4247640484.9999995
20251009,55.04,55.28,54.25,55.04,824067.0,4521397150.000001
20251010,54.730000000000004,55.970000000000006,54.730000000000004,55.540000000000006,641465.0,3560844773.0
20251013,54.51,55.33,54.51,55.1,609656.0,3353288998.0
20251014,55.580000000000005,56.68,55.52,56.480000000000004,1022940.0,5757976241.0
20251015,56.480000000000004,57.970000000000006,56.300000000000004,57.81,837046.0,4793965559.000001
20251016,57.68,58.58,57.61,58.019999999999996,681478.0,3966486440.9999995
20251017,58.0,58.480000000000004,57.17,57.28,677493.0,3916934527.0000005
20251020,58.330000000000005,58.57,57.45,57.900000000000006,526695.0,3058431633.9999995
20251021,57.93,58.92,57.93,58.08,762200.0,4456452771.0
20251022,58.0,58.5,57.93,58.21,379893.0,2211002991.0
20251023,58.220000000000006,58.870000000000005,58.09,58.75,503501.0,2943942596.0
20251024,58.14,58.49,57.75,57.88,558242.0,3240224545.0
20251027,58.0,58.39,57.5,57.75,685004.0,3964893063.0
20251028,57.790000000000006,58.230000000000004,57.620000000000005,57.760000000000005,491305.0,2842864953.0
20251029,58.6,59.7,58.49,58.95,1044432.0,6172236795.0
20251030,59.3,60.1,58.58,58.65,745713.0,4424147711.0
20251031,58.99,58.99,57.800000000000004,57.830000000000005,572542.0,3331214748.0
20251103,58.269999999999996,58.7,57.86,58.31,411430.0,2399870470.0
20251104,58.35,59.13,58.2,58.940000000000005,518126.0,3045009961.0000005
20251105,58.4,58.84,57.92,58.32,402158.0,2348603001.0
20251106,58.35,59.28,58.34,58.900000000000006,547346.0,3224909538.0
20251107,58.78,59.150000000000006,58.660000000000004,58.89,371910.0,2191134861.0
20251110,58.849999999999994,59.4,58.44,59.3,529487.0,3132320906.0
20251111,59.300000000000004,59.5,58.81,59.2,362504.0,2143772917.0
20251112,59.300000000000004,60.790000000000006,59.300000000000004,60.03,1490246.0,8994592304.0
20251113,60.29,61.38,60.29,60.88,890187.0,5421878882.0
20251114,60.85,62.269999999999996,60.65,60.65,752741.0,4630168806.0
20251117,60.69,61.0,59.46,59.83,560197.0,3354710745.0
20251118,59.67,60.150000000000006,59.480000000000004,59.620000000000005,445712.0,2663627684.0
20251119,59.800000000000004,61.12,59.71,60.37,705865.0,4268493624.0000005
20251120,60.6,61.15,60.03,60.2,394491.0,2387256691.0
20251121,60.0,60.1,58.88,58.910000000000004,685580.0,4067315652.0
20251124,59.160000000000004,59.2,58.35,58.4,534709.0,3141756214.0
20251125,58.68000000000001,59.82000000000001,58.230000000000004,59.470000000000006,487771.0,2887514429.0
20251126,59.660000000000004,60.22,59.32,59.78,434693.0,2598031333.0000005
20251127,59.5,59.730000000000004,58.7,59.34,505701.0,2993560813.0
20251128,59.21,59.29,58.51,58.989999999999995,433558.0,2553839886.0
20251201,58.910000000000004,59.18000000000001,58.410000000000004,58.63,445804.0,2614280155.9999995
20251202,58.800000000000004,59.400000000000006,58.45,58.800000000000004,373837.0,2200530387.0
20251203,58.75,59.019999999999996,58.15,58.35,335494.0,1961924291.0
20251204,58.35,58.550000000000004,58.21,58.550000000000004,217664.0,1271252460.9999998
20251205,58.650000000000006,62.2,58.550000000000004,61.99,1377948.0,8385205488.0
20251208,62.04,63.8,62.0,63.4,1029979.0,6514118720.000001
20251209,63.4,63.690000000000005,62.42,62.45,483731.0,3044070518.0
20251210,62.660000000000004,63.06,62.13,62.550000000000004,448822.0,2808948857.0
20251211,62.800000000000004,63.36,62.17,62.53,477963.0,2990603756.0000005
20251212,62.56,64.09,62.410000000000004,63.910000000000004,1091760.0,6926125694.0
20251215,63.68,67.44,63.52,67.08,1546643.0,10258390316.0
20251216,66.71,68.11,66.16,67.0,1056821.0,7074646043.000001
20251217,67.05000000000001,68.63000000000001,66.65,68.05000000000001,962118.0,6513277291.0
20251218,67.88000000000001,68.58,67.59,68.5,563606.0,3839846393.0000005
20251219,68.14999999999999,68.78,67.6,68.75,638476.0,4363697642.0
20251222,68.7,69.27,68.2,68.54,556942.0,3824247200.0
20251223,68.56,70.24000000000001,68.35000000000001,69.49000000000001,765720.0,5324655842.0
20251224,69.17,69.38000000000001,68.35000000000001,69.03000000000002,511320.0,3522990019.9999995
20251225,69.0,71.98,68.98,70.8,777898.0,5513013481.0
20251226,70.44000000000001,71.96000000000001,70.43,71.16000000000001,657017.0,4689142906.0
20251229,71.0,71.66000000000001,69.79,69.88000000000001,655665.0,4622483554.0
20251230,69.75,70.23,68.39,68.8,1046674.0,7226865062.0
20251231,68.78,69.23,68.15,68.4,458069.0,3141993177.0000005
20260105,69.2,73.0,69.2,72.36,1228831.0,8824564892.999998
20260106,72.4,74.88000000000001,72.4,74.32000000000001,1468516.0,10867519151.0
20260107,73.89,74.7,73.29,73.45,919695.0,6796568402.000001
20260108,73.36999999999999,73.39999999999999,69.66,70.38,1685392.0,11969587226.000002
20260109,70.6,71.28,68.24,69.0,2063348.0,14285738425.0
20260112,68.9,69.0,67.22,67.55,1851661.0,12546774433.0
20260113,67.8,69.98,67.78,68.2,1502151.0,10342110580.0
20260114,68.35000000000001,68.93,66.82000000000001,67.00000000000001,1431109.0,9691268750.0
20260115,66.89999999999999,68.38,66.69,67.41,1066614.0,7195271139.999999
20260116,67.6,67.94,65.8,66.33,1356100.0,9017682809.0
20260119,66.28,66.95,65.91,66.3,838681.0,5560566590.0
20260120,66.35,67.77,66.11,66.6,988500.0,6611639902.0
20260121,66.64,67.18,65.65,65.85000000000001,935402.0,6198978527.0
20260122,66.13,66.58,64.52,64.8,1143922.0,7455922558.999999
20260123,65.2,65.48,63.660000000000004,63.900000000000006,1407699.0,9048849720.0
20260126,64.0,66.25,63.77,64.14,2013846.0,13083521294.0
20260127,64.31,66.35,64.27,65.31,1508841.0,9868833866.0
20260128,65.87,66.05000000000001,64.43,64.75,1992854.0,12952514678.0
20260129,65.03,68.03,64.53,68.0,2755713.0,18287719695.0
20260130,68.01,68.69,66.39,66.75,1603228.0,10768334982.0
20260202,66.35000000000001,68.33,65.73,66.02000000000001,1354549.0,9059867836.0
20260203,66.9,67.4,65.62,66.58,1033225.0,6862044454.0
20260204,66.45,67.45,66.23,67.4,877403.0,5866716207.0
20260205,67.17,67.99,66.16,67.35,908191.0,6088193606.0
20260206,66.88,67.61,66.42,66.9,749275.0,5011778788.0
20260209,67.45,69.1,67.11,68.7,1021237.0,6973342327.000001
20260210,68.71,68.8,67.8,68.19,548735.0,3743029914.0000005
20260211,68.25,68.68,67.06,67.5,618032.0,4178546001.0
20260212,67.6,67.67999999999999,66.35,66.53999999999999,646372.0,4320770033.0
20260213,66.15,66.35000000000001,65.06,65.29,840772.0,5509966026.0
20260224,65.77000000000001,66.25,64.37,64.5,800053.0,5208399201.0
20260225,64.7,65.74000000000001,64.7,65.05,683556.0,4452349687.0
20260226,65.5,65.53,63.29,63.5,1036146.0,6614432347.000001
20260227,63.6,63.74,63.06,63.09,633012.0,4006459826.0
20260302,62.410000000000004,63.11,61.7,62.35,1010862.0,6295717498.0
20260303,62.45,63.72,61.93,62.57,1095535.0,6885778079.0
20260304,62.199999999999996,62.56,60.65,61.79,1008134.0,6196271382.0
20260305,62.010000000000005,62.720000000000006,61.800000000000004,62.080000000000005,546365.0,3404335407.0000005
20260306,61.790000000000006,63.35,61.660000000000004,62.67,574633.0,3590186818.0
20260309,61.44,61.519999999999996,60.01,61.4,930368.0,5663230289.0
20260310,61.86,62.379999999999995,61.72,62.089999999999996,462184.0,2866994902.0
20260311,62.09,62.910000000000004,61.800000000000004,62.550000000000004,517270.0,3234820114.9999995
20260312,62.15,62.43,61.22,61.6,668542.0,4123729384.0
20260313,61.37,61.87,61.08,61.199999999999996,458041.0,2813751146.0
20260316,61.2,61.36,60.1,60.480000000000004,818596.0,4946355959.0
20260317,60.589999999999996,62.8,60.58,61.839999999999996,901850.0,5591874769.0
20260318,61.87,62.32,61.5,61.89,490471.0,3034276337.0
20260319,61.199999999999996,61.29,60.4,60.62,684722.0,4158160919.0
20260320,60.800000000000004,60.900000000000006,59.7,59.74,620767.0,3738267788.0
20260323,58.900000000000006,59.0,57.24,57.47,1253823.0,7264101524.0
20260324,58.0,58.34,57.5,58.12,681870.0,3949789641.0
20260325,58.5,59.36,58.42,58.79,562389.0,3309846362.0000005
20260326,58.78,58.78,56.53,56.800000000000004,1011896.0,5801815138.0
20260327,56.86,57.39,56.42,56.95,834379.0,4753261022.000001
20260330,56.34,56.550000000000004,55.84,56.330000000000005,737544.0,4139267846.0000005
20260331,56.29,57.69,56.21,56.78,764114.0,4363799010.0
20260401,57.58,58.29,57.54,58.18,684035.0,3964968442.0
20260402,58.00000000000001,58.00000000000001,57.160000000000004,57.260000000000005,459794.0,2642755831.0
20260403,57.580000000000005,57.77,57.24,57.25,343678.0,1975820960.0
20260407,57.300000000000004,57.550000000000004,56.410000000000004,56.690000000000005,503858.0,2865555758.0
20260408,58.0,59.65,58.0,59.45,1121527.0,6612867449.0
20260409,59.00000000000001,59.00000000000001,58.300000000000004,58.74,570201.0,3341224254.0
20260410,59.0,59.84,58.78,58.82,637912.0,3778347094.0
20260413,58.2,58.21,57.61,57.75,684544.0,3959480166.0
20260414,58.230000000000004,59.2,58.13,58.970000000000006,675142.0,3965283533.0
20260415,59.4,59.72,58.61,58.7,513713.0,3032393651.0
20260416,58.71,59.03,58.25,58.52,544368.0,3190206251.0
20260417,58.4,58.4,57.61,57.92,612324.0,3550736121.0
20260420,57.870000000000005,58.67,57.74,58.54,633437.0,3690691462.0
20260421,58.54,59.11,58.03,58.03,544020.0,3179298446.0
20260422,58.03,58.6,57.65,58.03,579570.0,3364574053.9999995
20260423,57.980000000000004,58.58,57.53,57.88,661174.0,3829528934.0
20260424,57.71,57.97,57.06,57.78,554002.0,3188079037.0
20260427,57.800000000000004,58.550000000000004,57.46,57.550000000000004,640671.0,3708625921.0
20260428,57.470000000000006,58.11,57.2,57.63,624602.0,3597829250.0
20260429,57.620000000000005,59.59,57.59,59.43000000000001,1609315.0,9481901998.0
20260430,59.120000000000005,60.6,59.120000000000005,59.370000000000005,1063010.0,6353995428.0
20260506,59.38,59.84,59.050000000000004,59.36000000000001,905083.0,5373455216.0
20260507,59.6,61.11,59.6,60.04,1313748.0,7920220893.999999
20260508,59.9,60.260000000000005,59.74,60.06,732049.0,4392260153.0
20260511,59.78,60.55,59.26,60.1,961991.0,5766761256.0
20260512,60.1,60.5,59.25,59.4,690007.0,4123942070.0
20260513,59.32,59.620000000000005,57.63,58.04,1034345.0,6026385945.0
20260514,58.26,58.52,56.85,56.9,907187.0,5211793925.000001
20260515,56.98,57.14,55.29,55.5,1181904.0,6613205579.0
20260518,55.4,55.46,54.4,54.89,810415.0,4441031983.0
20260519,55.010000000000005,55.21000000000001,54.120000000000005,54.480000000000004,839122.0,4578893673.0
20260520,54.4,54.4,53.83,54.11,743889.0,4022984705.0
20260521,54.45,55.33,53.68,53.76,1035931.0,5646669982.0
20260522,54.11,54.199999999999996,53.47,53.68,669699.0,3603724584.0
20260525,53.83,54.98,53.58,54.22,867977.0,4694584484.0
20260526,54.15,55.1,53.89,54.27,910010.0,4946050442.0
20260527,54.28,54.29,53.06,53.27,862011.0,4614798491.0
20260528,53.26,53.4,52.15,52.47,875600.0,4602192065.0
20260529,52.589999999999996,53.68,52.51,53.5,1000113.0,5326303204.0
20260601,53.49,54.1,53.15,53.85,775307.0,4162422693.0
20260602,53.86000000000001,54.550000000000004,53.620000000000005,54.080000000000005,784941.0,4245154925.0
20260603,54.06,54.2,53.5,53.7,625066.0,3361445868.0
20260604,53.61,54.08,53.04,53.23,576226.0,3084164360.0
20260605,53.300000000000004,54.580000000000005,53.24,53.480000000000004,937165.0,5047248522.0
20260608,53.059999999999995,53.96,52.9,53.379999999999995,720540.0,3845596526.0000005
20260609,53.18,54.05,53.15,53.93,710030.0,3811033908.0
20260610,52.25,53.480000000000004,52.1,53.22,903235.0,4779498278.0
20260611,53.22,53.97,52.35,52.64,647641.0,3426033712.9999995
20260612,52.46,54.24,52.11,54.01,1102953.0,5923966809.000001
20260615,54.300000000000004,55.96000000000001,53.800000000000004,54.230000000000004,1010577.0,5527730148.0
20260616,53.99,54.09,52.75,52.99,812508.0,4325837393.0
20260617,53.24,53.34,52.5,52.76,653906.0,3453554961.0
20260618,52.59,52.64000000000001,49.370000000000005,49.38,2178321.0,10954978558.0
20260622,49.39,52.290000000000006,48.660000000000004,51.980000000000004,1724972.0,8759839755.0
20260623,51.46,52.43,50.11,50.4,1220116.0,6233635916.0
20260624,50.69,50.88,49.03,49.120000000000005,1094158.0,5415518285.0
20260625,48.75,50.46,48.56,49.300000000000004,1214523.0,5996134269.0
20260626,49.290000000000006,49.49,47.2,47.230000000000004,1426441.0,6823881221.0
20260629,47.3,48.87,46.9,48.6,1089609.0,5250679148.0
20260630,48.300000000000004,48.940000000000005,47.35,47.74,949813.0,4537577336.0
20260701,47.599999999999994,50.089999999999996,47.19,49.53,1386217.0,6772060767.0
20260702,49.35,50.2,48.800000000000004,48.92,920130.0,4528699940.000001
20260703,49.5,49.78,48.31,49.09,803331.0,3933213372.0
20260706,49.050000000000004,50.2,48.81,50.1,944956.0,4688935744.0
20260707,49.93,50.22,49.17,49.29,697675.0,3454770845.0
20260708,49.36,49.800000000000004,48.96,49.54,540995.0,2678589604.0
20260709,49.260000000000005,49.61000000000001,48.910000000000004,49.49,662369.0,3259894112.0000005
20260710,49.47,49.97,48.97,49.48,764946.0,3787725071.0
20260713,49.36,49.73,49.11,49.53,716524.0,3539328300.0
20260714,49.5,49.76,48.5,49.6,979873.0,4809693612.999999
20260715,49.580000000000005,51.2,49.45,50.95,1286694.0,6486059071.000001
20260716,50.7,51.29,50.24,50.67,812799.0,4120400653.0
20260717,50.66,51.449999999999996,50.58,50.699999999999996,1072327.0,5464124961.0
20260720,50.72,53.27,50.71,53.230000000000004,1754451.0,9212523658.0
20260721,53.68,54.65,52.51,52.89,1599795.0,8540611562.000001
20260722,52.44,53.98,52.01,53.949999999999996,1074273.0,5722414362.0
20260723,53.800000000000004,54.59,53.45,54.300000000000004,739547.0,3998147291.0000005
20260724,54.58,54.6,53.6,54.02,852622.0,4598516043.0
20260727,54.27,54.27,53.03,53.410000000000004,651424.0,3484806455.0
20260728,53.6,54.2,53.1,54.2,660820.0,3539410420.9999995
20260729,54.47,54.7,53.71,54.300000000000004,871119.0,4731710049.000001
20260730,54.06,55.800000000000004,54.06,55.800000000000004,1058458.0,5834022322.0
20260731,54.910000000000004,55.03,54.2,54.900000000000006,1055130.0,5765094131.0
20260803,54.800000000000004,55.580000000000005,54.7,55.550000000000004,754694.0,4166690965.0
20260804,55.35,55.39,53.88,53.93,915895.0,4977957448.000001
20260805,53.94,54.24,53.15,54.019999999999996,733965.0,3945519851.0
20260806,54.00000000000001,54.21,53.160000000000004,53.50000000000001,661675.0,3541174548.0
20260807,53.49,53.68,53.17,53.38,498638.0,2659698799.0
20260810,53.28,53.660000000000004,53.2,53.32,595323.0,3178152627.0
20260811,53.3,53.44,52.5,52.55,646895.0,3413185519.0
20260812,52.5,52.92,52.21,52.6,532104.0,2794422560.0
20260813,52.49,52.980000000000004,52.31,52.800000000000004,524006.0,2760533680.0
20260814,52.67,52.77,51.75,51.75,642788.0,3345853597.0
20260817,51.75,51.989999999999995,51.51,51.8,502143.0,2599855024.0
20260818,51.800000000000004,51.84,51.17,51.32,579000.0,2975702668.0
20260819,51.660000000000004,52.08,51.28,52.08,789826.0,4086762722.0
20260820,51.85,52.15,51.6,52.14,495295.0,2570824238.9999995
20260821,53.010000000000005,53.59,52.800000000000004,53.35,1115990.0,5940991679.0
20260824,53.34,55.220000000000006,53.300000000000004,54.92,1307614.0,7149813532.0
20260825,55.059999999999995,55.42,54.65,55.01,739290.0,4060610155.0000005
20260826,54.870000000000005,56.38,54.660000000000004,56.13,1053437.0,5886018865.000001
20260827,55.88,56.13,55.45,55.870000000000005,646568.0,3606576460.0
20260828,55.76,55.96,55.26,55.85,497474.0,2770723801.0
20260831,55.92,56.17,55.68,55.82,545928.0,3052052822.0
20260901,55.78,57.440000000000005,55.410000000000004,57.230000000000004,1080897.0,6156593174.0
20260902,57.11,57.48,56.47,56.629999999999995,600534.0,3409288191.0
20260903,56.6,58.58,56.5,58.0,1087120.0,6309518752.0
20260904,57.88,58.99,57.88,58.24,783552.0,4573926461.000001
20260907,58.24,58.45,56.18,56.36,1117289.0,6354283610.999999
20260908,56.0,56.8,55.68,55.7,700768.0,3930272360.0
20260909,55.7,56.57,55.57,56.26,524222.0,2944585975.0
20260910,55.50000000000001,55.74,55.050000000000004,55.52,444353.0,2460779156.0
20260911,55.4,55.47,54.35,54.83,602246.0,3302998783.0
