code,name,buy_date,buy_time,buy_price,sell_date,sell_time,sell_price,shares,exit_reason,screen_ma5,screen_ma20,screen_atr14,screen_pullback_atr,screen_atr_percent,buy_commission,sell_commission,stamp_tax,net_pnl,return_pct
002195.SZ,岩山科技,20250905,14:41:00,8.2121,20250908,09:31:00,8.3355,100,SELLBACK,8.566,6.9265,0.589286,0.794182,7.259001,5.0,5.0,0.83355,1.50645,0.18233257888430304
688318.SH,财富趋势,20250905,14:53:00,108.2184,20250908,09:33:00,109.4,100,SELLBACK,115.368571,105.796786,10.27398,0.72694,9.454168,5.0,5.0,10.94,97.22,0.8979536041910658
300548.SZ,长芯博创,20250905,14:54:00,123.3717,20250908,10:00:00,118.5107,100,FORCE_1000,133.886,112.9455,16.202857,0.628037,13.649109,5.0,5.0,11.85107,-507.95107,-4.115573436437839
002131.SZ,利欧股份,20250905,14:55:00,5.3436,20250908,09:31:00,5.4069,100,SELLBACK,5.587,4.8015,0.460714,0.525271,8.73392,5.0,5.0,0.54069,-4.21069,-0.7806826609314742
002131.SZ,利欧股份,20250908,09:34:00,5.5378,20250909,09:39:00,5.5966,100,SELLBACK,5.609,4.879,0.462143,0.419784,8.662472,5.0,5.0,0.55966,-4.67966,-0.8374780772397009
002195.SZ,岩山科技,20250908,09:34:00,8.3622,20250909,10:00:00,7.944,100,FORCE_1000,8.502,7.0475,0.652143,0.496824,7.925898,5.0,5.0,0.7944,-52.6144,-6.254535080002855
300620.SZ,光库科技,20250908,09:35:00,96.2981,20250909,10:00:00,89.5752,100,FORCE_1000,101.854,90.1775,11.498571,0.409094,11.491676,5.0,5.0,8.95752,-691.24752,-7.1744800364511585
301377.SZ,鼎泰高科,20250908,09:35:00,68.134,20250909,10:00:00,66.9965,100,FORCE_1000,71.148,65.718,6.649286,0.566677,9.546713,5.0,5.0,6.69965,-130.44965,-1.913200310923384
688498.SH,源杰科技,20250908,09:35:00,233.9169,20250909,10:00:00,227.7619,100,FORCE_1000,253.794483,205.804483,28.604433,0.57869,11.139097,5.847923,5.694047,22.77619,-649.81816,-2.7772929021523636
688629.SH,华丰科技,20250908,09:35:00,79.6798,20250909,10:00:00,78.5407,100,FORCE_1000,85.762,73.7865,8.263571,0.550851,10.117007,5.0,5.0,7.85407,-131.76407,-1.6526326417475024
300724.SZ,捷佳伟创,20250908,09:36:00,102.8914,20250909,10:00:00,97.3113,100,FORCE_1000,106.59,84.535,8.149286,0.577965,7.724441,5.0,5.0,9.73113,-577.74113,-5.612330218940095
300458.SZ,全志科技,20250908,10:24:00,39.1533,20250909,10:00:00,38.1976,100,FORCE_1000,40.083333,37.3025,2.824405,0.445522,7.301348,5.0,5.0,3.81976,-109.38976,-2.7903202026360026
000831.SZ,中国稀土,20250909,09:39:00,51.6468,20250910,09:32:00,52.2425,100,SELLBACK,55.215,49.4575,3.94,0.734518,7.494626,5.0,5.0,5.22425,44.34575,0.857804544962164
002436.SZ,兴森科技,20250909,10:25:00,19.0295,20250910,09:54:00,19.2311,100,SELLBACK,18.924,17.9265,1.373571,0.43973,7.290719,5.0,5.0,1.92311,8.23689,0.4317141434523966
600601.SH,方正科技,20250909,10:47:00,8.8744,20250910,10:00:00,8.7056,100,FORCE_1000,9.122,8.01,0.767857,0.367256,8.274323,5.0,5.0,0.87056,-27.75056,-3.1095154856348888
300458.SZ,全志科技,20250909,11:30:00,37.6397,20250910,10:00:00,37.5979,100,FORCE_1000,39.173333,37.59375,2.866667,0.432558,7.34415,5.0,5.0,3.75979,-17.93979,-0.47598654274244684
300604.SZ,长川科技,20250909,13:22:00,55.9279,20250910,09:32:00,56.605,100,SELLBACK,57.498,52.962,4.099286,0.431295,7.019325,5.0,5.0,5.6605,52.0495,0.9298223048738877
300548.SZ,长芯博创,20250910,09:34:00,115.6778,20250911,09:31:00,120.1096,100,SELLBACK,122.322,117.1075,15.397857,0.296924,13.375484,5.0,5.0,12.01096,421.16904,3.6393074092828166
688498.SH,源杰科技,20250910,09:34:00,224.5329,20250911,09:31:00,239.6401,100,SELLBACK,244.871724,210.362414,30.364532,0.369396,13.711367,5.613323,5.991002,23.96401,1475.151665,6.568226612927039
688709.SH,成都华微,20250910,09:34:00,46.8244,20250911,10:00:00,47.0275,100,FORCE_1000,50.931,43.831,5.332857,0.918832,11.436292,5.0,5.0,4.70275,5.60725,0.11962286450599902
002131.SZ,利欧股份,20250910,09:35:00,5.3777,20250911,09:31:00,5.8862,100,SELLBACK,5.451,5.022,0.439286,0.468943,8.157581,5.0,5.0,0.58862,40.26138,7.417760745803932
601869.SH,长飞光纤,20250910,09:40:00,86.078,20250911,09:31:00,88.572,100,SELLBACK,87.623,72.3184,8.523429,0.424477,9.640252,5.0,5.0,8.8572,230.5428,2.676746238157161
000831.SZ,中国稀土,20250910,10:15:00,52.7852,20250911,09:31:00,53.5706,100,SELLBACK,53.259,49.989,3.925,0.465732,7.584395,5.0,5.0,5.35706,63.18294,1.195849358003755
688629.SH,华丰科技,20250910,10:17:00,76.8284,20250911,09:31:00,77.6534,100,SELLBACK,80.564,75.8915,8.086429,0.336861,10.419313,5.0,5.0,7.76534,64.73466,0.8420396366209495
300724.SZ,捷佳伟创,20250910,10:22:00,93.1249,20250911,09:55:00,94.8575,100,SELLBACK,101.732,87.533,8.83,0.886976,9.39062,5.0,5.0,9.48575,153.77425,1.6503827747601552
688235.SH,百济神州,20250911,09:35:00,280.3401,20250912,09:31:00,312.5406,100,SELLBACK,317.218,274.724,22.358571,1.436496,7.0534,7.008503,7.813515,31.25406,3173.973922,11.319039362700124
688331.SH,荣昌生物,20250911,09:35:00,94.017,20250912,09:31:00,112.8306,100,SELLBACK,96.152,86.654,7.766429,0.405849,7.529257,5.0,5.0,11.28306,1860.07694,19.77395834883647
688411.SH,海博思创,20250911,09:35:00,163.992,20250912,09:31:00,175.137,100,SELLBACK,169.808,126.362,15.037857,0.556462,9.123806,5.0,5.0,17.5137,1086.9863,6.6262682727594155
600021.SH,上海电力,20250911,09:36:00,19.4997,20250912,09:31:00,22.0369,100,SELLBACK,20.784,15.7275,1.622857,0.889789,7.947391,5.0,5.0,2.20369,241.51631,12.353965022481162
300972.SZ,万辰集团,20250911,09:40:00,170.7881,20250912,09:31:00,173.003,100,SELLBACK,186.030791,174.038291,13.057143,0.787921,7.399375,5.0,5.0,17.3003,194.1897,1.1366884787409834
300724.SZ,捷佳伟创,20250911,13:24:00,97.7889,20250912,10:00:00,97.6112,100,FORCE_1000,98.174,88.8655,8.809286,0.606633,9.406605,5.0,5.0,9.76112,-37.53112,-0.3836012056554193
601212.SH,白银有色,20250912,09:40:00,3.7119,20250915,09:31:00,3.7943,100,SELLBACK,4.124,3.7345,0.307857,1.052436,8.059088,5.0,5.0,0.37943,-2.13943,-0.5687099603923549
300207.SZ,欣旺达,20250912,09:44:00,27.864,20250915,09:31:00,30.1248,100,SELLBACK,28.698054,24.590054,1.963571,0.447144,7.035355,5.0,5.0,3.01248,213.06752,7.632998495378662
688411.SH,海博思创,20250912,09:44:00,171.6258,20250915,09:31:00,195.4165,100,SELLBACK,173.968,130.422,16.182143,0.336667,9.193877,5.0,5.0,19.54165,2349.52835,13.685844772530551
688336.SH,三生国健,20250912,09:59:00,37.872,20250915,09:31:00,38.4023,100,SELLBACK,39.185517,36.979655,2.789163,0.430731,7.391278,5.0,5.0,3.84023,39.18977,1.0334309899266918
300751.SZ,迈为股份,20250912,10:01:00,90.4852,20250915,09:31:00,92.581,100,SELLBACK,93.736,88.1205,6.624286,0.444727,7.139778,5.0,5.0,9.2581,190.3219,2.1021867737631332
688772.SH,珠海冠宇,20250912,10:58:00,21.7609,20250915,09:31:00,22.8457,100,SELLBACK,22.692,20.3385,1.73,0.428902,7.764811,5.0,5.0,2.28457,96.19543,4.410429189075187
600521.SH,华海药业,20250912,14:57:00,24.8367,20250915,10:00:00,24.4378,100,FORCE_1000,25.188,23.684,1.691429,0.448142,7.206769,5.0,5.0,2.44378,-52.33378,-2.102881458771151
601212.SH,白银有色,20250915,09:35:00,3.922,20250916,09:31:00,4.004,100,SELLBACK,4.1,3.7645,0.33,0.969697,8.312343,5.0,5.0,0.4004,-2.2004,-0.5539778449144008
601212.SH,白银有色,20250916,09:37:00,3.8919,20250917,10:00:00,3.7781,100,FORCE_1000,4.058,3.7915,0.340714,0.375681,8.736264,5.0,5.0,0.37781,-21.75781,-5.519625053908014
688778.SH,厦钨新能,20250916,10:09:00,82.7113,20250917,10:00:00,81.1294,100,FORCE_1000,84.174,65.0085,6.695,0.414339,8.113185,5.0,5.0,8.11294,-176.30294,-2.130258224556647
601869.SH,长飞光纤,20250916,10:18:00,87.4687,20250917,09:31:00,96.54,100,SELLBACK,88.869,79.298,9.007143,0.312419,10.394256,5.0,5.0,9.654,887.476,10.140415705443523
600021.SH,上海电力,20250916,10:31:00,20.8004,20250917,10:00:00,20.4498,100,FORCE_1000,21.586,17.2525,1.957857,0.386136,9.187504,5.0,5.0,2.04498,-47.10498,-2.2591883129340444
688234.SH,天岳先进,20250917,09:38:00,85.2526,20250918,09:38:00,86.4502,100,SELLBACK,87.87,72.9975,7.204286,0.387269,8.196002,5.0,5.0,8.64502,101.11498,1.1853680896010204
688331.SH,荣昌生物,20250917,09:48:00,103.7018,20250918,09:31:00,106.6299,100,SELLBACK,106.232,92.502,8.800714,0.367243,8.384827,5.0,5.0,10.66299,272.14701,2.623058202363718
600021.SH,上海电力,20250917,10:14:00,20.2601,20250918,10:00:00,19.6502,100,FORCE_1000,21.18,17.6515,1.968571,0.330189,9.510007,5.0,5.0,1.96502,-72.95502,-3.592056169098133
301200.SZ,大族数控,20250918,09:34:00,110.2851,20250919,09:31:00,111.8121,100,SELLBACK,114.55,94.0935,8.352143,0.528008,7.437349,5.0,5.0,11.18121,131.51879,1.191994116106298
600977.SH,中国电影,20250918,09:52:00,19.3377,20250919,10:00:00,16.4997,100,FORCE_1000,19.808,15.743,1.472857,0.43453,7.405758,5.0,5.0,1.64997,-295.44997,-15.239041763592379
688234.SH,天岳先进,20250918,09:59:00,85.2526,20250919,09:31:00,88.7467,100,SELLBACK,88.52,73.937,7.248571,0.444225,8.522718,5.0,5.0,8.87467,330.53533,3.8748564522066147
688778.SH,厦钨新能,20250918,10:03:00,80.4302,20250919,09:31:00,83.5445,100,SELLBACK,82.84,67.3425,6.799286,0.541233,8.594723,5.0,5.0,8.35445,293.07555,3.641585756496629
301377.SZ,鼎泰高科,20250918,11:15:00,83.7422,20250919,10:00:00,83.2084,100,FORCE_1000,85.96,73.944,6.995,0.426019,8.280066,5.0,5.0,8.32084,-71.70084,-0.8556982630841534
002851.SZ,麦格米特,20250918,13:25:00,82.0463,20250919,10:00:00,79.7501,100,FORCE_1000,83.498,79.5435,5.860714,0.506423,7.119429,5.0,5.0,7.97501,-247.59501,-3.0159094867856404
603179.SH,新泉股份,20250919,09:36:00,52.5834,20250922,09:31:00,55.4168,100,SELLBACK,54.194286,43.711071,4.816837,0.839614,8.680102,5.0,5.0,5.54168,267.79832,5.087992035475572
600021.SH,上海电力,20250919,09:38:00,19.4697,20250922,09:31:00,19.7404,100,SELLBACK,20.646,18.3165,1.992143,0.710792,10.289994,5.0,5.0,1.97404,15.09596,0.7733704923743705
300953.SZ,震裕科技,20250919,10:44:00,115.1504,20250922,10:00:00,113.736,100,FORCE_1000,118.381429,106.5075,9.760204,0.376456,8.046335,5.0,5.0,11.3736,-162.8136,-1.4133075926819698
600601.SH,方正科技,20250919,10:46:00,11.4357,20250922,09:38:00,11.5626,100,SELLBACK,11.752,9.598,0.898571,0.402862,7.693249,5.0,5.0,1.15626,1.53374,0.1335347432024169
301200.SZ,大族数控,20250919,10:58:00,109.6526,20250922,09:31:00,113.849,100,SELLBACK,113.89,95.378,8.307857,0.442954,7.498066,5.0,5.0,11.3849,398.2551,3.6303159633408875
002195.SZ,岩山科技,20250919,11:02:00,8.1421,20250922,10:00:00,7.8841,100,FORCE_1000,8.474,8.003,0.671429,0.39617,8.042987,5.0,5.0,0.78841,-36.58841,-4.466304122264134
688331.SH,荣昌生物,20250919,13:18:00,100.5202,20250922,09:31:00,101.6773,100,SELLBACK,105.246,95.1505,8.520714,0.37978,8.145998,5.0,5.0,10.16773,95.54227,0.9500057671159051
688702.SH,盛科通信-U,20250919,13:34:00,129.9649,20250922,09:38:00,131.7721,100,SELLBACK,133.386,122.0005,11.492143,0.350326,8.351848,5.0,5.0,13.17721,157.54279,1.2117287326298753
600977.SH,中国电影,20250922,09:36:00,17.2266,20250923,10:00:00,15.98,100,FORCE_1000,19.852,16.285,1.652857,1.291098,8.830308,5.0,5.0,1.598,-136.258,-7.8868527372283905
301377.SZ,鼎泰高科,20250922,09:45:00,80.5803,20250923,09:31:00,87.8181,100,SELLBACK,84.154,76.004,6.722143,0.446881,8.232876,5.0,5.0,8.78181,704.99819,8.743588824548588
300757.SZ,罗博特科,20250922,09:53:00,279.1395,20250923,09:31:00,294.5576,100,SELLBACK,285.742,264.552,21.095,0.571794,7.569614,6.978487,7.36394,29.45576,1498.011812,5.365193398459686
600601.SH,方正科技,20250922,10:38:00,11.4257,20250923,09:31:00,11.9121,100,SELLBACK,11.75,9.768,0.88,0.431818,7.794508,5.0,5.0,1.19121,37.44879,3.2633120419669384
688234.SH,天岳先进,20250922,10:52:00,87.6538,20250923,10:00:00,83.6781,100,FORCE_1000,86.54,76.0035,7.595714,0.372579,8.842508,5.0,5.0,8.36781,-415.93781,-4.742528944013828
688411.SH,海博思创,20250922,11:11:00,199.6065,20250923,09:31:00,238.3221,100,SELLBACK,201.908,158.6465,20.434286,0.317995,10.196241,5.0,5.958052,23.83221,3836.769737,19.216853631111434
600021.SH,上海电力,20250922,11:24:00,19.2572,20250923,09:32:00,19.5906,100,SELLBACK,20.164,18.618,1.964286,0.332945,10.114757,5.0,5.0,1.95906,21.38094,1.10740759923759
600143.SH,金发科技,20250923,09:34:00,21.4907,20250924,10:00:00,20.2299,100,FORCE_1000,21.516,18.09,1.537143,0.602416,7.375925,5.0,5.0,2.02299,-138.10299,-6.411258222806129
600021.SH,上海电力,20250923,09:42:00,19.5598,20250924,10:00:00,18.1509,100,FORCE_1000,19.76,18.8965,1.907857,0.345938,9.890395,5.0,5.0,1.81509,-152.70509,-7.787182429193567
600601.SH,方正科技,20250923,09:48:00,11.1456,20250924,10:00:00,10.4848,100,FORCE_1000,11.638,9.9345,0.839286,0.498043,7.381581,5.0,5.0,1.04848,-77.12848,-6.889177891314445
300763.SZ,锦浪科技,20250923,10:05:00,82.2011,20250924,09:34:00,83.1751,100,SELLBACK,83.636,78.558,5.922143,0.512652,7.283413,5.0,5.0,8.31751,79.08249,0.9614763814708861
688234.SH,天岳先进,20250923,10:06:00,83.942,20250924,10:00:00,82.5187,100,FORCE_1000,86.266,77.1155,7.626429,0.348263,8.707957,5.0,5.0,8.25187,-160.58187,-1.9118710115249076
002131.SZ,利欧股份,20250923,10:17:00,6.1481,20250924,10:00:00,5.8921,100,FORCE_1000,6.323,5.768,0.452857,0.459306,7.070369,5.0,5.0,0.58921,-36.18921,-5.83875865184492
301377.SZ,鼎泰高科,20250923,10:44:00,81.3907,20250924,10:00:00,78.5607,100,FORCE_1000,83.322,76.5025,6.386429,0.396466,7.753343,5.0,5.0,7.85607,-300.85607,-3.694173429255888
300953.SZ,震裕科技,20250923,14:36:00,114.9224,20250924,09:34:00,116.2469,100,SELLBACK,120.355714,109.052143,8.888265,0.418529,7.559426,5.0,5.0,11.62469,110.82531,0.9639296909519155
301200.SZ,大族数控,20250924,09:35:00,103.6218,20250925,10:00:00,103.2484,100,FORCE_1000,111.15,99.0025,8.705714,0.867246,8.25108,5.0,5.0,10.32484,-57.66484,-0.5562249329132899
601869.SH,长飞光纤,20250924,09:35:00,108.7594,20250925,10:00:00,105.982,100,FORCE_1000,112.205,93.666,10.0,0.54,8.548835,5.0,5.0,10.5982,-298.3382,-2.741842157019522
688234.SH,天岳先进,20250924,10:00:00,82.6082,20250925,09:31:00,86.2704,100,SELLBACK,85.36,78.0535,7.702143,0.386905,9.238506,5.0,5.0,8.62704,347.59296,4.205184240644002
688702.SH,盛科通信-U,20250924,13:13:00,130.9855,20250925,09:31:00,133.6892,100,SELLBACK,135.706,122.236,11.555714,0.53705,8.438524,5.0,5.0,13.36892,247.00108,1.8849936086022492
600170.SH,上海建工,20250925,09:34:00,3.1866,20250926,10:00:00,2.9835,100,FORCE_1000,3.439,2.778,0.251429,1.169318,7.820484,5.0,5.0,0.29835,-30.60835,-9.45694556015572
688702.SH,盛科通信-U,20250925,09:34:00,133.4967,20250926,10:00:00,127.1764,100,FORCE_1000,135.33,122.9845,11.724286,0.411965,8.6227,5.0,5.0,12.71764,-654.74764,-4.902761655660529
688498.SH,源杰科技,20250925,09:43:00,257.5425,20250926,09:31:00,262.5712,100,SELLBACK,268.405517,249.806552,24.15665,0.410482,9.176856,6.438562,6.56428,26.25712,463.610037,1.7996802992093934
603119.SH,浙江荣泰,20250925,09:51:00,79.863,20250926,09:31:00,82.6528,100,SELLBACK,84.233846,73.409231,6.60989,0.422909,7.943845,5.0,5.0,8.26528,260.71472,3.2624819491196675
301377.SZ,鼎泰高科,20250925,09:52:00,77.0385,20250926,09:31:00,78.0328,100,SELLBACK,81.23,77.26,6.277143,0.533682,7.875963,5.0,5.0,7.80328,81.62672,1.0588702595069304
300620.SZ,光库科技,20250925,09:54:00,124.4622,20250926,09:35:00,126.0108,100,SELLBACK,129.198,106.496,11.775,0.670743,9.463913,5.0,5.0,12.60108,132.25892,1.0622165538798607
300475.SZ,香农芯创,20250926,09:34:00,81.3435,20250929,09:33:00,82.3591,100,SELLBACK,82.706823,63.611823,7.295714,0.387077,9.067187,5.0,5.0,8.23591,83.32409,1.023719215907904
688498.SH,源杰科技,20250926,09:34:00,263.1384,20250929,10:00:00,258.836,100,FORCE_1000,267.215172,252.078621,22.683744,0.356081,8.644719,6.57846,6.4709,25.8836,-469.17296,-1.782543695925722
601869.SH,长飞光纤,20250926,09:35:00,108.7493,20250929,10:00:00,102.9235,100,FORCE_1000,114.015,96.667,9.802143,0.801865,9.094162,5.0,5.0,10.29235,-602.87235,-5.541141808816785
301200.SZ,大族数控,20250926,09:43:00,101.6208,20250929,10:00:00,97.7311,100,FORCE_1000,107.924,100.622,8.392143,0.717814,8.205067,5.0,5.0,9.77311,-408.74311,-4.020260586126991
301377.SZ,鼎泰高科,20250926,09:49:00,76.5683,20250929,10:00:00,72.7636,100,FORCE_1000,80.244,77.331,5.977143,0.479159,7.702504,5.0,5.0,7.27636,-397.74636,-5.1912710148880885
300857.SZ,协创数据,20250926,09:57:00,115.7078,20250929,09:31:00,117.0813,100,SELLBACK,120.791429,96.926071,8.57602,0.465417,7.169729,5.0,5.0,11.70813,115.64187,0.9989985124112586
600601.SH,方正科技,20250926,10:00:00,10.5253,20250929,10:00:00,10.3548,100,FORCE_1000,11.014,10.274,0.79,0.448101,7.35568,5.0,5.0,1.03548,-28.08548,-2.6557620114795797
688331.SH,荣昌生物,20250926,10:02:00,101.3506,20250929,09:31:00,107.3388,100,SELLBACK,104.564,100.6485,8.297143,0.380131,7.647136,5.0,5.0,10.73388,578.08612,5.701012814519836
300620.SZ,光库科技,20250929,09:34:00,120.3601,20250930,09:31:00,125.9708,100,SELLBACK,128.774,108.915,11.735714,0.935094,9.805911,5.0,5.0,12.59708,538.47292,4.471991303055143
603179.SH,新泉股份,20250929,09:34:00,56.5783,20250930,09:31:00,59.4607,100,SELLBACK,56.824286,49.940714,4.697449,0.493277,8.630484,5.0,5.0,5.94607,272.29393,4.808442598488742
688702.SH,盛科通信-U,20250929,09:34:00,128.074,20250930,10:00:00,125.7171,100,FORCE_1000,133.842,123.108,11.88,0.782155,9.476707,5.0,5.0,12.57171,-258.26171,-2.0157168836439694
688778.SH,厦钨新能,20250929,10:03:00,80.03,20250930,09:31:00,83.5745,100,SELLBACK,84.41,77.5745,6.81,0.574156,8.597399,5.0,5.0,8.35745,336.09255,4.196959915084916
002402.SZ,和而泰,20250929,10:06:00,50.045,20250930,09:31:00,51.1931,100,SELLBACK,52.228,41.6235,3.594286,0.508585,7.491217,5.0,5.0,5.11931,99.69069,1.9900327377981837
688498.SH,源杰科技,20250929,10:13:00,266.6892,20250930,09:31:00,285.2268,100,SELLBACK,262.801379,254.39931,21.189655,0.376306,8.410895,6.66723,7.13067,28.52268,1811.43942,6.790626217078407
300757.SZ,罗博特科,20250929,10:20:00,268.6142,20250930,09:31:00,274.2581,100,SELLBACK,285.738,269.243,20.318571,0.736174,7.532371,6.715355,6.856453,27.42581,523.392383,1.948004117459531
600170.SH,上海建工,20250929,13:28:00,2.9865,20250930,10:00:00,2.9335,100,FORCE_1000,3.175,2.8375,0.269286,0.928382,9.206349,5.0,5.0,0.29335,-15.59335,-5.135303803721389
002402.SZ,和而泰,20250930,09:34:00,50.6853,20251009,10:00:00,48.8656,100,FORCE_1000,52.282,42.1455,3.822143,0.646758,7.607768,5.0,5.0,4.88656,-196.85656,-3.8800708776729422
601869.SH,长飞光纤,20250930,09:35:00,104.6273,20251009,10:00:00,99.6951,100,FORCE_1000,108.545,97.933,9.390714,0.351411,8.92187,5.0,5.0,9.96951,-513.18951,-4.9025864251370646
001221.SZ,悍高集团,20250930,10:07:00,61.0505,20251009,10:00:00,60.2299,100,FORCE_1000,65.176,57.3425,4.478571,0.720319,7.216519,5.0,5.0,6.02299,-98.08299,-1.6052731156046183
300620.SZ,光库科技,20250930,10:12:00,120.9604,20251009,10:00:00,116.6317,100,FORCE_1000,126.172,109.647,12.155714,0.311952,9.724571,5.0,5.0,11.66317,-454.53317,-3.756149636725438
300757.SZ,罗博特科,20250930,10:19:00,268.0353,20251009,10:00:00,256.1818,100,FORCE_1000,282.078,269.778,19.525,0.464942,7.290889,6.700882,6.404545,25.61818,-1224.073607,-4.5656958806684385
688629.SH,华丰科技,20250930,14:01:00,99.2896,20251009,09:32:00,100.3493,100,SELLBACK,102.112,91.428,7.525714,0.418831,7.584876,5.0,5.0,10.03493,85.93507,0.8650635798815377
688702.SH,盛科通信-U,20251009,11:15:00,127.8639,20251010,10:00:00,120.8995,100,FORCE_1000,129.372,123.94,12.017143,0.337185,9.498216,5.0,5.0,12.08995,-718.52995,-5.617293742118722
688629.SH,华丰科技,20251009,11:16:00,98.0321,20251010,10:00:00,92.9535,100,FORCE_1000,101.032,92.073,7.737857,0.407348,7.863676,5.0,5.0,9.29535,-527.15535,-5.374633597771663
001221.SZ,悍高集团,20251009,14:31:00,61.5949,20251010,09:44:00,62.8157,100,SELLBACK,64.74,57.75,4.457143,0.901923,7.317588,5.0,5.0,6.28157,105.79843,1.7162560082018135
002335.SZ,科华数据,20251009,14:33:00,48.9141,20251010,10:00:00,48.7273,100,FORCE_1000,50.70069,45.484828,3.491626,0.595711,7.130785,5.0,5.0,4.87273,-33.55273,-0.6852516435510915
300604.SZ,长川科技,20251010,09:34:00,97.5087,20251013,10:00:00,93.6631,100,FORCE_1000,97.794,72.3165,7.111429,0.475854,7.451203,5.0,5.0,9.36631,-403.92631,-4.140341250959678
002402.SZ,和而泰,20251010,09:40:00,48.024,20251013,10:00:00,47.5362,100,FORCE_1000,50.162,43.503,3.943571,0.383409,7.799785,5.0,5.0,4.75362,-63.53362,-1.321579648042601
300620.SZ,光库科技,20251010,09:47:00,110.0941,20251013,10:00:00,103.918,100,FORCE_1000,121.148,111.1085,11.578571,0.538754,9.967778,5.0,5.0,10.3918,-638.0018,-5.792428282586176
688411.SH,海博思创,20251010,09:48:00,290.6452,20251013,09:35:00,293.9685,100,SELLBACK,296.428,221.8595,26.412857,0.378149,8.509023,7.26613,7.349213,29.39685,288.317808,0.9917443899412727
300115.SZ,长盈精密,20251010,11:08:00,39.0795,20251013,10:00:00,35.7621,100,FORCE_1000,40.136,32.0195,3.331429,0.36801,8.109612,5.0,5.0,3.57621,-345.31621,-8.82495840733973
603179.SH,新泉股份,20251013,10:35:00,54.7274,20251014,09:31:00,55.4168,100,SELLBACK,58.327143,53.965,4.326531,0.589057,7.382258,5.0,5.0,5.54168,53.39832,0.9748239237349708
000559.SZ,万向钱潮,20251014,09:34:00,11.2856,20251015,09:31:00,11.4129,100,SELLBACK,12.148,10.1315,1.034286,0.761878,9.292774,5.0,5.0,1.14129,1.58871,0.1401522636649141
002850.SZ,科达利,20251014,09:34:00,172.7863,20251015,10:00:00,160.9195,100,FORCE_1000,184.346,165.637,12.617143,0.851698,7.356506,5.0,5.0,16.09195,-1212.77195,-7.016882159592631
300857.SZ,协创数据,20251014,09:34:00,114.9574,20251015,10:00:00,105.7757,100,FORCE_1000,123.82,111.703214,9.191327,0.905201,8.068128,5.0,5.0,10.57757,-938.74757,-8.162497108881688
603786.SH,科博达,20251014,09:34:00,94.9074,20251015,10:00:00,87.1664,100,FORCE_1000,99.964,82.5295,7.265714,0.768541,7.866733,5.0,5.0,8.71664,-792.81664,-8.349182264889308
300604.SZ,长川科技,20251014,09:38:00,91.5257,20251015,10:00:00,83.7081,100,FORCE_1000,97.158,76.106,7.290714,0.51545,7.910931,5.0,5.0,8.37081,-800.13081,-8.737370394111101
300953.SZ,震裕科技,20251014,09:38:00,121.3678,20251015,10:00:00,117.6126,100,FORCE_1000,126.99,119.043571,8.607143,0.468548,7.125961,5.0,5.0,11.76126,-397.28126,-3.272018270797197
300115.SZ,长盈精密,20251014,09:41:00,36.098,20251015,10:00:00,34.7026,100,FORCE_1000,39.494,33.2325,3.889286,0.800661,10.740916,5.0,5.0,3.47026,-153.01026,-4.232883147062078
603179.SH,新泉股份,20251014,09:44:00,54.7274,20251015,10:00:00,49.3682,100,FORCE_1000,58.325714,54.4475,4.382653,0.72624,8.053175,5.0,5.0,4.93682,-550.85682,-10.05627904938898
688172.SH,燕东微,20251016,09:47:00,27.1146,20251017,10:00:00,25.6472,100,FORCE_1000,29.416,24.994,2.530714,1.009992,9.435922,5.0,5.0,2.56472,-159.30472,-5.864423551239481
300432.SZ,富临精工,20251016,10:00:00,18.9595,20251017,10:00:00,18.4108,100,FORCE_1000,19.674,17.309,1.525,0.396066,7.776645,5.0,5.0,1.84108,-66.71108,-3.5093547962860674
688361.SH,中科飞测,20251016,10:04:00,125.0025,20251017,10:00:00,115.6122,100,FORCE_1000,128.876,108.565,11.137857,0.707138,8.910999,5.0,5.0,11.56122,-960.59122,-7.681503528518023
000021.SZ,深科技,20251016,10:06:00,28.8844,20251017,09:31:00,29.3859,100,SELLBACK,30.204,24.663,2.145714,0.425965,7.328259,5.0,5.0,2.93859,37.21141,1.2860612281574872
600105.SH,永鼎股份,20251016,10:07:00,14.4422,20251017,10:00:00,13.5382,100,FORCE_1000,14.964,12.288,1.184286,0.404463,7.988437,5.0,5.0,1.35382,-101.75382,-7.0212817929644915
603156.SH,养元饮品,20251016,10:10:00,28.7143,20251017,10:00:00,28.086,100,FORCE_1000,30.386,24.353,2.205,0.855329,7.775035,5.0,5.0,2.8086,-75.6386,-2.6295998859697605
688347.SH,华虹宏力,20251016,10:37:00,122.7282,20251017,10:00:00,118.7406,100,FORCE_1000,125.046,94.646,12.350714,0.305731,9.875041,5.0,5.0,11.87406,-420.63406,-3.4259669876248386
688037.SH,芯源微,20251016,13:03:00,136.9124,20251017,10:00:00,128.4298,100,FORCE_1000,147.19,135.185,10.374286,1.039686,7.468135,5.0,5.0,12.84298,-871.10298,-6.360161474974153
603156.SH,养元饮品,20251028,13:35:00,27.8572,20251029,10:00:00,27.986,100,FORCE_1000,28.94,27.6525,2.448571,0.371645,8.457932,5.0,5.0,2.7986,0.0814,0.0029168099988533427
300475.SZ,香农芯创,20251031,09:37:00,123.4795,20251103,09:31:00,128.5048,100,SELLBACK,129.664823,103.549823,12.665714,0.351105,9.857521,5.0,5.0,12.85048,479.67952,3.8831171501544164
001309.SZ,德明利,20251031,09:45:00,220.7103,20251103,09:37:00,223.6541,100,SELLBACK,229.588,198.4645,16.963571,0.471481,7.516315,5.517758,5.591353,22.36541,260.90548,1.1818219173845392
688347.SH,华虹宏力,20251031,09:51:00,127.8339,20251103,10:00:00,121.0295,100,FORCE_1000,133.748,119.5825,11.329286,0.446454,8.496539,5.0,5.0,12.10295,-702.54295,-5.493599663444734
601611.SH,中国核建,20251031,10:02:00,13.5868,20251103,09:32:00,13.8292,100,SELLBACK,13.922,11.2925,1.210714,0.356814,8.236152,5.0,5.0,1.38292,12.85708,0.9428223630177167
301377.SZ,鼎泰高科,20251103,09:35:00,116.3481,20251104,09:31:00,119.5205,100,SELLBACK,122.844,86.742,10.502857,0.642111,8.601849,5.0,5.0,11.95205,295.28795,2.5368794679638245
300395.SZ,菲利华,20251103,13:11:00,77.2086,20251104,09:45:00,78.2625,100,SELLBACK,84.65,77.021,5.847143,1.168092,7.442901,5.0,5.0,7.82625,87.56375,1.133385150649895
601611.SH,中国核建,20251103,13:15:00,13.3365,20251104,10:00:00,13.1034,100,FORCE_1000,13.92,11.522,1.224286,0.473746,9.26086,5.0,5.0,1.31034,-34.62034,-2.5862129757591603
688122.SH,西部超导,20251103,13:15:00,77.3286,20251104,10:00:00,75.6621,100,FORCE_1000,80.888,72.832,6.110714,0.456248,7.854389,5.0,5.0,7.56621,-184.21621,-2.380712625971522
601608.SH,中信重工,20251103,13:16:00,7.3328,20251104,09:31:00,7.426,100,SELLBACK,7.6272,6.4267,0.55,0.418182,7.355695,5.0,5.0,0.7426,-1.4226,-0.19269111990030885
300475.SZ,香农芯创,20251103,13:25:00,142.4248,20251104,09:33:00,144.8902,100,SELLBACK,130.661823,106.148573,12.887143,0.318457,9.730712,5.0,5.0,14.48902,222.05098,1.558528104619203
688772.SH,珠海冠宇,20251103,13:29:00,25.9204,20251104,10:00:00,25.3973,100,FORCE_1000,27.218,24.5365,1.895714,0.653052,7.15094,5.0,5.0,2.53973,-64.84973,-2.497063195022025
301200.SZ,大族数控,20251103,13:40:00,124.9159,20251104,10:00:00,121.939,100,FORCE_1000,121.89,103.182,8.532143,0.67275,7.315564,5.0,5.0,12.1939,-319.8839,-2.5597695051209968
301377.SZ,鼎泰高科,20251104,09:40:00,116.9985,20251105,10:00:00,115.892,100,FORCE_1000,124.218,89.047,10.808571,0.62802,9.240465,5.0,5.0,11.5892,-132.2392,-1.1297812445268416
601608.SH,中信重工,20251104,09:45:00,7.3529,20251105,10:00:00,7.1236,100,FORCE_1000,7.5872,6.5337,0.558571,0.483376,7.612869,5.0,5.0,0.71236,-33.64236,-4.544483918464386
300475.SZ,香农芯创,20251114,09:37:00,171.5263,20251117,09:31:00,178.31,100,SELLBACK,186.003823,141.112323,19.038571,0.486696,9.870282,5.0,5.0,17.831,650.539,3.7915434707474174
001309.SZ,德明利,20251114,09:41:00,263.3489,20251117,09:31:00,273.0699,100,SELLBACK,281.056,232.558,21.875714,0.851446,7.501188,6.583723,6.826748,27.30699,931.38254,3.5358027034168718
601179.SH,中国西电,20251114,09:41:00,9.4307,20251117,10:00:00,9.0915,100,FORCE_1000,10.11,8.334,0.744286,0.757774,7.636833,5.0,5.0,0.90915,-44.82915,-4.728464142943032
688599.SH,天合光能,20251114,10:00:00,21.5308,20251117,10:00:00,20.3598,100,FORCE_1000,21.704,19.9835,1.560714,0.431854,7.327297,5.0,5.0,2.03598,-129.13598,-5.9838365584223006
000559.SZ,万向钱潮,20251114,10:05:00,13.0665,20251117,10:00:00,12.8336,100,FORCE_1000,14.006,12.2345,1.022143,0.475472,7.193124,5.0,5.0,1.28336,-34.57336,-2.635867800099112
688676.SH,金盘科技,20251114,10:21:00,80.4102,20251117,10:00:00,76.7816,100,FORCE_1000,84.494,73.367,7.857857,1.01478,9.993459,5.0,5.0,7.67816,-380.53816,-4.729520433705111
688313.SH,仕佳光子,20251114,10:59:00,79.7098,20251117,10:00:00,77.911,100,FORCE_1000,79.788,70.902,6.652143,0.390551,8.167149,5.0,5.0,7.7911,-197.6711,-2.4783299356317343
301377.SZ,鼎泰高科,20251114,13:05:00,112.3862,20251117,09:31:00,114.6279,100,SELLBACK,112.156,107.1745,10.924286,0.327344,9.745126,5.0,5.0,11.46279,202.70721,1.8028642910379398
301377.SZ,鼎泰高科,20251222,09:48:00,118.5292,20251223,09:31:00,125.821,100,SELLBACK,117.56,107.9105,8.780714,0.460099,7.791228,5.0,5.0,12.5821,706.5979,5.958868840403713
600879.SH,航天电子,20251224,09:34:00,15.8169,20251225,09:31:00,16.9136,100,SELLBACK,17.141,13.932,1.211429,1.371934,7.55773,5.0,5.0,1.69136,97.97864,6.175033560430833
601399.SH,国机重装,20251224,09:35:00,5.1025,20251225,09:31:00,5.1722,100,SELLBACK,5.396,4.5365,0.480714,0.61575,9.173937,5.0,5.0,0.51722,-3.54722,-0.6884463852498787
688313.SH,仕佳光子,20251224,10:06:00,93.8769,20251225,09:31:00,94.9574,100,SELLBACK,97.26,90.023,7.615714,0.391296,7.932209,5.0,5.0,9.49574,88.55426,0.9427997730149722
601399.SH,国机重装,20251225,09:40:00,5.3227,20251226,10:00:00,5.0375,100,FORCE_1000,5.372,4.633,0.475714,0.403604,9.148352,5.0,5.0,0.50375,-39.02375,-7.26334059225343
688313.SH,仕佳光子,20251225,09:56:00,92.9865,20251226,09:31:00,95.0572,100,SELLBACK,95.736,90.803,7.603571,0.388765,8.090627,5.0,5.0,9.50572,187.56428,2.016028977874275
300548.SZ,长芯博创,20251226,10:09:00,143.5818,20251229,10:00:00,141.7291,100,FORCE_1000,150.588,135.289,12.697143,0.42356,8.6024,5.0,5.0,14.17291,-209.44291,-1.4581931717071013
003031.SZ,中瓷电子,20251226,10:50:00,77.2897,20251229,10:00:00,74.7926,100,FORCE_1000,75.796,66.1755,5.297857,0.459809,7.067579,5.0,5.0,7.47926,-267.18926,-3.454749113327308
601869.SH,长飞光纤,20251226,11:22:00,120.9154,20251229,09:32:00,122.521,100,SELLBACK,124.529,99.8605,8.940714,0.44672,7.169491,5.0,5.0,12.2521,138.3079,1.1433674422603486
688313.SH,仕佳光子,20251226,13:01:00,91.6758,20251229,10:00:00,90.8246,100,FORCE_1000,95.512,91.7485,7.206429,0.404084,7.494206,5.0,5.0,9.08246,-104.20246,-1.136021272095746
601399.SH,国机重装,20251229,09:35:00,4.9473,20251230,10:00:00,4.7076,100,FORCE_1000,5.258,4.82,0.463571,0.470262,9.125422,5.0,5.0,0.47076,-34.44076,-6.891873611750345
601869.SH,长飞光纤,20251229,09:42:00,120.8854,20251230,09:40:00,122.6508,100,SELLBACK,125.801,101.5995,8.773571,0.695954,7.217185,5.0,5.0,12.26508,154.27492,1.275680404579635
300390.SZ,天华新能,20251229,09:51:00,53.0265,20251230,10:00:00,53.0735,100,FORCE_1000,53.764,51.5795,4.177857,0.412652,7.325718,5.0,5.0,5.30735,-10.60735,-0.19985021619737553
001203.SZ,大中矿业,20251230,09:44:00,29.925,20251231,09:31:00,30.8537,100,SELLBACK,31.218,27.9845,2.180714,0.46682,7.142857,5.0,5.0,3.08537,79.78463,2.6617057547956633
601869.SH,长飞光纤,20251230,10:06:00,121.6294,20251231,10:00:00,115.5072,100,FORCE_1000,124.541,103.3585,8.829286,0.658717,7.329945,5.0,5.0,11.55072,-633.77072,-5.208529299125407
300548.SZ,长芯博创,20251230,10:17:00,141.7044,20251231,09:49:00,143.2948,100,SELLBACK,148.37,137.193,11.998571,0.709251,8.42478,5.0,5.0,14.32948,134.71052,0.9503092672961122
688676.SH,金盘科技,20251230,13:11:00,87.5638,20251231,09:31:00,94.7577,100,SELLBACK,89.836,83.833,7.247143,0.388567,8.007893,5.0,5.0,9.47577,699.91423,7.9886299875133835
301377.SZ,鼎泰高科,20251231,09:44:00,137.4987,20260105,09:31:00,141.2878,100,SELLBACK,141.174,121.2095,10.514286,0.416005,7.306661,5.0,5.0,14.12878,354.78122,2.5793135085973184
001203.SZ,大中矿业,20251231,13:43:00,30.7272,20260105,10:00:00,29.8851,100,FORCE_1000,31.214,28.096,2.202857,0.442153,7.126681,5.0,5.0,2.98851,-97.19851,-3.158133618392837
301377.SZ,鼎泰高科,20260105,09:47:00,137.4187,20260106,09:31:00,149.0661,100,SELLBACK,141.39,123.1145,10.35,0.411594,7.467532,5.0,5.0,14.90661,1139.83339,8.291584848041772
300390.SZ,天华新能,20260105,10:13:00,53.3567,20260106,09:31:00,58.9914,100,SELLBACK,54.97,51.8135,4.609286,0.386177,8.440369,5.0,5.0,5.89914,547.57086,10.252849548839379
001203.SZ,大中矿业,20260106,09:42:00,29.7949,20260107,09:31:00,30.2046,100,SELLBACK,31.112,28.5375,2.217143,0.542139,7.221964,5.0,5.0,3.02046,27.94954,0.936493002154472
600105.SH,永鼎股份,20260106,09:50:00,24.9875,20260107,09:31:00,25.6465,100,SELLBACK,25.911,21.685,1.92,0.440625,7.222118,5.0,5.0,2.56465,53.33535,2.130218671992012
688676.SH,金盘科技,20260106,09:57:00,86.4316,20260107,09:40:00,88.1876,100,SELLBACK,90.53,85.6625,6.906429,0.401076,7.7305,5.0,5.0,8.81876,156.78124,1.8128855155316277
300751.SZ,迈为股份,20260106,10:06:00,186.2231,20260107,10:00:00,185.837,100,FORCE_1000,193.208,167.747,14.167143,0.467137,7.320386,5.0,5.0,18.5837,-67.1937,-0.36072680381654687
301377.SZ,鼎泰高科,20260107,09:34:00,139.5697,20260108,09:31:00,145.2918,100,SELLBACK,142.902,127.277,10.722857,0.59984,7.420662,5.0,5.0,14.52918,547.68082,3.9226614868818657
688387.SH,信科移动-U,20260107,09:37:00,12.1561,20260108,09:31:00,12.3315,100,SELLBACK,12.466,9.904,1.114286,0.418205,8.801625,5.0,5.0,1.23315,6.30685,0.5166965697479128
001203.SZ,大中矿业,20260107,09:56:00,29.975,20260108,10:00:00,28.8856,100,FORCE_1000,30.504,28.775,2.428571,0.405176,8.114171,5.0,5.0,2.88856,-121.82856,-4.057570691090757
688676.SH,金盘科技,20260107,10:32:00,87.3537,20260108,10:00:00,86.4368,100,FORCE_1000,89.106,85.928,6.878571,0.40648,8.030086,5.0,5.0,8.64368,-110.33368,-1.2623456444063579
300751.SZ,迈为股份,20260108,09:34:00,187.5137,20260109,09:31:00,223.1649,100,SELLBACK,192.056,172.686,13.106429,0.958003,7.142468,5.0,5.579122,22.31649,3532.224387,18.832132160967184
300395.SZ,菲利华,20260108,09:40:00,95.998,20260109,10:00:00,94.3928,100,FORCE_1000,101.124,96.9905,7.009286,0.539855,7.163297,5.0,5.0,9.43928,-179.95928,-1.87363901382642
001203.SZ,大中矿业,20260108,10:02:00,29.0245,20260109,10:00:00,27.956,100,FORCE_1000,30.204,28.8405,2.485,0.371831,8.56011,5.0,5.0,2.7956,-119.6456,-4.115138695420386
688387.SH,信科移动-U,20260108,10:35:00,12.9265,20260109,09:31:00,14.8577,100,SELLBACK,12.516,10.147,1.133571,0.331695,9.149083,5.0,5.0,1.48577,181.63423,13.997166416213924
300390.SZ,天华新能,20260108,13:36:00,52.5262,20260109,10:00:00,51.5642,100,FORCE_1000,55.612,52.6585,4.659286,0.373877,8.479137,5.0,5.0,5.15642,-111.35642,-2.1180005401683655
001309.SZ,德明利,20260109,09:47:00,231.7258,20260112,09:31:00,238.9112,100,SELLBACK,245.016,221.7295,16.921429,0.51745,7.067971,5.793145,5.97278,23.89112,682.882955,2.946207444016883
301377.SZ,鼎泰高科,20260112,09:41:00,141.9609,20260113,09:31:00,150.2743,100,SELLBACK,145.998,132.296,11.253571,0.436128,7.601197,5.0,5.0,15.02743,806.31257,5.677821702418617
001309.SZ,德明利,20260112,09:48:00,234.117,20260113,09:31:00,236.8443,100,SELLBACK,245.648,222.623,17.086429,0.441754,7.281666,5.852925,5.921108,23.68443,237.271537,1.0132208850340412
300475.SZ,香农芯创,20260112,09:53:00,163.9998,20260113,09:31:00,171.66,100,SELLBACK,168.501823,149.225823,12.712143,0.417239,7.708168,5.0,5.0,17.166,738.854,4.503839687704588
300223.SZ,君正股份,20260112,13:20:00,116.9084,20260113,09:31:00,119.0412,100,SELLBACK,120.576,105.474,8.3,0.499518,7.057823,5.0,5.0,11.90412,191.37588,1.6362730680310262
688172.SH,燕东微,20260113,09:42:00,33.8269,20260114,10:00:00,32.5637,100,FORCE_1000,35.514,30.0105,2.432857,0.572989,7.072259,5.0,5.0,3.25637,-139.57637,-4.120104555021268
300136.SZ,信维通信,20260113,09:56:00,72.4062,20260114,09:31:00,77.6035,100,SELLBACK,73.068,52.0235,6.688571,0.427296,8.052699,5.0,5.0,7.76035,501.96965,6.927904720368995
688037.SH,芯源微,20260113,10:24:00,186.047,20260114,10:00:00,185.6012,100,FORCE_1000,191.524,153.1735,14.047857,0.459857,7.352435,5.0,5.0,18.56012,-73.14012,-0.3930214887934786
600105.SH,永鼎股份,20260114,09:42:00,28.9695,20260115,10:00:00,27.3113,100,FORCE_1000,29.121,24.5235,2.352857,0.465817,8.213849,5.0,5.0,2.73113,-178.55113,-6.152798290804459
688629.SH,华丰科技,20260114,09:57:00,101.7308,20260115,09:31:00,112.6908,100,SELLBACK,105.7,94.99,8.227857,0.461846,8.025612,5.0,5.0,11.26908,1074.73092,10.559269724741798
688709.SH,成都华微,20260114,09:57:00,48.1751,20260115,10:00:00,47.5172,100,FORCE_1000,49.875,45.3305,3.542143,0.540351,7.363969,5.0,5.0,4.75172,-80.54172,-1.6701203315286022
688385.SH,复旦微电,20260114,10:00:00,84.9745,20260115,10:00:00,83.7901,100,FORCE_1000,88.754,75.003,6.58,0.418237,7.363309,5.0,5.0,8.37901,-136.81901,-1.609171591717681
300475.SZ,香农芯创,20260114,13:06:00,165.0703,20260115,10:00:00,162.9063,100,FORCE_1000,169.875823,152.006323,13.240714,0.446199,7.991845,5.0,5.0,16.29063,-242.69063,-1.4697806992840978
300058.SZ,蓝色光标,20260116,09:35:00,17.969,20260119,10:00:00,17.2714,100,FORCE_1000,19.728,12.718,2.058571,0.956003,11.187888,5.0,5.0,1.72714,-81.48714,-4.522289805205616
600637.SH,东方明珠,20260119,10:01:00,12.4662,20260120,10:00:00,11.8941,100,FORCE_1000,14.512,11.0965,0.954286,2.129341,7.185886,5.0,5.0,1.18941,-68.39941,-5.4648703280548405
002195.SZ,岩山科技,20260119,10:08:00,9.993,20260120,10:00:00,9.6832,100,FORCE_1000,11.822,8.7055,0.817857,2.707074,7.659273,5.0,5.0,0.96832,-41.94832,-4.176871452753161
002465.SZ,海格通信,20260120,09:36:00,18.6993,20260121,10:00:00,17.4113,100,FORCE_1000,23.088,17.979,1.893571,2.401811,9.790959,5.0,5.0,1.74113,-140.54113,-7.495806776786333
600498.SH,烽火通信,20260120,09:36:00,40.033,20260121,10:00:00,37.0645,100,FORCE_1000,42.619,34.9235,4.009286,0.677427,10.224379,5.0,5.0,3.70645,-310.55645,-7.747834493426139
601106.SH,中国一重,20260120,09:36:00,5.148,20260121,10:00:00,4.9675,100,FORCE_1000,5.806,4.721,0.442143,1.415832,8.602001,5.0,5.0,0.49675,-28.54675,-5.491871873797615
002153.SZ,石基信息,20260121,09:41:00,14.7073,20260122,10:00:00,13.8431,100,FORCE_1000,15.282,12.169,1.042857,0.558082,7.217004,5.0,5.0,1.38431,-97.80431,-6.627520616915018
688568.SH,中科星图,20260121,09:42:00,75.0355,20260122,10:00:00,75.1104,100,FORCE_1000,81.356,64.716,9.343571,0.64729,12.49341,5.0,5.0,7.51104,-10.02104,-0.13346172030551834
688387.SH,信科移动-U,20260121,09:48:00,18.6493,20260122,10:00:00,17.5112,100,FORCE_1000,18.802,14.4025,2.143571,0.313496,12.270014,5.0,5.0,1.75112,-125.56112,-6.714749749990641
300058.SZ,蓝色光标,20260121,09:53:00,17.4308,20260122,10:00:00,18.4808,100,FORCE_1000,18.194,13.9905,2.343571,0.39427,13.188359,5.0,5.0,1.84808,93.15192,5.328813326621207
600637.SH,东方明珠,20260121,09:57:00,11.5704,20260122,10:00:00,11.6642,100,FORCE_1000,13.278,11.3585,1.032143,1.412595,8.844412,5.0,5.0,1.16642,-1.78642,-0.1537313689718082
688615.SH,合合信息,20260121,10:03:00,211.4128,20260122,09:57:00,214.214,100,SELLBACK,224.855714,184.241786,18.37551,0.661517,8.56496,5.28532,5.35535,21.4214,248.05793,1.1730412303192888
300136.SZ,信维通信,20260121,10:08:00,74.8674,20260122,10:00:00,75.0225,100,FORCE_1000,78.21,64.278,7.766429,0.354088,9.523518,5.0,5.0,7.50225,-1.99225,-0.026592620672901086
601106.SH,中国一重,20260122,09:34:00,5.1025,20260123,10:00:00,5.4473,100,FORCE_1000,5.268,4.8145,0.460714,0.516589,9.307359,5.0,5.0,0.54473,23.93527,4.645370208636583
600498.SH,烽火通信,20260122,10:56:00,36.9415,20260123,09:31:00,39.4637,100,SELLBACK,38.915,35.8,4.100714,0.563804,11.236989,5.0,5.0,3.94637,238.27363,6.441307597691362
688568.SH,中科星图,20260122,11:01:00,74.2471,20260123,09:31:00,75.9739,100,SELLBACK,76.86,65.9035,9.367143,0.392009,12.746493,5.0,5.0,7.59739,155.08261,2.0873305956760086
002195.SZ,岩山科技,20260122,11:26:00,9.7922,20260123,10:00:00,9.8231,100,FORCE_1000,10.26,9.136,0.925714,0.725926,9.644866,5.0,5.0,0.98231,-7.89231,-0.8018847412163947
688172.SH,燕东微,20260122,13:59:00,35.1527,20260123,09:31:00,35.5965,100,SELLBACK,36.25,32.723,2.912857,0.387935,7.973877,5.0,5.0,3.55965,30.82035,0.8755109693290571
002131.SZ,利欧股份,20260123,09:34:00,7.934,20260126,09:31:00,8.2376,100,SELLBACK,9.766,7.5525,0.602143,3.663582,7.176911,5.0,5.0,0.82376,19.53624,2.4469238476953907
688361.SH,中科飞测,20260123,09:35:00,192.5962,20260126,09:31:00,195.7061,100,SELLBACK,207.388,178.928,15.401429,0.771227,7.798192,5.0,5.0,19.57061,281.41939,1.460809452768858
002153.SZ,石基信息,20260123,09:36:00,13.997,20260126,10:00:00,13.3233,100,FORCE_1000,14.636,12.513,1.080714,0.653272,7.917321,5.0,5.0,1.33233,-78.70233,-5.602785648181106
301611.SZ,珂玛科技,20260123,09:41:00,128.6643,20260126,09:31:00,134.6977,100,SELLBACK,136.466,110.6125,12.173571,0.634654,9.294222,5.0,5.0,13.46977,579.87023,4.505095626515469
603179.SH,新泉股份,20260123,09:43:00,68.2412,20260126,10:00:00,66.8023,100,FORCE_1000,70.665714,58.926429,5.009184,0.462294,7.266456,5.0,5.0,6.68023,-160.57023,-2.3512579951736097
688037.SH,芯源微,20260123,09:51:00,204.0259,20260126,09:31:00,209.1998,100,SELLBACK,216.614,182.7945,20.206429,0.52508,9.81066,5.100648,5.229995,20.91998,486.139377,2.382138113503565
688331.SH,荣昌生物,20260123,11:18:00,102.2511,20260126,10:00:00,100.2499,100,FORCE_1000,103.734,92.7265,7.445714,0.587452,7.494428,5.0,5.0,10.02499,-220.14499,-2.1519317974098033
688676.SH,金盘科技,20260123,11:18:00,98.8994,20260126,10:00:00,98.3008,100,FORCE_1000,100.592,92.563,7.235714,0.438381,7.387151,5.0,5.0,9.83008,-79.69008,-0.8053619324624504
002131.SZ,利欧股份,20260126,09:35:00,8.2941,20260127,10:00:00,8.066,100,FORCE_1000,9.366,7.7105,0.660714,1.689081,7.893839,5.0,5.0,0.8066,-33.6166,-4.028786807444781
301611.SZ,珂玛科技,20260126,09:39:00,127.4637,20260127,09:47:00,129.2259,100,SELLBACK,136.332,113.3895,12.560714,0.493762,9.082223,5.0,5.0,12.92259,153.29741,1.2022034495116996
688361.SH,中科飞测,20260126,09:43:00,192.3261,20260127,09:35:00,195.107,100,SELLBACK,203.898,180.8155,15.218571,0.58468,7.822447,5.0,5.0,19.5107,248.5793,1.292152715436065
688037.SH,芯源微,20260126,09:51:00,202.4752,20260127,09:32:00,204.7166,100,SELLBACK,215.002,185.894,20.401429,0.406246,9.607273,5.06188,5.117915,20.47166,193.488545,0.9553771768283796
300346.SZ,南大光电,20260126,10:00:00,57.4887,20260127,10:00:00,56.5317,100,FORCE_1000,60.126,53.539,4.640714,0.399938,7.828465,5.0,5.0,5.65317,-111.35317,-1.9352743457881392
688676.SH,金盘科技,20260126,10:05:00,96.138,20260127,10:00:00,93.0734,100,FORCE_1000,100.778,92.9805,7.252857,0.418869,7.383546,5.0,5.0,9.30734,-325.76734,-3.386777352684326
000559.SZ,万向钱潮,20260126,10:30:00,18.8694,20260127,10:00:00,17.901,100,FORCE_1000,19.462,17.763,1.675714,0.389088,8.597816,5.0,5.0,1.7901,-108.6301,-5.741730710276225
603000.SH,人民网,20260126,10:31:00,23.4387,20260127,09:31:00,25.1293,100,SELLBACK,24.369,22.497,1.842143,0.397363,7.393117,5.0,5.0,2.51293,156.54707,6.664782214426511
688387.SH,信科移动-U,20260127,09:34:00,18.5793,20260128,10:00:00,17.3113,100,FORCE_1000,18.652,16.201,2.647857,0.302886,14.792498,5.0,5.0,1.73113,-138.53113,-7.436196207050183
688234.SH,天岳先进,20260127,09:35:00,98.049,20260128,10:00:00,96.7016,100,FORCE_1000,109.798,98.0685,7.597143,1.539789,7.501869,5.0,5.0,9.67016,-154.41016,-1.5740237922914604
601179.SH,中国西电,20260127,09:36:00,15.8039,20260128,10:00:00,15.1884,100,FORCE_1000,15.79,12.1785,1.315714,0.641477,8.174169,5.0,5.0,1.51884,-73.06884,-4.608887403099552
603179.SH,新泉股份,20260127,09:47:00,64.7038,20260128,09:31:00,65.737,100,SELLBACK,68.338571,60.965714,4.977551,0.587495,7.632608,5.0,5.0,6.5737,86.7463,1.3396325775475726
301526.SZ,国际复材,20260127,10:03:00,7.5263,20260128,09:31:00,7.8682,100,SELLBACK,8.064,7.482,0.63,0.450794,7.924528,5.0,5.0,0.78682,23.40318,3.0889985877011203
301611.SZ,珂玛科技,20260127,10:03:00,127.6438,20260128,09:31:00,130.7037,100,SELLBACK,134.076,115.427,12.722857,0.79196,10.333705,5.0,5.0,13.07037,282.91963,2.2156097633557774
601611.SH,中国核建,20260127,10:03:00,15.938,20260128,09:31:00,16.3255,100,SELLBACK,16.846,16.1385,1.265714,0.431377,7.588215,5.0,5.0,1.63255,27.11745,1.6961127095321493
000559.SZ,万向钱潮,20260127,10:10:00,18.1291,20260128,10:00:00,17.7411,100,FORCE_1000,19.34,18.0315,1.637857,0.512865,8.800952,5.0,5.0,1.77411,-50.57411,-2.7819919577976906
301526.SZ,国际复材,20260128,09:34:00,8.054,20260129,09:31:00,9.346,100,SELLBACK,8.156,7.5215,0.642143,0.429811,8.180164,5.0,5.0,0.9346,118.2654,14.593460019743338
000987.SZ,越秀资本,20260128,09:35:00,10.4352,20260129,10:00:00,10.3548,100,FORCE_1000,10.884,9.746,0.932143,0.43341,8.793801,5.0,5.0,1.03548,-19.07548,-1.8192766947697707
002044.SZ,美年健康,20260128,09:36:00,7.1146,20260129,09:46:00,7.2102,100,SELLBACK,7.443,6.693,0.589286,0.529455,8.206179,5.0,5.0,0.72102,-1.16102,-0.16204952125729277
301611.SZ,珂玛科技,20260128,09:38:00,128.8944,20260129,10:00:00,124.038,100,FORCE_1000,132.102,117.6305,12.266429,0.406964,9.451709,5.0,5.0,12.4038,-508.0438,-3.940022211123554
600879.SH,航天电子,20260128,10:00:00,27.8729,20260129,10:00:00,27.3553,100,FORCE_1000,28.831,26.1485,2.790714,0.333965,9.646771,5.0,5.0,2.73553,-64.49553,-2.309771907645696
603179.SH,新泉股份,20260128,10:05:00,64.1739,20260129,09:42:00,65.0737,100,SELLBACK,67.34,61.965714,4.711224,0.454234,7.132044,5.0,5.0,6.50737,73.47263,1.1440076046456225
300285.SZ,国瓷材料,20260128,10:19:00,31.7959,20260129,10:00:00,31.0845,100,FORCE_1000,32.696,31.2565,2.407143,0.46362,7.31432,5.0,5.0,3.10845,-84.24845,-2.6455038168178633
603000.SH,人民网,20260128,10:30:00,23.6188,20260129,09:47:00,23.9111,100,SELLBACK,24.381,23.038,2.055714,0.38624,8.474726,5.0,5.0,2.39111,16.83889,0.7114382647197998
300058.SZ,蓝色光标,20260129,09:34:00,20.8304,20260130,09:31:00,22.7558,100,SELLBACK,20.576,17.45,2.607857,0.374254,12.815023,5.0,5.0,2.27558,180.26442,8.633188061531389
300136.SZ,信维通信,20260129,09:42:00,81.8809,20260130,09:31:00,83.7043,100,SELLBACK,84.968,75.45,8.608571,0.466744,10.485471,5.0,5.0,8.37043,163.96957,2.0013153767382024
603179.SH,新泉股份,20260129,10:01:00,63.6865,20260130,10:00:00,60.5768,100,FORCE_1000,66.457143,62.722857,4.709694,0.488354,7.357254,5.0,5.0,6.05768,-327.02768,-5.1309325111984485
300285.SZ,国瓷材料,20260129,10:09:00,31.0755,20260130,10:00:00,30.4448,100,FORCE_1000,32.606,31.4595,2.440714,0.420369,7.723779,5.0,5.0,3.04448,-76.11448,-2.445405856934025
601106.SH,中国一重,20260129,10:10:00,5.3988,20260130,10:00:00,5.0975,100,FORCE_1000,5.588,5.1855,0.533571,0.408568,9.844491,5.0,5.0,0.50975,-40.63975,-7.45847709587432
002044.SZ,美年健康,20260129,10:33:00,7.4747,20260130,10:00:00,7.0475,100,FORCE_1000,7.339,6.7855,0.582143,0.666503,8.303279,5.0,5.0,0.70475,-53.42475,-7.099917604688559
000987.SZ,越秀资本,20260129,10:38:00,10.326,20260130,10:00:00,9.955,100,FORCE_1000,10.832,9.846,0.93,0.658065,9.055501,5.0,5.0,0.9955,-48.0955,-4.635264070932921
688568.SH,中科星图,20260129,10:48:00,75.2056,20260130,10:00:00,69.993,100,FORCE_1000,77.598,72.514,9.987857,0.447543,13.508422,5.0,5.0,6.9993,-538.2593,-7.152415235543934
300567.SZ,精测电子,20260130,09:47:00,135.6678,20260202,10:00:00,129.5352,100,FORCE_1000,143.426,124.8225,10.895714,0.883467,8.143284,5.0,5.0,12.95352,-636.21352,-4.687767706225713
000960.SZ,锡业股份,20260130,09:54:00,40.3802,20260202,10:00:00,37.1614,100,FORCE_1000,44.216,37.441,3.339286,0.738481,7.720892,5.0,5.0,3.71614,-335.59614,-8.30063022196279
601179.SH,中国西电,20260130,13:16:00,14.3661,20260202,09:31:00,15.283,100,SELLBACK,15.498,13.0705,1.343571,0.559702,8.989505,5.0,5.0,1.5283,80.1617,5.560567698614744
300454.SZ,深信服,20260130,13:19:00,158.169,20260202,09:31:00,161.5274,100,SELLBACK,173.172,147.7525,13.608571,0.499097,8.031973,5.0,5.0,16.15274,309.68726,1.957332937257851
688599.SH,天合光能,20260130,13:19:00,18.8056,20260202,09:31:00,19.1712,100,SELLBACK,20.352,18.7495,1.424286,0.591174,7.218883,5.0,5.0,1.91712,24.64288,1.3069263242750164
000987.SZ,越秀资本,20260130,13:24:00,10.105,20260202,09:37:00,10.2945,100,SELLBACK,10.76,9.965,0.904286,0.541864,8.720209,5.0,5.0,1.02945,7.92055,0.7799655342195964
002429.SZ,兆驰股份,20260202,10:08:00,9.4977,20260203,09:38:00,9.5986,100,SELLBACK,10.093,8.953,0.8,0.55,8.33073,5.0,5.0,0.95986,-0.86986,-0.09110675869581156
301200.SZ,大族数控,20260202,10:08:00,158.2891,20260203,09:32:00,161.3777,100,SELLBACK,166.496,145.472,12.293571,0.512138,7.694061,5.0,5.0,16.13777,282.72223,1.7855490526345041
688281.SH,华秦科技,20260202,10:08:00,69.7663,20260203,10:00:00,68.9969,100,FORCE_1000,71.711429,67.181071,5.363265,0.4957,7.744468,5.0,5.0,6.89969,-93.83969,-1.3440942874371744
300724.SZ,捷佳伟创,20260211,10:03:00,126.7422,20260212,10:00:00,126.4368,100,FORCE_1000,133.664,126.4615,12.103571,0.378731,9.398642,5.0,5.0,12.64368,-53.18368,-0.4194554554617713
601615.SH,明阳智能,20260211,10:08:00,23.5973,20260212,10:00:00,23.2734,100,FORCE_1000,24.497,22.4765,2.165,0.384296,8.907632,5.0,5.0,2.32734,-44.71734,-1.8910125045988337
688172.SH,燕东微,20260211,10:16:00,40.9629,20260212,09:31:00,41.8372,100,SELLBACK,42.114,39.9145,3.670714,0.415178,8.860039,5.0,5.0,4.18372,73.24628,1.7859327187299605
688777.SH,中控技术,20260211,10:21:00,84.244,20260212,10:00:00,83.6981,100,FORCE_1000,87.544,78.7135,6.510714,0.565837,7.57324,5.0,5.0,8.36981,-72.95981,-0.8655397774456071
003035.SZ,南网能源,20260211,13:01:00,6.6823,20260212,09:31:00,6.8487,100,SELLBACK,7.123,6.1025,0.520714,0.737449,7.602778,5.0,5.0,0.68487,5.95513,0.8845609969846856
003035.SZ,南网能源,20260212,09:44:00,6.7924,20260213,10:00:00,6.5657,100,FORCE_1000,6.927,6.194,0.517143,0.40221,7.836685,5.0,5.0,0.65657,-33.32657,-4.870596574301414
002155.SZ,湖南黄金,20260212,13:13:00,33.0654,20260213,10:00:00,32.9235,100,FORCE_1000,34.088,29.3435,2.753571,0.376965,8.195153,5.0,5.0,3.29235,-27.48235,-0.8298963624174858
601615.SH,明阳智能,20260213,09:34:00,22.9765,20260224,10:00:00,21.974,100,FORCE_1000,24.123,22.871,2.176429,0.463144,9.415655,5.0,5.0,2.1974,-112.4474,-4.883390875730137
688777.SH,中控技术,20260213,10:17:00,81.6008,20260224,09:31:00,83.3948,100,SELLBACK,84.996,80.3355,6.16,0.499351,7.387863,5.0,5.0,8.33948,161.06052,1.9725528714966662
002155.SZ,湖南黄金,20260213,10:48:00,32.4532,20260224,09:31:00,33.7194,100,SELLBACK,34.168,29.8505,2.822857,0.640486,8.603649,5.0,5.0,3.37194,113.24806,3.4842126313716797
300548.SZ,长芯博创,20260213,13:30:00,159.1595,20260224,09:31:00,161.4376,100,SELLBACK,164.406,150.374,13.7,0.366861,7.783206,5.0,5.0,16.14376,201.66624,1.266672152101476
300620.SZ,光库科技,20260213,13:58:00,172.9033,20260224,09:31:00,177.5334,100,SELLBACK,177.684,161.9695,14.01,0.384297,7.381843,5.0,5.0,17.75334,435.25666,2.516613791121649
002429.SZ,兆驰股份,20260224,09:36:00,10.5183,20260225,10:00:00,10.3378,100,FORCE_1000,10.975,9.9715,0.786429,0.498456,7.361496,5.0,5.0,1.03378,-29.08378,-2.7519828165362457
688200.SH,华峰测控,20260224,10:27:00,196.1521,20260225,09:31:00,198.5532,100,SELLBACK,203.074324,185.820608,14.648649,0.452952,7.117298,5.0,5.0,19.85532,210.25468,1.0716229846673406
300548.SZ,长芯博创,20260224,13:17:00,165.9029,20260225,09:31:00,171.4525,100,SELLBACK,164.964,151.2795,14.635,0.380868,9.368798,5.0,5.0,17.14525,527.81475,3.1805093493394816
300383.SZ,光环新网,20260225,09:36:00,15.7679,20260226,09:59:00,16.006,100,SELLBACK,17.474,15.7355,1.32,1.071212,8.333333,5.0,5.0,1.6006,12.2094,0.7718723724388193
300620.SZ,光库科技,20260225,09:37:00,170.8354,20260226,10:00:00,171.3643,100,FORCE_1000,179.638,164.378,14.805,0.461871,8.217695,5.0,5.0,17.13643,25.75357,0.15070667242491168
688200.SH,华峰测控,20260225,09:38:00,194.9285,20260226,09:31:00,202.5674,100,SELLBACK,204.574324,187.848649,14.165541,0.472693,7.172916,5.0,5.064185,20.25674,733.569075,3.7623075108281165
002624.SZ,完美世界,20260225,09:56:00,20.7022,20260226,10:00:00,20.7096,100,FORCE_1000,21.32,18.8205,1.458571,0.486778,7.178009,5.0,5.0,2.07096,-11.33096,-0.5460124709669335
300548.SZ,长芯博创,20260225,09:56:00,160.02,20260226,10:00:00,157.0115,100,FORCE_1000,164.04,152.64,14.89,0.363331,9.008409,5.0,5.0,15.70115,-326.55115,-2.0400521646779533
688343.SH,云天励飞-U,20260225,10:00:00,85.1125,20260226,09:31:00,87.3688,100,SELLBACK,90.328,86.124,6.839286,0.559708,7.984223,5.0,5.0,8.73688,206.89312,2.4293922794657274
300017.SZ,网宿科技,20260225,10:04:00,19.9295,20260226,09:31:00,20.3095,100,SELLBACK,20.684,16.3895,2.253571,0.361204,10.746645,5.0,5.0,2.03095,25.96905,1.2997847793988837
300570.SZ,太辰光,20260225,10:04:00,136.978,20260226,09:31:00,140.6787,100,SELLBACK,142.232,120.9165,13.343571,0.331396,9.079112,5.0,5.0,14.06787,346.00213,2.5250469247161162
300017.SZ,网宿科技,20260226,09:42:00,19.7999,20260227,09:31:00,20.5991,100,SELLBACK,21.018,16.844,2.211429,0.383463,11.046097,5.0,5.0,2.05991,67.86009,3.4186615549700505
300570.SZ,太辰光,20260226,10:09:00,138.6393,20260227,10:00:00,133.1434,100,FORCE_1000,142.602,122.753,13.085,0.389912,9.460632,5.0,5.0,13.31434,-572.90434,-4.130847441006625
300383.SZ,光环新网,20260226,10:16:00,15.8579,20260227,09:31:00,16.5551,100,SELLBACK,17.024,15.8075,1.308571,0.920087,8.447847,5.0,5.0,1.65551,58.06449,3.6500411745107777
002429.SZ,兆驰股份,20260226,13:38:00,10.4282,20260227,10:00:00,10.4178,100,FORCE_1000,10.839,10.102,0.751429,0.447148,7.251072,5.0,5.0,1.04178,-12.08178,-1.153039644213701
300017.SZ,网宿科技,20260227,09:34:00,20.4602,20260302,10:00:00,19.0905,100,FORCE_1000,20.878,17.271,2.093571,0.424156,10.780491,5.0,5.0,1.90905,-148.87905,-7.258780996772337
300383.SZ,光环新网,20260227,09:34:00,16.3982,20260302,10:00:00,17.4913,100,FORCE_1000,16.818,15.929,1.315,0.553612,7.955233,5.0,5.0,1.74913,97.56087,5.931401004365219
601869.SH,长飞光纤,20260227,09:43:00,222.7763,20260302,09:31:00,229.0211,100,SELLBACK,227.679,174.167,18.055714,0.540217,7.653807,5.569407,5.725528,22.90211,590.282955,2.649004499781682
688200.SH,华峰测控,20260227,09:43:00,196.7335,20260302,09:32:00,199.5787,100,SELLBACK,201.956757,191.434122,14.501931,0.42054,7.11138,5.0,5.0,19.95787,254.56213,1.2936152167229469
688172.SH,燕东微,20260227,09:54:00,42.1872,20260302,09:34:00,42.6959,100,SELLBACK,44.09,42.3305,3.116429,0.452441,7.001637,5.0,5.0,4.26959,36.60041,0.8665444205581809
301526.SZ,国际复材,20260227,10:31:00,13.9888,20260302,09:31:00,14.3285,100,SELLBACK,14.376,10.389,1.155714,0.377256,7.417935,5.0,5.0,1.43285,22.53715,1.6053473231330315
301526.SZ,国际复材,20260302,09:43:00,14.037,20260303,09:31:00,14.2885,100,SELLBACK,14.64,10.659,1.227857,0.529378,8.726774,5.0,5.0,1.42885,13.72115,0.9740292468233122
300570.SZ,太辰光,20260302,10:47:00,146.4732,20260303,10:00:00,140.4098,100,FORCE_1000,141.016,126.0085,12.815714,0.703511,9.502977,5.0,5.0,14.04098,-630.38098,-4.302260529390567
300017.SZ,网宿科技,20260303,09:37:00,18.7094,20260304,10:00:00,17.8611,100,FORCE_1000,19.888,18.112,2.120714,0.291411,11.068446,5.0,5.0,1.78611,-96.61611,-5.150277194366558
603256.SH,宏和科技,20260303,09:42:00,77.6208,20260304,10:00:00,74.1649,100,FORCE_1000,81.252,62.982,6.2,0.48871,7.933258,5.0,5.0,7.41649,-363.00649,-4.673654578039624
301526.SZ,国际复材,20260303,09:43:00,13.7169,20260304,10:00:00,13.1134,100,FORCE_1000,14.884,10.9415,1.246429,0.604928,8.992991,5.0,5.0,1.31134,-71.66134,-5.205335987041381
300395.SZ,菲利华,20260305,09:39:00,114.8674,20260306,10:00:00,110.035,100,FORCE_1000,123.412,103.856,9.028571,0.939462,8.149266,5.0,5.0,11.0035,-504.2435,-4.387877727828858
301526.SZ,国际复材,20260305,09:39:00,13.1559,20260306,10:00:00,12.5937,100,FORCE_1000,13.87,11.4435,1.259286,0.389109,9.649699,5.0,5.0,1.25937,-67.47937,-5.1097895637555935
002624.SZ,完美世界,20260305,09:52:00,20.02,20260306,10:00:00,19.7401,100,FORCE_1000,20.75,19.829,1.482857,0.586705,7.377399,5.0,5.0,1.97401,-39.96401,-1.9912311908320879
601869.SH,长飞光纤,20260305,09:52:00,225.9579,20260306,10:00:00,214.1978,100,FORCE_1000,234.545,197.4095,20.614286,0.529245,9.042345,5.648948,5.354945,21.41978,-1208.433673,-5.346711224037652
603256.SH,宏和科技,20260305,09:52:00,74.6893,20260306,10:00:00,69.8371,100,FORCE_1000,78.6,65.688,5.946429,0.489033,8.023571,5.0,5.0,6.98371,-502.20371,-6.719406122347948
688629.SH,华丰科技,20260305,09:52:00,116.356,20260306,10:00:00,114.8725,100,FORCE_1000,123.346,104.3345,8.928571,0.576352,7.585872,5.0,5.0,11.48725,-169.83725,-1.4590076971977393
600392.SH,盛和资源,20260305,11:04:00,27.7939,20260306,10:00:00,27.0665,100,FORCE_1000,30.588,28.1945,2.042143,1.022455,7.293367,5.0,5.0,2.70665,-85.44665,-3.068774489205895
301526.SZ,国际复材,20260420,09:39:00,13.8069,20260421,09:50:00,14.0389,100,SELLBACK,14.446,12.161,1.014286,0.528451,7.255263,5.0,5.0,1.40389,11.79611,0.8512805894536296
301526.SZ,国际复材,20260421,10:14:00,13.917,20260422,09:32:00,14.2087,100,SELLBACK,14.254,12.307,0.975714,0.598536,7.044868,5.0,5.0,1.42087,17.74913,1.270790434595833
688336.SH,三生国健,20260421,14:29:00,57.1996,20260422,10:00:00,56.5579,100,FORCE_1000,59.348966,55.657241,4.791626,0.402426,8.229133,5.0,5.0,5.65579,-79.82579,-1.3943466853916884
688702.SH,盛科通信-U,20260422,09:40:00,222.8013,20260423,09:31:00,239.6201,100,SELLBACK,226.916,198.072,16.555,0.493265,7.374165,5.570032,5.990503,23.96201,1646.357455,7.387506125448429
688336.SH,三生国健,20260422,10:07:00,56.442,20260423,10:00:00,56.3304,100,FORCE_1000,58.966897,56.267931,4.594581,0.518152,8.044123,5.0,5.0,5.63304,-26.79304,-0.4742802520710897
002025.SZ,航天电器,20260422,10:11:00,74.2771,20260423,09:31:00,75.7562,100,SELLBACK,77.97,70.512,5.240714,0.814774,7.064862,5.0,5.0,7.57562,130.33438,1.7535243538359495
300390.SZ,天华新能,20260423,09:40:00,82.6413,20260424,09:35:00,83.7243,100,SELLBACK,86.15,69.313,6.113571,0.511976,7.204303,5.0,5.0,8.37243,89.92757,1.0875094477895497
300620.SZ,光库科技,20260424,09:39:00,242.121,20260427,09:32:00,245.4514,100,SELLBACK,256.004,222.4145,19.352857,0.732398,7.843739,6.053025,6.136285,24.54514,296.30555,1.2234853322387078
002025.SZ,航天电器,20260424,09:42:00,70.7253,20260427,09:31:00,75.7562,100,SELLBACK,76.786,71.4085,5.235,0.748042,7.125357,5.0,5.0,7.57562,485.51438,6.859940968106104
300390.SZ,天华新能,20260424,09:50:00,85.6528,20260427,09:31:00,90.9634,100,SELLBACK,85.028,70.5415,6.190714,0.763724,7.731628,5.0,5.0,9.09634,511.96366,5.973709843785733
002025.SZ,航天电器,20260427,09:49:00,72.9965,20260428,10:00:00,70.6846,100,FORCE_1000,76.196,72.15,5.699286,0.609901,7.432558,5.0,5.0,7.06846,-248.25846,-3.3986359373823527
000967.SZ,盈峰环境,20260427,10:10:00,12.5062,20260428,09:31:00,13.3,100,SELLBACK,13.446,10.9275,0.982857,0.850581,7.666592,5.0,5.0,1.33,68.05,5.419633328554817
300548.SZ,长芯博创,20260427,10:15:00,258.3391,20260428,10:00:00,248.3558,100,FORCE_1000,266.02,215.4515,18.673571,0.474467,7.187395,6.458477,6.208895,24.83558,-1035.832952,-4.008584292835962
300620.SZ,光库科技,20260427,11:09:00,241.0009,20260428,09:33:00,244.2632,100,SELLBACK,253.206,225.3525,18.388571,0.761669,7.737995,6.025023,6.10658,24.42632,289.672077,1.201653923619081
300058.SZ,蓝色光标,20260427,13:44:00,17.3606,20260428,10:00:00,16.7216,100,FORCE_1000,18.782,16.3765,1.352857,1.125026,7.779512,5.0,5.0,1.67216,-75.57216,-4.340583322803349
300620.SZ,光库科技,20260428,09:47:00,240.5202,20260429,10:00:00,236.7616,100,FORCE_1000,250.962,227.614,18.328571,0.777038,7.652848,6.013005,5.91904,23.67616,-411.468205,-1.7103152402961799
688629.SH,华丰科技,20260428,09:57:00,132.9564,20260429,10:00:00,127.7461,100,FORCE_1000,135.788,125.537,9.867857,0.419341,7.25471,5.0,5.0,12.77461,-543.80461,-4.08855972344188
688313.SH,仕佳光子,20260428,10:29:00,137.8989,20260429,10:00:00,131.5342,100,FORCE_1000,141.778,113.8435,12.559286,0.363715,8.663966,5.0,5.0,13.15342,-659.62342,-4.78165045172524
600105.SH,永鼎股份,20260429,09:35:00,44.4972,20260430,10:00:00,42.2439,100,FORCE_1000,47.267,38.4595,3.33,0.802402,7.427233,5.0,5.0,4.22439,-239.55439,-5.377540900438187
688172.SH,燕东微,20260429,10:17:00,39.4797,20260430,09:31:00,39.9899,100,SELLBACK,41.492,39.5345,2.983571,0.583864,7.547613,5.0,5.0,3.99899,37.02101,0.9365365788255411
688629.SH,华丰科技,20260429,10:17:00,126.9935,20260430,09:31:00,128.9064,100,SELLBACK,133.898,126.5955,9.799286,0.703929,7.593402,5.0,5.0,12.89064,168.39936,1.3255251941264212
600126.SH,杭钢股份,20260429,11:10:00,9.2673,20260430,10:00:00,8.7906,100,FORCE_1000,9.945,9.381,0.721429,0.776238,7.888776,5.0,5.0,0.87906,-58.54906,-6.283908428407371
300058.SZ,蓝色光标,20260429,13:22:00,17.2986,20260430,09:32:00,17.5437,100,SELLBACK,17.91,16.6415,1.207857,0.861029,7.24135,5.0,5.0,1.75437,12.75563,0.7352541415445626
300620.SZ,光库科技,20260429,13:25:00,237.1274,20260430,09:31:00,240.3491,100,SELLBACK,247.338,230.124,17.709286,0.810761,7.425277,5.928185,6.008727,24.03491,286.198178,1.2066367966688598
600707.SH,彩虹股份,20260430,09:37:00,8.2241,20260506,09:33:00,8.3175,100,SELLBACK,8.518,7.233,0.622143,0.495063,7.126493,5.0,5.0,0.83175,-1.49175,-0.18029151206777777
688313.SH,仕佳光子,20260430,09:44:00,133.2466,20260506,09:31:00,138.1725,100,SELLBACK,138.372,118.458,12.533571,0.356802,9.577848,5.0,5.0,13.81725,468.77275,3.5167644936179916
688172.SH,燕东微,20260430,09:53:00,39.3797,20260506,10:00:00,39.7301,100,FORCE_1000,40.956,39.635,3.047857,0.412093,7.636826,5.0,5.0,3.97301,21.06699,0.5342924242385816
688629.SH,华丰科技,20260430,09:54:00,124.5622,20260506,10:00:00,128.1759,100,FORCE_1000,132.53,127.7895,9.695714,0.418742,7.624815,5.0,5.0,12.81759,338.55241,2.716848029326181
600707.SH,彩虹股份,20260506,09:43:00,8.2086,20260507,09:31:00,8.4174,100,SELLBACK,8.43,7.3545,0.632857,0.426637,7.890987,5.0,5.0,0.84174,10.03826,1.2154917298331436
600105.SH,永鼎股份,20260506,13:20:00,43.9785,20260507,09:31:00,44.9175,100,SELLBACK,45.607,39.8335,3.247857,0.711854,7.660944,5.0,5.0,4.49175,79.40825,1.8035647364775091
300390.SZ,天华新能,20260508,11:13:00,104.2521,20260511,10:00:00,102.7086,100,FORCE_1000,107.954,85.915,7.944286,0.425967,7.15186,5.0,5.0,10.27086,-174.62086,-1.674183549516261
001203.SZ,大中矿业,20260511,09:34:00,47.7839,20260512,10:00:00,45.2773,100,FORCE_1000,50.64,45.4615,3.464286,1.062268,7.370821,5.0,5.0,4.52773,-265.18773,-5.543928678196843
002756.SZ,永兴材料,20260511,09:46:00,79.0195,20260512,09:31:00,79.88,100,SELLBACK,84.004,76.9785,5.580714,0.968335,7.041911,5.0,5.0,7.988,68.062,0.8607870291325986
300390.SZ,天华新能,20260512,09:35:00,102.9414,20260513,10:00:00,99.1004,100,FORCE_1000,109.046,90.6625,8.154286,0.503539,7.729181,5.0,5.0,9.91004,-404.01004,-3.9227551038242034
301526.SZ,国际复材,20260512,09:37:00,17.7389,20260513,09:32:00,18.1827,100,SELLBACK,18.232,15.425,1.36,0.405882,7.395324,5.0,5.0,1.81827,32.56173,1.8304521358824883
000967.SZ,盈峰环境,20260512,09:46:00,14.7073,20260513,10:00:00,13.3633,100,FORCE_1000,15.08,13.176,1.267857,0.362817,8.624879,5.0,5.0,1.33633,-145.73633,-9.87554159636248
688629.SH,华丰科技,20260512,13:01:00,134.6398,20260513,10:00:00,131.7341,100,FORCE_1000,138.822,133.6215,10.562857,0.406329,7.571398,5.0,5.0,13.17341,-313.74341,-2.3293776514628424
301526.SZ,国际复材,20260513,09:34:00,18.069,20260514,09:31:00,20.1497,100,SELLBACK,18.566,15.6865,1.410714,0.840709,7.956651,5.0,5.0,2.01497,196.05503,10.820411170594404
000062.SZ,深圳华强,20260513,09:35:00,35.3877,20260514,09:31:00,36.7448,100,SELLBACK,37.272,33.143,2.782143,0.500334,7.440874,5.0,5.0,3.67448,122.03552,3.443663668917565
688702.SH,盛科通信-U,20260513,09:35:00,291.0755,20260514,09:31:00,314.0284,100,SELLBACK,311.582,266.613,31.897857,0.522982,10.6968,7.276887,7.85071,31.40284,2248.759562,7.723760717139864
001203.SZ,大中矿业,20260513,10:01:00,45.4586,20260514,10:00:00,45.5872,100,FORCE_1000,48.338,46.2395,3.279286,0.636724,7.207221,5.0,5.0,4.55872,-1.69872,-0.03732745019622665
300857.SZ,协创数据,20260513,10:02:00,282.8614,20260514,09:31:00,305.5412,100,SELLBACK,281.082,240.192214,20.302551,0.742862,7.503622,7.071535,7.63853,30.55412,2222.715815,7.856003947273354
000967.SZ,盈峰环境,20260513,10:05:00,13.4067,20260514,09:31:00,14.9476,100,SELLBACK,15.136,13.3935,1.307143,1.320437,9.52728,5.0,5.0,1.49476,142.59524,10.59659797721581
000062.SZ,深圳华强,20260514,09:38:00,35.7979,20260515,10:00:00,32.6337,100,FORCE_1000,37.256,33.559,2.807143,0.50799,7.628106,5.0,5.0,3.26337,-329.68337,-9.196727562841897
300390.SZ,天华新能,20260514,09:50:00,100.06,20260515,10:00:00,99.5402,100,FORCE_1000,104.316,94.225,8.258571,0.60858,8.274293,5.0,5.0,9.95402,-71.93402,-0.7185497952252522
301358.SZ,湖南裕能,20260514,09:50:00,97.4139,20260515,10:00:00,95.7961,100,FORCE_1000,99.732,91.625,6.922857,0.433058,7.078297,5.0,5.0,9.57961,-181.35961,-1.8607875326146401
000967.SZ,盈峰环境,20260514,09:58:00,14.3701,20260515,10:00:00,13.3933,100,FORCE_1000,15.164,13.635,1.394286,0.347131,9.332568,5.0,5.0,1.33933,-109.01933,-7.560233978959924
000539.SZ,粤电力Ａ,20260515,09:57:00,6.8334,20260518,09:31:00,7.0993,100,SELLBACK,7.324,6.66,0.619286,0.603922,8.589261,5.0,5.0,0.70993,15.88007,2.307009617340268
300136.SZ,信维通信,20260515,09:57:00,98.6093,20260518,09:31:00,103.5046,100,SELLBACK,108.436,88.696,8.081429,0.61697,7.887399,5.0,5.0,10.35046,469.17954,4.755553100417295
601016.SH,节能风电,20260515,09:57:00,4.8695,20260518,09:32:00,4.9896,100,SELLBACK,5.17105,4.56005,0.410714,0.569739,8.057882,5.0,5.0,0.49896,1.51104,0.3071531659721516
000967.SZ,盈峰环境,20260515,10:13:00,13.6568,20260518,10:00:00,13.3033,100,FORCE_1000,14.73,13.816,1.407857,0.539827,9.97066,5.0,5.0,1.33033,-46.68033,-3.405632970496396
688387.SH,信科移动-U,20260515,10:13:00,19.8099,20260518,09:31:00,20.0599,100,SELLBACK,21.78,18.947,1.500714,0.799619,7.285021,5.0,5.0,2.00599,12.99401,0.6542837577228485
688702.SH,盛科通信-U,20260515,10:13:00,284.9844,20260518,09:37:00,289.4653,100,SELLBACK,304.162,274.513,32.005,0.420622,10.960992,7.12461,7.236633,28.94653,404.782228,1.4200112628465493
603256.SH,宏和科技,20260515,11:19:00,136.6803,20260518,10:00:00,131.7461,100,FORCE_1000,146.974,120.112,9.923571,0.493975,7.000163,5.0,5.0,13.17461,-516.59461,-3.778201393546273
300390.SZ,天华新能,20260515,14:18:00,94.8774,20260518,10:00:00,93.2833,100,FORCE_1000,101.404,95.041,8.355,0.47325,8.656237,5.0,5.0,9.32833,-178.73833,-1.8828950334676815
301526.SZ,国际复材,20260518,10:10:00,19.0595,20260519,10:00:00,17.971,100,FORCE_1000,18.838,16.4695,1.742143,0.331775,9.321257,5.0,5.0,1.7971,-120.6471,-6.313461890682643
601016.SH,节能风电,20260518,10:15:00,4.9443,20260519,10:00:00,5.0145,100,FORCE_1000,5.19705,4.60755,0.438571,0.615635,8.72423,5.0,5.0,0.50145,-3.48145,-0.6970846765312457
688347.SH,华虹宏力,20260518,10:17:00,152.3261,20260519,10:00:00,143.3583,100,FORCE_1000,158.728,142.449,12.427857,0.601713,8.28027,5.0,5.0,14.33583,-921.11583,-6.045015130325556
300751.SZ,迈为股份,20260518,10:35:00,262.4612,20260519,10:00:00,250.7646,100,FORCE_1000,272.922,245.379,19.51,0.536238,7.514251,6.56153,6.269115,25.07646,-1207.567105,-4.599785753771721
688387.SH,信科移动-U,20260518,10:50:00,20.3001,20260519,10:00:00,19.2804,100,FORCE_1000,21.388,19.1115,1.517857,0.993506,7.662075,5.0,5.0,1.92804,-113.89804,-5.596927779224671
000539.SZ,粤电力Ａ,20260518,10:58:00,6.9935,20260519,10:00:00,6.9165,100,FORCE_1000,7.286,6.7245,0.620714,0.364097,9.02201,5.0,5.0,0.69165,-18.39165,-2.6111521260736845
300604.SZ,长川科技,20260518,11:06:00,210.2951,20260519,10:00:00,206.9465,100,FORCE_1000,215.472,176.7355,15.435714,0.480185,7.371401,5.257377,5.173662,20.69465,-365.98569,-1.7399084260445847
301358.SZ,湖南裕能,20260518,11:06:00,93.4707,20260519,10:00:00,89.2094,100,FORCE_1000,97.044,93.0645,7.115,0.52565,7.479711,5.0,5.0,8.92094,-445.05094,-4.758849538123646
688387.SH,信科移动-U,20260519,10:01:00,19.2196,20260520,09:33:00,19.4708,100,SELLBACK,20.852,19.2555,1.55,0.769032,7.840162,5.0,5.0,1.94708,13.17292,0.6836114916760078
300395.SZ,菲利华,20260519,10:40:00,129.975,20260520,09:31:00,131.6523,100,SELLBACK,141.782,121.633,9.801429,0.600117,7.128312,5.0,5.0,13.16523,144.56477,1.1118228802153434
603256.SH,宏和科技,20260519,10:40:00,134.149,20260520,09:31:00,135.7282,100,SELLBACK,140.32,123.3875,9.776429,0.911171,7.439525,5.0,5.0,13.57282,134.34718,1.0011041811041812
688234.SH,天岳先进,20260519,10:40:00,146.7433,20260520,10:00:00,146.2668,100,FORCE_1000,150.856,116.255,11.9,0.534118,7.941805,5.0,5.0,14.62668,-72.27668,-0.49237042835061273
300751.SZ,迈为股份,20260519,10:46:00,251.7558,20260520,09:31:00,274.0884,100,SELLBACK,266.62,246.939,19.67,0.486528,7.74806,6.293895,6.85221,27.40884,2192.705055,8.707473733459423
300857.SZ,协创数据,20260519,10:55:00,265.7028,20260520,09:31:00,271.7918,100,SELLBACK,281.14,263.192286,20.778571,0.512066,7.636373,6.64257,6.794795,27.17918,568.283455,2.138259061045231
600498.SH,烽火通信,20260519,13:10:00,53.7907,20260520,09:31:00,56.7977,100,SELLBACK,57.795,53.6535,3.961429,0.553336,7.06477,5.0,5.0,5.67977,285.02023,5.293769026034209
300570.SZ,太辰光,20260519,13:12:00,150.1238,20260520,09:31:00,154.4481,100,SELLBACK,169.264,150.1845,13.729286,1.111784,8.616887,5.0,5.0,15.44481,406.98519,2.71009450383489
300570.SZ,太辰光,20260520,09:41:00,151.8859,20260521,09:31:00,161.2578,100,SELLBACK,164.962,151.2185,13.985714,0.926803,9.069854,5.0,5.0,16.12578,911.06422,5.996372285944269
300620.SZ,光库科技,20260520,09:41:00,263.1715,20260521,09:31:00,274.987,100,SELLBACK,276.09,257.1015,19.037143,0.531067,7.052622,6.579287,6.874675,27.4987,1140.597338,4.3329625735880075
300857.SZ,协创数据,20260520,09:41:00,269.6247,20260521,10:00:00,275.0024,100,FORCE_1000,281.124,265.336071,20.556429,0.638438,7.5997,6.740618,6.87506,27.50024,496.654083,1.8415595845349921
002203.SZ,海亮股份,20260520,09:42:00,19.7018,20260521,09:31:00,20.8307,100,SELLBACK,21.478,19.5405,1.439286,0.886551,7.05809,5.0,5.0,2.08307,100.80693,5.103683208618961
301526.SZ,国际复材,20260520,09:43:00,18.1291,20260521,09:31:00,19.1313,100,SELLBACK,19.086,16.9075,1.750714,0.4204,9.372132,5.0,5.0,1.91313,88.30687,4.85760406180724
600105.SH,永鼎股份,20260520,09:43:00,49.7699,20260521,09:31:00,51.268,100,SELLBACK,51.853,47.5265,3.610714,0.503501,7.156306,5.0,5.0,5.1268,134.6832,2.703401652753217
601016.SH,节能风电,20260520,09:43:00,4.8895,20260521,10:00:00,4.6647,100,FORCE_1000,5.17305,4.71005,0.427857,0.38798,8.345094,5.0,5.0,0.46647,-32.94647,-6.6700010122482025
688313.SH,仕佳光子,20260520,10:18:00,180.7303,20260521,09:31:00,187.4185,100,SELLBACK,176.604,154.6895,13.823571,0.452416,7.990042,5.0,5.0,18.74185,640.07815,3.5406410432995195
601991.SH,大唐发电,20260521,09:34:00,7.0605,20260522,10:00:00,6.7036,100,FORCE_1000,7.701,5.4735,0.58,1.541379,7.788371,5.0,5.0,0.67036,-46.36036,-6.519985936291399
300570.SZ,太辰光,20260521,09:42:00,154.087,20260522,10:00:00,151.6541,100,FORCE_1000,161.516,152.2125,13.690714,0.36638,8.551352,5.0,5.0,15.16541,-268.45541,-1.741667542510883
300475.SZ,香农芯创,20260521,09:43:00,184.7201,20260522,10:00:00,182.2966,100,FORCE_1000,192.023823,179.677823,13.820714,0.531521,7.417817,5.0,5.0,18.22966,-270.57966,-1.4644125862355433
300620.SZ,光库科技,20260521,09:43:00,262.6312,20260522,09:32:00,265.4514,100,SELLBACK,274.614,257.995,19.154286,0.469033,7.107342,6.56578,6.636285,26.54514,242.272795,0.92225235211778
600105.SH,永鼎股份,20260521,09:43:00,48.059,20260522,10:00:00,47.3313,100,FORCE_1000,51.613,47.993,3.578571,0.558323,7.07018,5.0,5.0,4.73313,-87.50313,-1.818851566235008
688313.SH,仕佳光子,20260521,09:43:00,173.3766,20260522,09:33:00,175.8958,100,SELLBACK,177.652,157.645,14.157857,0.51505,7.669478,5.0,5.0,17.58958,224.33042,1.2935179493803142
301526.SZ,国际复材,20260521,14:07:00,18.2591,20260522,09:31:00,18.622,100,SELLBACK,18.778,17.1465,1.77,0.332203,9.434968,5.0,5.0,1.8622,24.4278,1.3341890098366387
002203.SZ,海亮股份,20260521,14:17:00,20.1221,20260522,09:49:00,20.3415,100,SELLBACK,21.01,19.7055,1.456429,0.458656,7.083108,5.0,5.0,2.03415,9.90585,0.4910668695872021
688200.SH,华峰测控,20260522,13:09:00,280.4307,20260525,09:31:00,294.0247,100,SELLBACK,292.155405,245.186149,23.502896,0.581584,8.074159,7.010768,7.350618,29.40247,1315.636145,4.690311432273489
601991.SH,大唐发电,20260522,14:05:00,6.8108,20260525,09:35:00,6.9665,100,SELLBACK,7.671,5.628,0.64,1.240625,9.199368,5.0,5.0,0.69665,4.87335,0.7103180387126866
002281.SZ,光迅科技,20260525,09:35:00,206.7633,20260526,09:31:00,218.2722,100,SELLBACK,222.072,176.888,17.932143,0.505907,8.306918,5.169083,5.456805,21.82722,1118.436893,5.407910173911834
301611.SZ,珂玛科技,20260525,09:35:00,113.4867,20260526,10:00:00,105.917,100,FORCE_1000,119.904,113.3245,8.589286,0.693189,7.345037,5.0,5.0,10.5917,-777.5617,-6.848549411776104
688037.SH,芯源微,20260525,09:35:00,270.9595,20260526,09:31:00,287.5222,100,SELLBACK,292.468,244.0385,29.396429,0.357322,10.182203,6.773988,7.188055,28.75222,1613.555738,5.953481792989462
688220.SH,翱捷科技-U,20260525,09:35:00,108.3041,20260526,09:31:00,111.7721,100,SELLBACK,116.188,103.9815,8.697857,0.699943,7.514347,5.0,5.0,11.17721,325.62279,3.0051727622674176
003031.SZ,中瓷电子,20260525,09:36:00,155.5377,20260526,10:00:00,150.9645,100,FORCE_1000,163.706,143.8105,12.312143,0.44314,7.780185,5.0,5.0,15.09645,-482.41645,-3.1006078886698627
300054.SZ,鼎龙股份,20260525,09:36:00,70.4352,20260526,09:31:00,80.7787,100,SELLBACK,74.396,65.896,5.666429,0.475785,7.772879,5.0,5.0,8.07787,1016.27213,14.418234324368804
603156.SH,养元饮品,20260525,09:37:00,42.7013,20260526,09:31:00,43.5346,100,SELLBACK,46.56,40.4865,3.523571,0.896817,8.048359,5.0,5.0,4.35346,68.97654,1.613437252200518
688120.SH,华海清科,20260525,09:37:00,190.4666,20260526,09:31:00,212.2527,100,SELLBACK,200.411429,162.002857,15.187245,0.466369,7.707026,5.0,5.306318,21.22527,2147.078413,11.269770786377672
002407.SZ,多氟多,20260526,09:34:00,38.9395,20260527,10:00:00,36.6317,100,FORCE_1000,39.922,36.1125,2.736429,0.819316,7.120553,5.0,5.0,3.66317,-244.44317,-6.269461521691737
601991.SH,大唐发电,20260526,09:35:00,7.1906,20260527,10:00:00,7.4133,100,FORCE_1000,7.359,5.9295,0.684286,0.45595,9.364797,5.0,5.0,0.74133,11.52867,1.5922257823937243
603156.SH,养元饮品,20260526,09:35:00,43.4117,20260527,09:31:00,44.8127,100,SELLBACK,45.254,41.055,3.649286,0.453239,8.307047,5.0,5.0,4.48127,125.61873,2.890331717351139
002008.SZ,大族激光,20260526,09:40:00,134.3086,20260527,09:31:00,137.6732,100,SELLBACK,142.446,125.701,10.001429,0.431538,7.03187,5.0,5.0,13.76732,312.69268,2.3272993317882142
688037.SH,芯源微,20260526,09:40:00,276.6222,20260527,10:00:00,273.947,100,FORCE_1000,292.958,249.126,28.552143,0.38505,9.889421,6.915555,6.848675,27.3947,-308.67893,-1.1156074225246968
002281.SZ,光迅科技,20260526,09:44:00,216.4082,20260527,10:00:00,205.6471,100,FORCE_1000,224.888,181.8885,18.64,0.37221,8.322172,5.410205,5.141177,20.56471,-1107.226093,-5.115098945701155
300679.SZ,电连技术,20260526,11:23:00,52.7457,20260527,09:31:00,57.026,100,SELLBACK,53.531622,50.011122,3.866429,0.421578,7.311479,5.0,5.0,5.7026,412.3274,7.809867091448735
300136.SZ,信维通信,20260526,13:06:00,111.0155,20260527,09:31:00,113.5295,100,SELLBACK,114.082,101.99,10.022143,0.367387,8.448236,5.0,5.0,11.35295,230.04705,2.0712737078570753
688220.SH,翱捷科技-U,20260527,09:35:00,111.2356,20260528,09:31:00,113.3797,100,SELLBACK,115.384,105.9985,8.035714,0.582898,7.259001,5.0,5.0,11.33797,193.07203,1.7349237457496745
002008.SZ,大族激光,20260527,09:36:00,136.158,20260528,09:42:00,137.6433,100,SELLBACK,142.178,127.3035,10.561429,0.77338,7.797289,5.0,5.0,13.76433,124.76567,0.9159937008105251
003031.SZ,中瓷电子,20260527,09:36:00,146.8934,20260528,10:00:00,146.0869,100,FORCE_1000,156.264,146.6285,12.491429,0.56871,8.371149,5.0,5.0,14.60869,-105.25869,-0.7163213182762886
688200.SH,华峰测控,20260527,09:36:00,293.5453,20260528,10:00:00,279.1644,100,FORCE_1000,305.204054,260.404054,25.645753,0.471391,8.610252,7.338633,6.97911,27.91644,-1480.324183,-5.041655221362383
002831.SZ,裕同科技,20260527,10:30:00,28.0714,20260528,10:00:00,27.3392,100,FORCE_1000,29.67402,28.498121,1.963653,0.520913,7.048453,5.0,5.0,2.73392,-85.95392,-3.056530613696331
300604.SZ,长川科技,20260527,10:42:00,230.715,20260528,10:00:00,218.9305,100,FORCE_1000,238.99,205.4685,20.547857,0.369382,8.743769,5.767875,5.473262,21.89305,-1211.584188,-5.250119704648963
601991.SH,大唐发电,20260623,09:35:00,8.1511,20260624,10:00:00,7.8931,100,FORCE_1000,8.537,8.12,0.892857,0.4592,10.787207,5.0,5.0,0.78931,-36.58931,-4.461512480033167
605358.SH,立昂微,20260623,09:37:00,67.6838,20260624,10:00:00,67.2164,100,FORCE_1000,69.062,63.3165,6.049286,0.34252,8.823346,5.0,5.0,6.72164,-63.46164,-0.9369272062101934
688322.SH,奥比中光-W,20260623,09:37:00,121.2606,20260624,09:31:00,122.6159,100,SELLBACK,130.486,122.831,13.226429,0.41402,10.329919,5.0,5.0,12.26159,113.26841,0.9337057932282917
300390.SZ,天华新能,20260623,09:39:00,89.5748,20260624,10:00:00,87.1464,100,FORCE_1000,92.618,88.053,6.915,0.491396,7.53268,5.0,5.0,8.71464,-261.55464,-2.918328855406093
688629.SH,华丰科技,20260623,09:53:00,143.9319,20260624,09:31:00,146.0107,100,SELLBACK,152.174,142.7355,11.301429,0.425964,7.657313,5.0,5.0,14.60107,183.27893,1.272930347495067
688772.SH,珠海冠宇,20260623,09:53:00,19.6298,20260624,09:32:00,19.8702,100,SELLBACK,20.366,17.425,1.553571,0.409379,7.850285,5.0,5.0,1.98702,12.05298,0.6124543948617364
300666.SZ,江丰电子,20260623,10:03:00,296.5482,20260624,10:00:00,297.3013,100,FORCE_1000,302.946,237.103,27.309286,0.344425,8.845113,7.413705,7.432533,29.73013,30.733633,0.10361199802299247
603688.SH,石英股份,20260624,09:35:00,78.7594,20260625,09:31:00,82.3763,100,SELLBACK,81.392,72.4215,7.050714,0.395988,8.743445,5.0,5.0,8.23763,343.45237,4.358012749748126
001696.SZ,宗申动力,20260624,09:37:00,21.6708,20260625,09:31:00,23.3649,100,SELLBACK,23.732,18.4455,1.73,0.73526,7.723214,5.0,5.0,2.33649,157.07351,7.231479043129167
605589.SH,圣泉集团,20260624,09:37:00,63.8219,20260625,09:31:00,65.941,100,SELLBACK,68.594,56.6295,5.521429,0.66903,8.344308,5.0,5.0,6.5941,195.3159,3.0579315786754426
688322.SH,奥比中光-W,20260624,09:37:00,122.8814,20260625,09:31:00,125.1121,100,SELLBACK,129.502,123.0605,13.585,0.397644,11.055501,5.0,5.0,12.51121,200.55879,1.6314691771182954
300666.SZ,江丰电子,20260624,10:16:00,296.0179,20260625,09:31:00,316.1852,100,SELLBACK,302.792,241.345,26.732857,0.379009,9.129139,7.400448,7.90463,31.61852,1969.806402,6.652685778399311
300679.SZ,电连技术,20260624,10:49:00,65.5227,20260625,09:31:00,68.3673,100,SELLBACK,67.926,59.683824,5.13,0.402729,7.469423,5.0,5.0,6.83673,267.62327,4.081321495073407
002138.SZ,顺络电子,20260624,10:54:00,67.1836,20260625,09:31:00,68.2375,100,SELLBACK,67.702,56.46,5.217143,0.485323,7.892803,5.0,5.0,6.82375,88.56625,1.3172915030579948
603256.SH,宏和科技,20260624,10:54:00,266.3231,20260625,09:33:00,270.1743,100,SELLBACK,255.832,212.643,19.275571,0.508519,7.775543,6.658078,6.754358,27.01743,344.690135,1.293932009667952
002203.SZ,海亮股份,20260625,09:35:00,24.2441,20260626,10:00:00,22.9805,100,FORCE_1000,24.692,21.542,1.784286,0.425941,7.267374,5.0,5.0,2.29805,-138.65805,-5.707478358943118
002851.SZ,麦格米特,20260625,09:36:00,167.6538,20260626,09:31:00,175.3666,100,SELLBACK,178.08,153.592,13.337857,0.814973,7.832897,5.0,5.0,17.53666,743.74334,4.434862775918018
300679.SZ,电连技术,20260625,09:36:00,66.4032,20260626,10:00:00,65.6372,100,FORCE_1000,68.686,60.329743,5.198571,0.614784,7.67997,5.0,5.0,6.56372,-93.16372,-1.4019448273371335
000831.SZ,中国稀土,20260625,09:37:00,56.5985,20260626,09:31:00,57.8441,100,SELLBACK,61.019,55.2405,4.196429,0.795438,7.204046,5.0,5.0,5.78441,108.77559,1.9201848239582688
605358.SH,立昂微,20260625,09:37:00,66.4532,20260626,09:31:00,72.2914,100,SELLBACK,68.562,64.6535,6.101429,0.416624,9.099819,5.0,5.0,7.22914,566.59086,8.519753335177857
605589.SH,圣泉集团,20260625,09:37:00,64.6923,20260626,09:31:00,71.3528,100,SELLBACK,68.448,57.7285,5.742143,0.567384,8.656932,5.0,5.0,7.13528,648.91472,10.023040886715485
300024.SZ,机器人,20260625,09:38:00,15.948,20260626,09:42:00,16.1258,100,SELLBACK,17.042,16.036,1.143571,0.788757,7.046035,5.0,5.0,1.61258,6.16742,0.38551193899237407
601958.SH,金钼股份,20260625,09:38:00,26.4732,20260626,09:43:00,26.9296,100,SELLBACK,27.964,24.7015,2.059286,0.49726,7.632638,5.0,5.0,2.69296,32.94704,1.2421970199674248
000831.SZ,中国稀土,20260626,09:35:00,56.9194,20260629,10:00:00,54.3138,100,FORCE_1000,60.729,55.656,4.147143,0.785601,7.198526,5.0,5.0,5.43138,-275.99138,-4.844554796083511
002851.SZ,麦格米特,20260626,09:37:00,169.9749,20260629,10:00:00,165.6671,100,FORCE_1000,176.696,155.398,13.350714,0.532256,7.7643,5.0,5.0,16.56671,-457.34671,-2.689880776286297
300570.SZ,太辰光,20260626,09:39:00,235.6178,20260629,09:46:00,238.372,100,SELLBACK,267.786,204.8425,22.188571,1.297335,8.623284,5.890445,5.9593,23.8372,239.733055,1.0172115040367113
300548.SZ,长芯博创,20260626,09:44:00,278.7493,20260629,10:00:00,263.1683,100,FORCE_1000,285.756,250.684,23.36,0.59786,8.29516,6.968732,6.579207,26.31683,-1597.96477,-5.731190638524782
688313.SH,仕佳光子,20260626,09:45:00,189.5947,20260629,10:00:00,178.7106,100,FORCE_1000,192.248,167.397,14.423571,0.430407,7.21395,5.0,5.0,17.87106,-1116.28106,-5.886170612730016
688777.SH,中控技术,20260626,09:57:00,118.7894,20260629,09:31:00,122.4761,100,SELLBACK,121.956,105.3465,9.893571,0.444329,8.265306,5.0,5.0,12.24761,346.42239,2.9150466091212173
600378.SH,昊华科技,20260626,10:00:00,64.8124,20260629,09:33:00,65.7013,100,SELLBACK,67.454,54.4174,5.766286,0.387424,8.430242,5.0,5.0,6.57013,72.31987,1.114973698167197
300024.SZ,机器人,20260626,10:06:00,15.8654,20260629,09:32:00,16.2756,100,SELLBACK,16.78,16.0055,1.163571,0.618785,7.336516,5.0,5.0,1.62756,29.39244,1.846792414893751
002203.SZ,海亮股份,20260629,09:34:00,22.093,20260630,10:00:00,21.971,100,FORCE_1000,24.274,21.872,1.845714,0.997988,8.220712,5.0,5.0,2.1971,-24.3971,-1.1017974077586594
300037.SZ,新宙邦,20260629,09:34:00,86.3632,20260630,09:43:00,87.3089,100,SELLBACK,88.2,78.967,6.353571,0.516245,7.616365,5.0,5.0,8.73089,75.83911,0.8776333939722172
300679.SZ,电连技术,20260629,09:34:00,62.9715,20260630,10:00:00,58.7106,100,FORCE_1000,67.076,61.323581,5.105714,0.571125,8.029115,5.0,5.0,5.87106,-441.96106,-7.012861642455352
600498.SH,烽火通信,20260630,09:56:00,71.7689,20260701,09:31:00,73.7522,100,SELLBACK,79.501,66.195,6.118571,1.331683,8.501204,5.0,5.0,7.37522,180.95478,2.5195983230041117
601233.SH,桐昆股份,20260630,09:56:00,21.7358,20260701,10:00:00,21.6192,100,FORCE_1000,23.696,21.787,1.719286,1.062069,7.449245,5.0,5.0,2.16192,-23.82192,-1.0934608781867088
000960.SZ,锡业股份,20260630,10:08:00,41.3607,20260701,09:31:00,42.8756,100,SELLBACK,44.176,40.8445,3.42,0.805848,7.62882,5.0,5.0,4.28756,137.20244,3.313212285713596
603688.SH,石英股份,20260630,10:08:00,81.3006,20260701,09:51:00,82.3763,100,SELLBACK,82.964,75.1292,7.065714,0.378447,8.398567,5.0,5.0,8.23763,89.33237,1.0981156869156465
688777.SH,中控技术,20260630,10:08:00,115.2776,20260701,09:31:00,120.8186,100,SELLBACK,119.752,108.4095,9.579286,0.383327,8.087198,5.0,5.0,12.08186,532.01814,4.613103368144313
605589.SH,圣泉集团,20260630,10:24:00,62.7614,20260701,09:31:00,63.8042,100,SELLBACK,66.972,60.938,6.613571,0.482644,10.549643,5.0,5.0,6.38042,87.89958,1.399420805777295
688772.SH,珠海冠宇,20260630,10:36:00,18.9762,20260701,09:31:00,19.4708,100,SELLBACK,20.01,18.305,1.751429,0.353997,8.958714,5.0,5.0,1.94708,37.51292,1.9716454152694705
600352.SH,浙江龙盛,20260630,10:44:00,11.7959,20260701,09:39:00,11.962,100,SELLBACK,12.272,11.168,0.863571,0.430769,7.026619,5.0,5.0,1.1962,5.4138,0.4570188841708946
600498.SH,烽火通信,20260701,09:34:00,73.1195,20260702,10:00:00,65.5002,100,FORCE_1000,77.671,67.4975,6.04,0.653642,8.217352,5.0,5.0,6.55002,-778.48002,-10.639406036668284
000050.SZ,深天马Ａ,20260701,09:35:00,9.7149,20260702,10:00:00,9.1954,100,FORCE_1000,10.074,8.824,0.742143,0.517421,7.488828,5.0,5.0,0.91954,-62.86954,-6.438318876793413
605589.SH,圣泉集团,20260701,09:36:00,63.6418,20260702,10:00:00,59.6302,100,FORCE_1000,66.452,61.689,6.494286,0.392961,10.21596,5.0,5.0,5.96302,-417.12302,-6.549085125557763
600497.SH,驰宏锌锗,20260701,09:37:00,11.8859,20260702,10:00:00,11.6142,100,FORCE_1000,12.372,10.2695,0.898571,0.41399,7.420078,5.0,5.0,1.16142,-38.33142,-3.2114394390033434
000703.SZ,恒逸石化,20260701,09:38:00,13.4167,20260702,09:31:00,14.4283,100,SELLBACK,15.112,13.464,1.083571,1.395386,7.985051,5.0,5.0,1.44283,89.71717,6.662149598639607
600909.SH,华安证券,20260701,09:40:00,11.3857,20260702,09:31:00,12.7409,100,SELLBACK,11.586,8.7865,0.836429,0.509308,7.610815,5.0,5.0,1.27409,124.24591,10.864740243273259
603225.SH,新凤鸣,20260701,09:54:00,20.1501,20260702,09:31:00,20.9685,100,SELLBACK,21.052,20.1635,1.642143,0.512745,8.356961,5.0,5.0,2.09685,69.74315,3.452614095969822
688772.SH,珠海冠宇,20260701,10:02:00,19.3297,20260702,10:00:00,19.1004,100,FORCE_1000,20.008,18.48,1.785714,0.41328,9.096863,5.0,5.0,1.91004,-34.84004,-1.7977595112411444
002025.SZ,航天电器,20260709,14:57:00,83.5515,20260710,09:33:00,85.1821,100,SELLBACK,86.934,72.1205,6.640714,0.476455,7.706527,5.0,5.0,8.51821,144.54179,1.7289377582938106
688336.SH,三生国健,20260710,09:38:00,51.1155,20260713,09:31:00,53.4997,100,SELLBACK,54.426,46.960707,5.530714,0.75144,10.827553,5.0,5.0,5.34997,223.07003,4.359774261953856
688578.SH,艾力斯,20260710,09:45:00,123.0815,20260713,10:00:00,119.7501,100,FORCE_1000,124.164,101.986,9.139286,0.439203,7.550633,5.0,5.0,11.97501,-355.11501,-2.884030568944583
002025.SZ,航天电器,20260710,09:51:00,84.0131,20260713,10:00:00,78.001,100,FORCE_1000,87.066,73.188,7.12,0.395506,8.513691,5.0,5.0,7.8001,-619.0101,-7.363636363636364
688331.SH,荣昌生物,20260710,09:58:00,134.6373,20260713,10:00:00,137.0315,100,FORCE_1000,135.962,122.998,11.48,0.494948,8.696311,5.0,5.0,13.70315,215.71685,1.6016124014662108
300558.SZ,贝达药业,20260710,09:59:00,66.5332,20260713,10:00:00,67.4163,100,FORCE_1000,66.64,60.4855,5.095,0.408243,7.860228,5.0,5.0,6.74163,71.56837,1.074871288853645
688192.SH,迪哲医药-U,20260710,09:59:00,47.3337,20260713,09:50:00,47.8581,100,SELLBACK,47.13,41.0195,3.509286,0.470181,7.582726,5.0,5.0,4.78581,37.65419,0.7946654651283037
688520.SH,神州细胞,20260710,09:59:00,37.2886,20260713,10:00:00,36.3418,100,FORCE_1000,37.542,35.2065,2.564286,0.796323,7.069991,5.0,5.0,3.63418,-108.31418,-2.9008634496204997
300223.SZ,君正股份,20260710,10:16:00,232.3361,20260713,10:00:00,203.1684,100,FORCE_1000,239.032,210.5055,25.031429,0.330465,10.605639,5.808403,5.07921,20.31684,-2947.974453,-12.685233347676503
688114.SH,华大智造,20260818,09:42:00,63.3116,20260819,10:00:00,60.4298,100,FORCE_1000,66.16,54.2495,4.595714,0.448244,7.11521,5.0,5.0,6.04298,-304.22298,-4.801377806116007
002131.SZ,利欧股份,20260818,09:55:00,5.1226,20260819,10:00:00,4.7076,100,FORCE_1000,5.406,4.817,0.376429,0.467552,7.075725,5.0,5.0,0.47076,-51.97076,-10.047318563198392
300058.SZ,蓝色光标,20260818,10:31:00,14.7715,20260819,10:00:00,14.1429,100,FORCE_1000,15.448,14.0065,1.152857,0.414622,7.486085,5.0,5.0,1.41429,-74.27429,-5.011253246972304
301526.SZ,国际复材,20260818,11:14:00,37.0285,20260819,10:00:00,35.882,100,FORCE_1000,38.044,32.912,3.836429,0.303407,9.977708,5.0,5.0,3.5882,-128.2382,-3.4585595425920683
301611.SZ,珂玛科技,20260820,09:59:00,101.8209,20260821,10:00:00,99.4303,100,FORCE_1000,106.96,96.8575,8.006429,0.549558,7.711094,5.0,5.0,9.94303,-259.00303,-2.542463353126359
300567.SZ,精测电子,20260821,10:18:00,217.4887,20260824,09:31:00,222.6556,100,SELLBACK,226.932,213.192,18.461429,0.52282,8.472432,5.437218,5.56639,22.26556,483.420832,2.2221844491150597
002281.SZ,光迅科技,20260821,10:56:00,180.9704,20260824,10:00:00,170.005,100,FORCE_1000,187.988,178.885,13.883571,0.549426,8.018234,5.0,5.0,17.0005,-1123.5405,-6.206706536942798
300666.SZ,江丰电子,20260821,10:56:00,247.9639,20260824,09:31:00,250.8533,100,SELLBACK,261.124,237.4245,17.75,0.574873,7.127083,6.199097,6.271332,25.08533,251.38424,1.0135403163427745
301611.SZ,珂玛科技,20260821,10:56:00,99.0895,20260824,09:31:00,104.8326,100,SELLBACK,106.326,97.09,7.608571,0.903718,7.623819,5.0,5.0,10.48326,553.82674,5.586337837088143
300759.SZ,康龙化成,20260824,09:34:00,48.2341,20260825,10:00:00,44.9375,100,FORCE_1000,49.718,43.869,3.472857,0.51485,7.238135,5.0,5.0,4.49375,-344.15375,-7.127682818981819
688234.SH,天岳先进,20260824,09:35:00,108.2341,20260825,10:00:00,104.6177,100,FORCE_1000,114.334,101.021,7.983571,0.817178,7.261093,5.0,5.0,10.46177,-382.10177,-3.528696918568839
688114.SH,华大智造,20260828,10:10:00,66.9234,20260831,10:00:00,62.9785,100,FORCE_1000,70.114,61.889,6.89,0.351814,9.913669,5.0,5.0,6.29785,-410.78785,-6.133597069881476
