code,name,screen_date,buy_date,buy_time,buy_price,sell_date,sell_time,sell_price,shares,exit_reason,buy_commission,sell_commission,stamp_tax,net_pnl,return_pct
002008.SZ,大族激光,20250903,20250904,11:06:00,33.4668,20250905,10:00:00,33.0934,100,FORCE_1000,5.0,5.0,3.30934,-50.64934,-1.5111627601680353
002195.SZ,岩山科技,20250903,20250904,11:06:00,8.4022,20250905,10:00:00,7.6042,100,FORCE_1000,5.0,5.0,0.76042,-90.56042,-10.714419914341827
002402.SZ,和而泰,20250903,20250904,11:06:00,34.8174,20250905,10:00:00,33.5132,100,FORCE_1000,5.0,5.0,3.35132,-143.77132,-4.12337369577313
002436.SZ,兴森科技,20250903,20250904,11:06:00,18.4192,20250905,10:00:00,18.1709,100,FORCE_1000,5.0,5.0,1.81709,-36.64709,-1.9842272540229138
002851.SZ,麦格米特,20250903,20250904,11:06:00,75.9279,20250905,10:00:00,74.1829,100,FORCE_1000,5.0,5.0,7.41829,-191.91829,-2.525975184889291
003031.SZ,中瓷电子,20250903,20250904,11:06:00,55.4777,20250905,10:00:00,54.2129,100,FORCE_1000,5.0,5.0,5.42129,-141.90129,-2.5555045499813605
300373.SZ,扬杰科技,20250903,20250904,11:06:00,60.5503,20250905,10:00:00,59.99,100,FORCE_1000,5.0,5.0,5.999,-72.029,-1.1885914756197575
300620.SZ,光库科技,20250903,20250904,11:06:00,96.7576,20250905,10:00:00,94.2529,100,FORCE_1000,5.0,5.0,9.42529,-269.89529,-2.787955594395481
300458.SZ,全志科技,20250904,20250905,10:20:00,37.4437,20250908,09:31:00,38.7668,100,SELLBACK,5.0,5.0,3.87668,118.43332,3.158752537092898
300570.SZ,太辰光,20250904,20250905,10:20:00,104.7523,20250908,09:31:00,109.3358,100,SELLBACK,5.0,5.0,10.93358,437.41642,4.17372920250796
688498.SH,源杰科技,20250904,20250905,10:20:00,238.74,20250908,09:31:00,254.1012,100,SELLBACK,5.9685,6.35253,25.41012,1498.38885,6.274668452766176
300454.SZ,深信服,20250904,20250905,14:05:00,112.3762,20250908,10:00:00,112.1739,100,FORCE_1000,5.0,5.0,11.21739,-41.44739,-0.3686630874297984
300496.SZ,中科创达,20250904,20250905,14:05:00,72.7313,20250908,09:31:00,73.6644,100,SELLBACK,5.0,5.0,7.36644,75.94356,1.0434487979742049
688318.SH,财富趋势,20250904,20250905,14:05:00,108.0754,20250908,09:33:00,109.4,100,SELLBACK,5.0,5.0,10.94,111.52,1.031395028365213
688331.SH,荣昌生物,20250904,20250905,14:05:00,90.2351,20250908,10:00:00,90.6746,100,FORCE_1000,5.0,5.0,9.06746,24.88254,0.2755996282886102
300620.SZ,光库科技,20250904,20250905,14:40:00,99.5097,20250908,10:00:00,93.6532,100,FORCE_1000,5.0,5.0,9.36532,-605.01532,-6.076909833999098
002131.SZ,利欧股份,20250905,20250908,09:34:00,5.5378,20250909,09:39:00,5.5966,100,SELLBACK,5.0,5.0,0.55966,-4.67966,-0.8374780772397009
002195.SZ,岩山科技,20250905,20250908,09:34:00,8.3622,20250909,10:00:00,7.944,100,FORCE_1000,5.0,5.0,0.7944,-52.6144,-6.254535080002855
002402.SZ,和而泰,20250905,20250908,09:34:00,37.4587,20250909,10:00:00,36.3218,100,FORCE_1000,5.0,5.0,3.63218,-127.32218,-3.3944706161503864
300475.SZ,香农芯创,20250905,20250908,09:34:00,44.7252,20250909,09:31:00,50.0477,100,SELLBACK,5.0,5.0,5.00477,517.24523,11.552047338705353
300953.SZ,震裕科技,20250905,20250908,09:34:00,110.7625,20250909,10:00:00,107.589,100,FORCE_1000,5.0,5.0,10.7589,-338.1089,-3.051180146644106
300972.SZ,万辰集团,20250905,20250908,10:13:00,195.2003,20250909,10:00:00,187.7089,100,FORCE_1000,5.0,5.0,18.77089,-777.91089,-3.9841725723340757
600737.SH,中粮糖业,20250905,20250908,10:22:00,16.7083,20250909,10:00:00,16.6717,100,FORCE_1000,5.0,5.0,1.66717,-15.32717,-0.9146017197448428
688019.SH,安集科技,20250905,20250908,10:22:00,130.4498,20250909,10:00:00,131.3343,100,FORCE_1000,5.0,5.0,13.13343,65.31657,0.5005108820090145
301377.SZ,鼎泰高科,20250908,20250909,09:34:00,66.2731,20250910,09:31:00,66.9794,100,SELLBACK,5.0,5.0,6.69794,53.93206,0.8131715797361704
000831.SZ,中国稀土,20250908,20250909,09:39:00,51.6468,20250910,09:32:00,52.2425,100,SELLBACK,5.0,5.0,5.22425,44.34575,0.857804544962164
300558.SZ,贝达药业,20250908,20250909,10:25:00,73.4867,20250910,10:00:00,72.8436,100,FORCE_1000,5.0,5.0,7.28436,-81.59436,-1.1095733150930078
688692.SH,达梦数据,20250908,20250909,13:01:00,251.7986,20250910,09:31:00,255.017,100,SELLBACK,6.294965,6.375425,25.5017,283.66791,1.1262850974839143
300548.SZ,长芯博创,20250909,20250910,09:34:00,115.6778,20250911,09:31:00,120.1096,100,SELLBACK,5.0,5.0,12.01096,421.16904,3.6393074092828166
600521.SH,华海药业,20250909,20250910,09:34:00,24.6423,20250911,10:00:00,24.6877,100,FORCE_1000,5.0,5.0,2.46877,-7.92877,-0.32110293492303266
688498.SH,源杰科技,20250909,20250910,09:34:00,224.5329,20250911,09:31:00,239.6401,100,SELLBACK,5.613323,5.991002,23.96401,1475.151665,6.568226612927039
688709.SH,成都华微,20250909,20250910,09:34:00,46.8244,20250911,10:00:00,47.0275,100,FORCE_1000,5.0,5.0,4.70275,5.60725,0.11962286450599902
601869.SH,长飞光纤,20250909,20250910,09:36:00,84.2771,20250911,09:31:00,88.572,100,SELLBACK,5.0,5.0,8.8572,410.6328,4.869523557670072
688629.SH,华丰科技,20250909,20250910,09:38:00,77.8889,20250911,10:00:00,77.4812,100,FORCE_1000,5.0,5.0,7.74812,-58.51812,-0.7508204503784375
600601.SH,方正科技,20250909,20250910,09:39:00,8.6943,20250911,09:31:00,9.6954,100,SELLBACK,5.0,5.0,0.96954,89.14046,10.19412188511373
688343.SH,云天励飞-U,20250909,20250910,10:14:00,82.0563,20250911,10:00:00,82.7086,100,FORCE_1000,5.0,5.0,8.27086,46.95914,0.5719310211274896
002138.SZ,顺络电子,20250910,20250911,09:34:00,33.7269,20250912,09:31:00,34.9475,100,SELLBACK,5.0,5.0,3.49475,108.56525,3.214186322605094
600601.SH,方正科技,20250910,20250911,09:34:00,9.7749,20250912,09:31:00,10.644,100,SELLBACK,5.0,5.0,1.0644,75.8456,7.71973251636149
002195.SZ,岩山科技,20250910,20250911,09:35:00,7.932,20250912,09:31:00,8.1757,100,SELLBACK,5.0,5.0,0.81757,13.55243,1.6978739664244549
300207.SZ,欣旺达,20250910,20250911,09:35:00,27.1436,20250912,09:31:00,27.9581,100,SELLBACK,5.0,5.0,2.79581,68.65419,2.5246451370910803
300724.SZ,捷佳伟创,20250910,20250911,13:24:00,97.7889,20250912,10:00:00,97.6112,100,FORCE_1000,5.0,5.0,9.76112,-37.53112,-0.3836012056554193
688411.SH,海博思创,20250911,20250912,09:35:00,171.1055,20250915,09:31:00,195.4165,100,SELLBACK,5.0,5.0,19.54165,2401.55835,14.031441291690887
600021.SH,上海电力,20250911,20250912,09:36:00,22.1911,20250915,09:32:00,22.636,100,SELLBACK,5.0,5.0,2.2636,32.2264,1.4489571109342614
688772.SH,珠海冠宇,20250911,20250912,09:36:00,22.1411,20250915,09:31:00,22.8457,100,SELLBACK,5.0,5.0,2.28457,58.17543,2.621565852977094
688331.SH,荣昌生物,20250911,20250912,09:37:00,109.2546,20250915,10:00:00,108.5557,100,FORCE_1000,5.0,5.0,10.85557,-90.74557,-0.8302081522644061
300759.SZ,康龙化成,20250911,20250912,09:38:00,32.3762,20250915,09:31:00,34.5082,100,SELLBACK,5.0,5.0,3.45082,199.74918,6.160116819115407
300763.SZ,锦浪科技,20250911,20250912,09:41:00,83.0197,20250915,09:31:00,85.5216,100,SELLBACK,5.0,5.0,8.55216,231.63784,2.7884757017299933
300751.SZ,迈为股份,20250911,20250912,09:42:00,90.9072,20250915,09:31:00,92.581,100,SELLBACK,5.0,5.0,9.2581,148.1219,1.6284791088555937
688180.SH,君实生物-U,20250911,20250912,10:06:00,48.104,20250915,10:00:00,47.5262,100,FORCE_1000,5.0,5.0,4.75262,-72.53262,-1.5062636541097314
300207.SZ,欣旺达,20250912,20250915,09:34:00,30.2352,20250916,10:00:00,28.2859,100,FORCE_1000,5.0,5.0,2.82859,-207.75859,-6.860069935149841
300751.SZ,迈为股份,20250912,20250915,09:34:00,91.5758,20250916,10:00:00,89.6651,100,FORCE_1000,5.0,5.0,8.96651,-210.03651,-2.292329343918416
601212.SH,白银有色,20250912,20250915,09:35:00,3.922,20250916,09:31:00,4.004,100,SELLBACK,5.0,5.0,0.4004,-2.2004,-0.5539778449144008
300763.SZ,锦浪科技,20250912,20250915,09:39:00,85.9229,20250916,10:00:00,82.9785,100,FORCE_1000,5.0,5.0,8.29785,-312.73785,-3.6376329052527017
000009.SZ,中国宝安,20250912,20250915,09:40:00,11.2292,20250916,10:00:00,10.7046,100,FORCE_1000,5.0,5.0,1.07046,-63.53046,-5.632532449109865
000830.SZ,鲁西化工,20250912,20250915,10:01:00,13.9487,20250916,09:31:00,14.1987,100,SELLBACK,5.0,5.0,1.41987,13.58013,0.9700993663697344
601233.SH,桐昆股份,20250912,20250915,14:59:00,14.2971,20250916,09:31:00,14.4483,100,SELLBACK,5.0,5.0,1.44483,3.67517,0.2561611754291808
600988.SH,赤峰黄金,20250915,20250916,09:35:00,29.3046,20250917,10:00:00,28.076,100,FORCE_1000,5.0,5.0,2.8076,-135.6676,-4.621681099384764
601212.SH,白银有色,20250915,20250916,09:37:00,3.8919,20250917,10:00:00,3.7781,100,FORCE_1000,5.0,5.0,0.37781,-21.75781,-5.519625053908014
601869.SH,长飞光纤,20250915,20250916,09:42:00,86.2381,20250917,09:31:00,96.54,100,SELLBACK,5.0,5.0,9.654,1010.536,11.711186131111937
688266.SH,泽璟制药-U,20250915,20250916,09:43:00,107.9968,20250917,10:00:00,104.5477,100,FORCE_1000,5.0,5.0,10.45477,-365.36477,-3.381541794851861
688819.SH,天能股份,20250915,20250916,10:38:00,30.5667,20250917,09:31:00,31.273,100,SELLBACK,5.0,5.0,3.1273,57.5027,1.878148200165269
002812.SZ,恩捷股份,20250916,20250917,09:35:00,43.6518,20250918,09:31:00,44.1437,100,SELLBACK,5.0,5.0,4.41437,34.77563,0.7957482300500208
688778.SH,厦钨新能,20250916,20250917,09:35:00,80.1901,20250918,09:50:00,81.0782,100,SELLBACK,5.0,5.0,8.10782,70.70218,0.8811327503330628
600021.SH,上海电力,20250916,20250917,09:36:00,20.6403,20250918,10:00:00,19.6502,100,FORCE_1000,5.0,5.0,1.96502,-110.97502,-5.363625467006278
601869.SH,长飞光纤,20250916,20250917,09:37:00,96.6533,20250918,09:31:00,99.885,100,SELLBACK,5.0,5.0,9.9885,303.1815,3.135172222664584
000009.SZ,中国宝安,20250916,20250917,10:16:00,10.597,20250918,10:00:00,10.5447,100,FORCE_1000,5.0,5.0,1.05447,-16.28447,-1.5294890579505962
300285.SZ,国瓷材料,20250916,20250917,10:30:00,22.8514,20250918,09:31:00,23.2251,100,SELLBACK,5.0,5.0,2.32251,25.04749,1.0937099915289021
603308.SH,应流股份,20250916,20250917,10:30:00,31.1387,20250918,09:31:00,32.3314,100,SELLBACK,5.0,5.0,3.23314,106.03686,3.399848663137611
688819.SH,天能股份,20250916,20250917,10:33:00,30.7774,20250918,09:31:00,31.3829,100,SELLBACK,5.0,5.0,3.13829,47.41171,1.5379730369736015
301200.SZ,大族数控,20250917,20250918,09:34:00,110.2851,20250919,09:31:00,111.8121,100,SELLBACK,5.0,5.0,11.18121,131.51879,1.191994116106298
000831.SZ,中国稀土,20250917,20250918,09:35:00,53.3176,20250919,10:00:00,51.8651,100,FORCE_1000,5.0,5.0,5.18651,-160.43651,-3.0062530449186395
600292.SH,电投水电,20250917,20250918,09:37:00,12.7754,20250919,10:00:00,12.5727,100,FORCE_1000,5.0,5.0,1.25727,-31.52727,-2.458189997972773
301377.SZ,鼎泰高科,20250917,20250918,09:42:00,83.0215,20250919,09:31:00,84.4032,100,SELLBACK,5.0,5.0,8.44032,119.72968,1.4412846764534166
688331.SH,荣昌生物,20250917,20250918,09:42:00,106.1931,20250919,10:00:00,103.8381,100,FORCE_1000,5.0,5.0,10.38381,-255.88381,-2.4084746209400896
000960.SZ,锡业股份,20250917,20250918,09:51:00,20.5919,20250919,10:00:00,20.1499,100,FORCE_1000,5.0,5.0,2.01499,-56.21499,-2.723343781337958
688778.SH,厦钨新能,20250917,20250918,10:03:00,80.4302,20250919,09:31:00,83.5445,100,SELLBACK,5.0,5.0,8.35445,293.07555,3.641585756496629
688375.SH,国博电子,20250917,20250918,11:03:00,76.1497,20250919,09:52:00,77.0982,100,SELLBACK,5.0,5.0,7.70982,77.14018,1.012342305809603
301377.SZ,鼎泰高科,20250918,20250919,09:34:00,82.9915,20250922,10:00:00,79.7401,100,FORCE_1000,5.0,5.0,7.97401,-343.11401,-4.1318378160317435
688778.SH,厦钨新能,20250918,20250919,09:34:00,84.2121,20250922,09:31:00,86.0108,100,SELLBACK,5.0,5.0,8.60108,161.26892,1.913896283145091
600977.SH,中国电影,20250918,20250919,09:35:00,17.1065,20250922,09:31:00,17.6914,100,SELLBACK,5.0,5.0,1.76914,46.72086,2.7232162737155017
300223.SZ,君正股份,20250918,20250919,10:15:00,82.8914,20250922,10:00:00,82.9785,100,FORCE_1000,5.0,5.0,8.29785,-9.58785,-0.115597879948976
002738.SZ,中矿资源,20250918,20250919,11:02:00,42.5613,20250922,09:31:00,43.1652,100,SELLBACK,5.0,5.0,4.31652,46.07348,1.0812502786819458
688248.SH,南网科技,20250918,20250919,11:06:00,50.6748,20250922,09:31:00,51.4607,100,SELLBACK,5.0,5.0,5.14607,63.44393,1.2507477604643096
000893.SZ,亚钾国际,20250918,20250919,13:40:00,35.9153,20250922,10:00:00,35.7621,100,FORCE_1000,5.0,5.0,3.57621,-28.89621,-0.803446933572082
600292.SH,电投水电,20250918,20250919,13:40:00,12.4424,20250922,10:00:00,12.3528,100,FORCE_1000,5.0,5.0,1.23528,-20.19528,-1.6166052960199802
002131.SZ,利欧股份,20250919,20250922,09:34:00,6.1681,20250923,09:31:00,6.4353,100,SELLBACK,5.0,5.0,0.64353,16.07647,2.5854312410543416
002407.SZ,多氟多,20250919,20250922,09:34:00,15.9557,20250923,09:39:00,16.1557,100,SELLBACK,5.0,5.0,1.61557,8.38443,0.5238402569084765
300953.SZ,震裕科技,20250919,20250922,09:34:00,115.4005,20250923,09:31:00,118.7288,100,SELLBACK,5.0,5.0,11.87288,310.95712,2.6934237616987367
688331.SH,荣昌生物,20250919,20250922,09:34:00,103.1916,20250923,09:32:00,104.7227,100,SELLBACK,5.0,5.0,10.47227,132.63773,1.284731445463844
002262.SZ,恩华药业,20250919,20250922,10:30:00,27.0042,20250923,10:00:00,26.9465,100,FORCE_1000,5.0,5.0,2.69465,-18.46465,-0.6825058586097537
002821.SZ,凯莱英,20250919,20250922,10:34:00,109.9537,20250923,10:00:00,108.1359,100,FORCE_1000,5.0,5.0,10.81359,-202.59359,-1.8416979610685824
600884.SH,杉杉股份,20250919,20250922,13:39:00,14.2698,20250923,09:32:00,14.5282,100,SELLBACK,5.0,5.0,1.45282,14.38718,1.0047053729800697
603806.SH,福斯特,20250919,20250922,14:51:00,15.2833,20250923,09:32:00,15.4468,100,SELLBACK,5.0,5.0,1.54468,4.80532,0.3133911160676436
000559.SZ,万向钱潮,20250922,20250923,09:34:00,9.8049,20250924,09:31:00,11.4129,100,SELLBACK,5.0,5.0,1.14129,149.65871,15.186223097139495
002126.SZ,银轮股份,20250922,20250923,09:34:00,43.0015,20250924,10:00:00,41.6492,100,FORCE_1000,5.0,5.0,4.16492,-149.39492,-3.470144361985065
600143.SH,金发科技,20250922,20250923,09:34:00,21.4907,20250924,10:00:00,20.2299,100,FORCE_1000,5.0,5.0,2.02299,-138.10299,-6.411258222806129
688411.SH,海博思创,20250922,20250923,09:34:00,243.0114,20250924,09:31:00,258.8213,100,SELLBACK,6.075285,6.470533,25.88213,1542.562053,6.346107667676422
688702.SH,盛科通信-U,20250922,20250923,09:34:00,138.4192,20250924,09:31:00,141.5774,100,SELLBACK,5.0,5.0,14.15774,291.66226,2.106333105123739
002444.SZ,巨星科技,20250922,20250923,09:41:00,32.2561,20250924,10:00:00,32.2039,100,FORCE_1000,5.0,5.0,3.22039,-18.44039,-0.5708021085801133
000932.SZ,华菱钢铁,20250922,20250923,10:00:00,6.031,20250924,10:00:00,5.997,100,FORCE_1000,5.0,5.0,0.5997,-13.9997,-2.3022035849366884
688017.SH,绿的谐波,20250922,20250923,10:01:00,170.3952,20250924,09:42:00,172.2513,100,SELLBACK,5.0,5.0,17.22513,158.38487,0.9292421845848402
688375.SH,国博电子,20250923,20250924,09:34:00,71.8699,20250925,10:00:00,72.2978,100,FORCE_1000,5.0,5.0,7.22978,25.56022,0.3553984363159571
000559.SZ,万向钱潮,20250923,20250924,09:35:00,11.2056,20250925,10:00:00,10.4448,100,FORCE_1000,5.0,5.0,1.04448,-87.12448,-7.74054515085824
002131.SZ,利欧股份,20250923,20250924,09:35:00,5.9959,20250925,10:00:00,5.7821,100,FORCE_1000,5.0,5.0,0.57821,-31.95821,-5.2859309614780265
601880.SH,辽港股份,20250923,20250924,09:45:00,1.7523,20250925,10:00:00,1.7405,100,FORCE_1000,5.0,5.0,0.17405,-11.35405,-6.299755867502636
600884.SH,杉杉股份,20250923,20250924,10:00:00,13.8969,20250925,09:31:00,14.2786,100,SELLBACK,5.0,5.0,1.42786,26.74214,1.9174253776824957
603728.SH,鸣志电器,20250923,20250924,10:00:00,72.2411,20250925,09:31:00,81.6025,100,SELLBACK,5.0,5.0,8.16025,917.97975,12.698378500257984
688017.SH,绿的谐波,20250923,20250924,10:00:00,170.5452,20250925,10:00:00,174.2628,100,FORCE_1000,5.0,5.0,17.42628,344.33372,2.0184256063476584
688234.SH,天岳先进,20250923,20250924,10:00:00,82.6082,20250925,09:31:00,86.2704,100,SELLBACK,5.0,5.0,8.62704,347.59296,4.205184240644002
600170.SH,上海建工,20250924,20250925,09:34:00,3.1866,20250926,10:00:00,2.9835,100,FORCE_1000,5.0,5.0,0.29835,-30.60835,-9.45694556015572
688702.SH,盛科通信-U,20250924,20250925,09:34:00,133.4967,20250926,10:00:00,127.1764,100,FORCE_1000,5.0,5.0,12.71764,-654.74764,-4.902761655660529
301377.SZ,鼎泰高科,20250924,20250925,09:35:00,78.3592,20250926,10:00:00,75.1324,100,FORCE_1000,5.0,5.0,7.51324,-340.19324,-4.33869035776414
000737.SZ,北方铜业,20250924,20250925,10:07:00,14.5873,20250926,09:32:00,14.8777,100,SELLBACK,5.0,5.0,1.48777,17.55223,1.1991439678082707
603486.SH,科沃斯,20250924,20250925,13:19:00,105.1525,20250926,09:48:00,106.6498,100,SELLBACK,5.0,5.0,10.66498,129.06502,1.2268246477032392
300432.SZ,富临精工,20250924,20250925,13:50:00,16.8484,20250926,09:31:00,17.1742,100,SELLBACK,5.0,5.0,1.71742,20.86258,1.2345890735217535
002436.SZ,兴森科技,20250925,20250926,09:34:00,23.4917,20250929,10:00:00,22.4088,100,FORCE_1000,5.0,5.0,2.24088,-120.53088,-5.119888538210919
300475.SZ,香农芯创,20250925,20250926,09:34:00,81.3435,20250929,09:33:00,82.3591,100,SELLBACK,5.0,5.0,8.23591,83.32409,1.023719215907904
300620.SZ,光库科技,20250925,20250926,09:34:00,125.0625,20250929,10:00:00,121.6092,100,FORCE_1000,5.0,5.0,12.16092,-367.49092,-2.937283804575882
688498.SH,源杰科技,20250925,20250926,09:34:00,263.1384,20250929,10:00:00,258.836,100,FORCE_1000,6.57846,6.4709,25.8836,-469.17296,-1.782543695925722
001389.SZ,广合科技,20250925,20250926,09:49:00,80.6747,20250929,10:00:00,78.1453,100,FORCE_1000,5.0,5.0,7.81453,-270.75453,-3.3540481413991006
600699.SH,均胜电子,20250925,20250926,10:01:00,35.1576,20250929,10:00:00,34.3528,100,FORCE_1000,5.0,5.0,3.43528,-93.91528,-2.667471795862257
002065.SZ,东华软件,20250926,20250929,09:34:00,10.9054,20250930,10:00:00,10.7946,100,FORCE_1000,5.0,5.0,1.07946,-22.15946,-2.022697482520036
002126.SZ,银轮股份,20250926,20250929,09:34:00,41.0005,20250930,10:00:00,42.2689,100,FORCE_1000,5.0,5.0,4.22689,112.61311,2.7432822986321725
002281.SZ,光迅科技,20250926,20250929,09:34:00,68.8544,20250930,09:31:00,69.6754,100,SELLBACK,5.0,5.0,6.96754,65.13246,0.9452583579568213
688676.SH,金盘科技,20250926,20250929,10:01:00,53.1466,20250930,10:00:00,53.4133,100,FORCE_1000,5.0,5.0,5.34133,11.32867,0.21295853494396258
688778.SH,厦钨新能,20250926,20250929,10:03:00,80.03,20250930,09:31:00,83.5745,100,SELLBACK,5.0,5.0,8.35745,336.09255,4.196959915084916
002008.SZ,大族激光,20250926,20250929,10:08:00,40.6003,20250930,09:31:00,41.2181,100,SELLBACK,5.0,5.0,4.12181,47.65819,1.1723945456737097
688498.SH,源杰科技,20250926,20250929,10:13:00,266.6892,20250930,09:31:00,285.2268,100,SELLBACK,6.66723,7.13067,28.52268,1811.43942,6.790626217078407
300757.SZ,罗博特科,20250926,20250929,10:20:00,268.6142,20250930,10:00:00,268.4557,100,FORCE_1000,6.715355,6.711392,26.84557,-56.122317,-0.2088805801313487
002402.SZ,和而泰,20250929,20250930,09:34:00,50.6853,20251009,10:00:00,48.8656,100,FORCE_1000,5.0,5.0,4.88656,-196.85656,-3.8800708776729422
600105.SH,永鼎股份,20250929,20250930,09:34:00,12.9465,20251009,10:00:00,13.923,100,FORCE_1000,5.0,5.0,1.3923,86.2577,6.636994575462624
603179.SH,新泉股份,20250929,20250930,09:34:00,59.3225,20251009,09:40:00,60.338,100,SELLBACK,5.0,5.0,6.0338,85.5162,1.440333487725799
688018.SH,乐鑫科技,20250929,20250930,09:34:00,147.974,20251009,09:31:00,153.6906,100,SELLBACK,5.0,5.0,15.36906,546.29094,3.690556531373291
002335.SZ,科华数据,20250929,20250930,10:04:00,49.5765,20251009,10:00:00,49.589,100,FORCE_1000,5.0,5.0,4.9589,-13.7089,-0.2762415241856669
688778.SH,厦钨新能,20250929,20250930,10:05:00,84.7758,20251009,09:31:00,86.6499,100,SELLBACK,5.0,5.0,8.66499,168.74501,1.989312331861297
002130.SZ,沃尔核材,20250929,20250930,10:06:00,30.8204,20251009,10:00:00,30.5897,100,FORCE_1000,5.0,5.0,3.05897,-36.12897,-1.170343435783145
001221.SZ,悍高集团,20250929,20250930,10:07:00,61.0505,20251009,10:00:00,60.2299,100,FORCE_1000,5.0,5.0,6.02299,-98.08299,-1.6052731156046183
300002.SZ,神州泰岳,20250930,20251009,09:36:00,14.037,20251010,10:00:00,13.8831,100,FORCE_1000,5.0,5.0,1.38831,-26.77831,-1.9009235465322638
601869.SH,长飞光纤,20250930,20251009,09:36:00,101.4757,20251010,10:00:00,95.6571,100,FORCE_1000,5.0,5.0,9.56571,-601.42571,-5.923876515995458
601717.SH,中创智领,20250930,20251009,09:42:00,23.1816,20251010,10:00:00,23.5282,100,FORCE_1000,5.0,5.0,2.35282,22.30718,0.9602085090996746
000921.SZ,海信家电,20250930,20251009,10:02:00,24.077,20251010,09:31:00,24.4882,100,SELLBACK,5.0,5.0,2.44882,28.67118,1.188344178720935
688702.SH,盛科通信-U,20250930,20251009,11:15:00,127.8639,20251010,10:00:00,120.8995,100,FORCE_1000,5.0,5.0,12.08995,-718.52995,-5.617293742118722
600498.SH,烽火通信,20250930,20251009,13:23:00,27.8301,20251010,10:00:00,27.7991,100,FORCE_1000,5.0,5.0,2.77991,-15.87991,-0.5695786600478477
002130.SZ,沃尔核材,20250930,20251009,13:29:00,30.381,20251010,09:31:00,30.9585,100,SELLBACK,5.0,5.0,3.09585,44.65415,1.4673901613486249
002335.SZ,科华数据,20250930,20251009,14:33:00,48.9141,20251010,10:00:00,48.7273,100,FORCE_1000,5.0,5.0,4.87273,-33.55273,-0.6852516435510915
002472.SZ,双环传动,20251009,20251010,09:34:00,49.0945,20251013,10:00:00,44.3378,100,FORCE_1000,5.0,5.0,4.43378,-490.10378,-9.972708644914487
002624.SZ,完美世界,20251009,20251010,09:41:00,17.999,20251013,10:00:00,17.7211,100,FORCE_1000,5.0,5.0,1.77211,-39.56211,-2.19192808465843
603119.SH,浙江荣泰,20251009,20251010,10:22:00,82.1868,20251013,10:00:00,76.0004,100,FORCE_1000,5.0,5.0,7.60004,-636.24004,-7.736682847581617
300666.SZ,江丰电子,20251010,20251013,10:35:00,107.479,20251014,09:31:00,112.3353,100,SELLBACK,5.0,5.0,11.23353,464.39647,4.318802090598815
688120.SH,华海清科,20251010,20251013,10:35:00,114.9646,20251014,09:31:00,120.9541,100,SELLBACK,5.0,5.0,12.09541,576.85459,5.015490120384716
688220.SH,翱捷科技-U,20251010,20251013,10:35:00,103.2216,20251014,09:32:00,104.543,100,SELLBACK,5.0,5.0,10.4543,111.6857,1.081475449203847
688411.SH,海博思创,20251010,20251013,10:35:00,290.5852,20251014,09:31:00,300.958,100,SELLBACK,7.26463,7.52395,30.0958,992.39562,3.4143087228951234
000559.SZ,万向钱潮,20251013,20251014,09:34:00,11.2856,20251015,09:31:00,11.4129,100,SELLBACK,5.0,5.0,1.14129,1.58871,0.1401522636649141
002850.SZ,科达利,20251013,20251014,09:34:00,172.7863,20251015,10:00:00,160.9195,100,FORCE_1000,5.0,5.0,16.09195,-1212.77195,-7.016882159592631
300475.SZ,香农芯创,20251013,20251014,09:34:00,98.0118,20251015,10:00:00,88.2587,100,FORCE_1000,5.0,5.0,8.82587,-994.13587,-10.1378505187545
300857.SZ,协创数据,20251013,20251014,09:34:00,114.9574,20251015,10:00:00,105.7757,100,FORCE_1000,5.0,5.0,10.57757,-938.74757,-8.162497108881688
603786.SH,科博达,20251013,20251014,09:34:00,94.9074,20251015,10:00:00,87.1664,100,FORCE_1000,5.0,5.0,8.71664,-792.81664,-8.349182264889308
001309.SZ,德明利,20251013,20251014,09:35:00,198.2291,20251015,10:00:00,176.5117,100,FORCE_1000,5.0,5.0,17.65117,-2199.39117,-11.09240040932201
002407.SZ,多氟多,20251013,20251014,09:35:00,21.0305,20251015,10:00:00,20.2699,100,FORCE_1000,5.0,5.0,2.02699,-88.08699,-4.178600602452502
300073.SZ,当升科技,20251013,20251014,09:35:00,67.5307,20251015,10:00:00,63.3153,100,FORCE_1000,5.0,5.0,6.33153,-437.87153,-6.479239339042064
000021.SZ,深科技,20251014,20251015,13:38:00,28.9044,20251016,09:31:00,29.3959,100,SELLBACK,5.0,5.0,2.93959,36.21041,1.2506012903047552
603156.SH,养元饮品,20251014,20251015,13:38:00,28.6943,20251016,09:57:00,29.1263,100,SELLBACK,5.0,5.0,2.91263,30.28737,1.053682643167515
000960.SZ,锡业股份,20251014,20251015,14:01:00,23.1116,20251016,09:38:00,23.4348,100,SELLBACK,5.0,5.0,2.34348,19.97652,0.8624844570323296
002244.SZ,滨江集团,20251014,20251015,14:01:00,11.6378,20251016,10:00:00,11.6262,100,FORCE_1000,5.0,5.0,1.16262,-12.32262,-1.0543147555570767
300136.SZ,信维通信,20251015,20251016,09:40:00,29.4547,20251017,10:00:00,28.066,100,FORCE_1000,5.0,5.0,2.8066,-151.6766,-5.140760624578458
000400.SZ,许继电气,20251015,20251016,09:41:00,26.7043,20251017,10:00:00,25.2464,100,FORCE_1000,5.0,5.0,2.52464,-158.31464,-5.917353098380448
601567.SH,三星电气,20251015,20251016,09:41:00,24.7624,20251017,10:00:00,23.928,100,FORCE_1000,5.0,5.0,2.3928,-95.8328,-3.8622946591220524
601615.SH,明阳智能,20251015,20251016,09:41:00,16.083,20251017,10:00:00,15.4073,100,FORCE_1000,5.0,5.0,1.54073,-79.11073,-4.903658959895867
688122.SH,西部超导,20251015,20251016,09:41:00,73.2766,20251017,10:00:00,70.1849,100,FORCE_1000,5.0,5.0,7.01849,-326.18849,-4.448433310694891
688361.SH,中科飞测,20251015,20251016,09:41:00,121.4707,20251017,10:00:00,115.6122,100,FORCE_1000,5.0,5.0,11.56122,-607.41122,-4.998417718133618
000559.SZ,万向钱潮,20251015,20251016,09:57:00,11.1288,20251017,10:00:00,10.9045,100,FORCE_1000,5.0,5.0,1.09045,-33.52045,-2.998573192113643
300432.SZ,富临精工,20251015,20251016,10:00:00,18.9595,20251017,10:00:00,18.4108,100,FORCE_1000,5.0,5.0,1.84108,-66.71108,-3.5093547962860674
601608.SH,中信重工,20251027,20251028,09:35:00,7.561,20251029,09:31:00,7.7556,100,SELLBACK,5.0,5.0,0.77556,8.68444,1.141037971357246
600871.SH,石化油服,20251027,20251028,10:02:00,2.288,20251029,10:00:00,2.2589,100,FORCE_1000,5.0,5.0,0.22589,-13.13589,-5.618430282292558
688336.SH,三生国健,20251027,20251028,13:18:00,41.1899,20251029,09:31:00,42.5685,100,SELLBACK,5.0,5.0,4.25685,123.60315,2.9971738534768515
601001.SH,晋控煤业,20251027,20251028,14:10:00,14.1725,20251029,10:00:00,14.1559,100,FORCE_1000,5.0,5.0,1.41559,-13.07559,-0.9193594656354368
002487.SZ,大金重工,20251028,20251029,09:38:00,47.1877,20251030,09:31:00,49.1392,100,SELLBACK,5.0,5.0,4.91392,180.23608,3.8155134564129924
603233.SH,大参林,20251028,20251029,10:15:00,17.1197,20251030,09:31:00,18.0229,100,SELLBACK,5.0,5.0,1.80229,78.51771,4.57303913289108
002487.SZ,大金重工,20251029,20251030,09:36:00,48.6873,20251031,09:31:00,51.5656,100,SELLBACK,5.0,5.0,5.15656,272.67344,5.594758839738763
600871.SH,石化油服,20251029,20251030,09:39:00,2.3011,20251031,10:00:00,2.2489,100,FORCE_1000,5.0,5.0,0.22489,-15.44489,-6.56921866360427
603233.SH,大参林,20251029,20251030,09:40:00,17.3387,20251031,10:00:00,17.4213,100,FORCE_1000,5.0,5.0,1.74213,-3.48213,-0.2002524628063053
002487.SZ,大金重工,20251030,20251031,09:34:00,51.2286,20251103,10:00:00,50.8775,100,FORCE_1000,5.0,5.0,5.08775,-50.19775,-0.9789220064510342
688313.SH,仕佳光子,20251030,20251031,09:34:00,68.7444,20251103,10:00:00,64.9175,100,FORCE_1000,5.0,5.0,6.49175,-399.18175,-5.8025326189341
300548.SZ,长芯博创,20251030,20251031,09:36:00,103.3817,20251103,10:00:00,97.2613,100,FORCE_1000,5.0,5.0,9.72613,-631.76613,-6.108051303420518
300475.SZ,香农芯创,20251030,20251031,09:37:00,123.4795,20251103,09:31:00,128.5048,100,SELLBACK,5.0,5.0,12.85048,479.67952,3.8831171501544164
300570.SZ,太辰光,20251030,20251031,09:39:00,101.2206,20251103,10:00:00,97.2014,100,FORCE_1000,5.0,5.0,9.72014,-421.64014,-4.163499969388943
002138.SZ,顺络电子,20251030,20251031,09:40:00,38.2891,20251103,10:00:00,37.0015,100,FORCE_1000,5.0,5.0,3.70015,-142.46015,-3.7157927546551694
600871.SH,石化油服,20251030,20251031,11:07:00,2.2478,20251103,10:00:00,2.2489,100,FORCE_1000,5.0,5.0,0.22489,-10.11489,-4.401988858908521
688578.SH,艾力斯,20251030,20251031,14:03:00,106.4815,20251103,09:31:00,108.4372,100,SELLBACK,5.0,5.0,10.84372,174.72628,1.6401372364042561
001309.SZ,德明利,20251031,20251103,09:35:00,220.3701,20251104,09:31:00,237.4035,100,SELLBACK,5.509253,5.935088,23.74035,1668.15531,7.567897711196521
002402.SZ,和而泰,20251031,20251103,09:35:00,49.5848,20251104,10:00:00,47.886,100,FORCE_1000,5.0,5.0,4.7886,-184.6686,-3.7205468743704015
300223.SZ,君正股份,20251031,20251103,13:11:00,90.8954,20251104,10:00:00,87.3663,100,FORCE_1000,5.0,5.0,8.73663,-371.64663,-4.086480789572645
300395.SZ,菲利华,20251031,20251103,13:11:00,77.2086,20251104,09:45:00,78.2625,100,SELLBACK,5.0,5.0,7.82625,87.56375,1.133385150649895
300857.SZ,协创数据,20251031,20251103,13:11:00,115.5292,20251104,09:31:00,117.2953,100,SELLBACK,5.0,5.0,11.72953,154.88047,1.3400375673131497
600499.SH,科达制造,20251031,20251103,13:11:00,12.2261,20251104,10:00:00,11.974,100,FORCE_1000,5.0,5.0,1.1974,-36.4074,-2.9657138667817953
688313.SH,仕佳光子,20251031,20251103,13:11:00,66.053,20251104,09:31:00,66.8995,100,SELLBACK,5.0,5.0,6.68995,67.96005,1.0280932786711647
601611.SH,中国核建,20251031,20251103,13:15:00,13.3365,20251104,10:00:00,13.1034,100,FORCE_1000,5.0,5.0,1.31034,-34.62034,-2.5862129757591603
600105.SH,永鼎股份,20251103,20251104,09:34:00,15.4927,20251105,10:00:00,14.3078,100,FORCE_1000,5.0,5.0,1.43078,-129.92078,-8.358958224761464
603308.SH,应流股份,20251103,20251104,09:34:00,39.1996,20251105,10:00:00,37.971,100,FORCE_1000,5.0,5.0,3.7971,-136.6571,-3.481745036892096
600021.SH,上海电力,20251103,20251104,09:35:00,28.8544,20251105,10:00:00,27.7161,100,FORCE_1000,5.0,5.0,2.77161,-126.60161,-4.380011693721372
601608.SH,中信重工,20251103,20251104,09:45:00,7.3529,20251105,10:00:00,7.1236,100,FORCE_1000,5.0,5.0,0.71236,-33.64236,-4.544483918464386
688361.SH,中科飞测,20251113,20251114,09:37:00,123.3917,20251117,09:31:00,126.1605,100,SELLBACK,5.0,5.0,12.61605,254.26395,2.059789763102744
601179.SH,中国西电,20251113,20251114,09:41:00,9.4307,20251117,10:00:00,9.0915,100,FORCE_1000,5.0,5.0,0.90915,-44.82915,-4.728464142943032
600977.SH,中国电影,20251113,20251114,09:43:00,17.997,20251117,10:00:00,17.1994,100,FORCE_1000,5.0,5.0,1.71994,-91.47994,-5.068983210505902
002436.SZ,兴森科技,20251113,20251114,09:46:00,20.01,20251117,10:00:00,20.1799,100,FORCE_1000,5.0,5.0,2.01799,4.97201,0.2478569292123629
688599.SH,天合光能,20251113,20251114,10:00:00,21.5308,20251117,10:00:00,20.3598,100,FORCE_1000,5.0,5.0,2.03598,-129.13598,-5.9838365584223006
600801.SH,华新建材,20251113,20251114,10:12:00,22.4182,20251117,10:00:00,22.1189,100,FORCE_1000,5.0,5.0,2.21189,-42.14189,-1.875623770484507
688676.SH,金盘科技,20251113,20251114,10:21:00,80.4102,20251117,10:00:00,76.7816,100,FORCE_1000,5.0,5.0,7.67816,-380.53816,-4.729520433705111
000400.SZ,许继电气,20251113,20251114,10:23:00,27.3645,20251117,10:00:00,26.8256,100,FORCE_1000,5.0,5.0,2.68256,-66.57256,-2.428370387933393
300751.SZ,迈为股份,20251219,20251222,09:34:00,158.5893,20251223,10:00:00,160.7996,100,FORCE_1000,5.0,5.0,16.07996,194.95004,1.2288886801694159
301611.SZ,珂玛科技,20251219,20251222,09:34:00,72.8064,20251223,10:00:00,76.1319,100,FORCE_1000,5.0,5.0,7.61319,314.93681,4.322706172690388
605358.SH,立昂微,20251219,20251222,09:34:00,34.9675,20251223,10:00:00,36.5317,100,FORCE_1000,5.0,5.0,3.65317,142.76683,4.077013778824874
300395.SZ,菲利华,20251219,20251222,09:38:00,91.4457,20251223,10:00:00,98.001,100,FORCE_1000,5.0,5.0,9.8001,635.7299,6.948194286726044
300620.SZ,光库科技,20251219,20251222,09:39:00,159.4297,20251223,10:00:00,159.0105,100,FORCE_1000,5.0,5.0,15.90105,-67.82105,-0.4252644693964185
301200.SZ,大族数控,20251219,20251222,09:39:00,112.006,20251223,10:00:00,118.6107,100,FORCE_1000,5.0,5.0,11.86107,638.60893,5.6990159384593415
603308.SH,应流股份,20251219,20251222,09:40:00,40.4302,20251223,09:31:00,41.258,100,SELLBACK,5.0,5.0,4.1258,68.6542,1.695994585006991
002157.SZ,正邦科技,20251219,20251222,09:44:00,3.5518,20251223,10:00:00,3.5782,100,FORCE_1000,5.0,5.0,0.35782,-7.71782,-2.1427675051363204
301377.SZ,鼎泰高科,20251222,20251223,09:34:00,132.156,20251224,10:00:00,141.2893,100,FORCE_1000,5.0,5.0,14.12893,889.20107,6.72587530066714
300346.SZ,南大光电,20251222,20251223,10:30:00,45.7898,20251224,10:00:00,45.4972,100,FORCE_1000,5.0,5.0,4.54972,-43.80972,-0.9557135938638476
600879.SH,航天电子,20251223,20251224,09:34:00,15.8169,20251225,09:31:00,16.9136,100,SELLBACK,5.0,5.0,1.69136,97.97864,6.175033560430833
601399.SH,国机重装,20251223,20251224,09:35:00,5.1025,20251225,09:31:00,5.1722,100,SELLBACK,5.0,5.0,0.51722,-3.54722,-0.6884463852498787
688615.SH,合合信息,20251223,20251224,09:50:00,149.9678,20251225,10:00:00,152.181,100,FORCE_1000,5.0,5.0,15.2181,196.1019,1.3071908800155714
002444.SZ,巨星科技,20251223,20251224,10:16:00,34.1191,20251225,10:00:00,34.2029,100,FORCE_1000,5.0,5.0,3.42029,-5.04029,-0.1475101773239564
688375.SH,国博电子,20251223,20251224,14:12:00,73.6108,20251225,09:31:00,74.7917,100,SELLBACK,5.0,5.0,7.47917,100.61083,1.3658666482036579
002025.SZ,航天电器,20251224,20251225,09:34:00,47.3937,20251226,10:00:00,48.026,100,FORCE_1000,5.0,5.0,4.8026,48.4274,1.0207340489885908
600879.SH,航天电子,20251224,20251225,09:34:00,16.9375,20251226,10:00:00,18.1099,100,FORCE_1000,5.0,5.0,1.81099,105.42901,6.206269904341428
688387.SH,信科移动-U,20251224,20251225,09:34:00,9.995,20251226,10:00:00,10.4947,100,FORCE_1000,5.0,5.0,1.04947,38.92053,3.874617222498756
601399.SH,国机重装,20251224,20251225,09:40:00,5.3227,20251226,10:00:00,5.0375,100,FORCE_1000,5.0,5.0,0.50375,-39.02375,-7.26334059225343
688375.SH,国博电子,20251224,20251225,11:03:00,79.5415,20251226,09:42:00,81.3319,100,SELLBACK,5.0,5.0,8.13319,160.90681,2.021658217271945
002157.SZ,正邦科技,20251224,20251225,13:15:00,3.5918,20251226,10:00:00,3.5082,100,FORCE_1000,5.0,5.0,0.35082,-18.71082,-5.137794497226646
688313.SH,仕佳光子,20251225,20251226,09:36:00,93.7368,20251229,10:00:00,90.8246,100,FORCE_1000,5.0,5.0,9.08246,-310.30246,-3.3085941731672257
688361.SH,中科飞测,20251225,20251226,09:38:00,150.2751,20251229,10:00:00,149.6251,100,FORCE_1000,5.0,5.0,14.96251,-89.96251,-0.5984530194890939
000960.SZ,锡业股份,20251225,20251226,10:01:00,26.5426,20251229,10:00:00,27.1864,100,FORCE_1000,5.0,5.0,2.71864,51.66136,1.9426968404744176
601399.SH,国机重装,20251226,20251229,09:35:00,4.9473,20251230,10:00:00,4.7076,100,FORCE_1000,5.0,5.0,0.47076,-34.44076,-6.891873611750345
003031.SZ,中瓷电子,20251226,20251229,09:37:00,75.4977,20251230,10:00:00,74.6527,100,FORCE_1000,5.0,5.0,7.46527,-101.96527,-1.3496806653279982
601869.SH,长飞光纤,20251226,20251229,09:42:00,120.8854,20251230,09:40:00,122.6508,100,SELLBACK,5.0,5.0,12.26508,154.27492,1.275680404579635
300548.SZ,长芯博创,20251226,20251229,09:49:00,142.2911,20251230,09:41:00,143.834,100,SELLBACK,5.0,5.0,14.3834,129.9066,0.912642940092496
688037.SH,芯源微,20251229,20251230,09:34:00,147.0975,20251231,10:00:00,144.2718,100,FORCE_1000,5.0,5.0,14.42718,-306.99718,-2.086322771368865
688361.SH,中科飞测,20251229,20251230,09:34:00,158.079,20251231,10:00:00,152.2139,100,FORCE_1000,5.0,5.0,15.22139,-611.73139,-3.868559151072858
300390.SZ,天华新能,20251229,20251230,09:35:00,52.6563,20251231,10:00:00,55.982,100,FORCE_1000,5.0,5.0,5.5982,316.9718,6.0139262289327835
000582.SZ,北部湾港,20251229,20251230,09:37:00,9.3627,20251231,09:49:00,9.5956,100,SELLBACK,5.0,5.0,0.95956,12.33044,1.3099790708298362
688120.SH,华海清科,20251229,20251230,09:47:00,109.525,20251231,10:00:00,108.4672,100,FORCE_1000,5.0,5.0,10.84672,-126.62672,-1.1556168834131872
605358.SH,立昂微,20251229,20251230,09:52:00,35.1376,20251231,10:00:00,34.5527,100,FORCE_1000,5.0,5.0,3.45527,-71.94527,-2.0446199797655993
601869.SH,长飞光纤,20251229,20251230,10:06:00,121.6294,20251231,10:00:00,115.5072,100,FORCE_1000,5.0,5.0,11.55072,-633.77072,-5.208529299125407
300548.SZ,长芯博创,20251229,20251230,10:17:00,141.7044,20251231,09:49:00,143.2948,100,SELLBACK,5.0,5.0,14.32948,134.71052,0.9503092672961122
000582.SZ,北部湾港,20251230,20251231,09:54:00,9.4429,20260105,10:00:00,9.2554,100,FORCE_1000,5.0,5.0,0.92554,-29.67554,-3.12607738415026
002851.SZ,麦格米特,20251230,20251231,09:57:00,89.4622,20260105,10:00:00,89.875,100,FORCE_1000,5.0,5.0,8.9875,22.2925,0.24904426435726082
002414.SZ,高德红外,20251230,20251231,10:03:00,14.6612,20260105,10:00:00,14.6927,100,FORCE_1000,5.0,5.0,1.46927,-8.31927,-0.5655058730762956
600499.SH,科达制造,20251230,20251231,10:06:00,13.5668,20260105,10:00:00,13.5632,100,FORCE_1000,5.0,5.0,1.35632,-11.71632,-0.86043123200752
000825.SZ,太钢不锈,20251230,20251231,10:09:00,4.8178,20260105,10:00:00,4.8286,100,FORCE_1000,5.0,5.0,0.48286,-9.40286,-1.9316446854842022
601212.SH,白银有色,20251230,20251231,10:11:00,6.0812,20260105,10:00:00,5.957,100,FORCE_1000,5.0,5.0,0.5957,-23.0157,-3.7538654749478075
600711.SH,盛屯矿业,20251230,20251231,10:28:00,15.4138,20260105,10:00:00,15.0625,100,FORCE_1000,5.0,5.0,1.50625,-46.63625,-3.015833753669861
002407.SZ,多氟多,20251231,20260105,09:34:00,34.3872,20260106,09:31:00,35.2271,100,SELLBACK,5.0,5.0,3.52271,70.46729,2.0462549220029507
002407.SZ,多氟多,20260105,20260106,09:37:00,34.7374,20260107,10:00:00,35.0225,100,FORCE_1000,5.0,5.0,3.50225,15.00775,0.43141338530617407
002812.SZ,恩捷股份,20260105,20260106,09:38:00,56.1459,20260107,10:00:00,56.1219,100,FORCE_1000,5.0,5.0,5.61219,-18.01219,-0.3205249849188286
300390.SZ,天华新能,20260105,20260106,09:38:00,56.3882,20260107,10:00:00,56.4318,100,FORCE_1000,5.0,5.0,5.64318,-11.28318,-0.19992097550949536
301377.SZ,鼎泰高科,20260105,20260106,09:38:00,149.0445,20260107,09:53:00,151.2628,100,SELLBACK,5.0,5.0,15.12628,196.70372,1.319322443148473
688385.SH,复旦微电,20260105,20260106,09:38:00,80.232,20260107,09:31:00,83.8161,100,SELLBACK,5.0,5.0,8.38161,340.02839,4.235425001868414
001203.SZ,大中矿业,20260105,20260106,09:42:00,29.7949,20260107,09:31:00,30.2046,100,SELLBACK,5.0,5.0,3.02046,27.94954,0.936493002154472
003031.SZ,中瓷电子,20260105,20260106,09:50:00,72.9345,20260107,10:00:00,73.1234,100,FORCE_1000,5.0,5.0,7.31234,1.57766,0.021616370599236826
603379.SH,三美股份,20260105,20260106,09:58:00,57.4103,20260107,10:00:00,59.2704,100,FORCE_1000,5.0,5.0,5.92704,170.08296,2.960008214367137
001203.SZ,大中矿业,20260106,20260107,09:34:00,30.6953,20260108,10:00:00,28.8856,100,FORCE_1000,5.0,5.0,2.88856,-193.85856,-6.305307152637965
300751.SZ,迈为股份,20260106,20260107,09:34:00,182.4466,20260108,09:32:00,188.2173,100,SELLBACK,5.0,5.0,18.82173,548.24827,3.0041560774282923
300699.SZ,光威复材,20260106,20260107,09:59:00,37.0192,20260108,09:34:00,37.4238,100,SELLBACK,5.0,5.0,3.74238,26.71762,0.7207498408382162
600105.SH,永鼎股份,20260106,20260107,10:05:00,26.3382,20260108,10:00:00,27.3713,100,FORCE_1000,5.0,5.0,2.73713,90.57287,3.4323246754231054
688676.SH,金盘科技,20260106,20260107,10:32:00,87.3537,20260108,10:00:00,86.4368,100,FORCE_1000,5.0,5.0,8.64368,-110.33368,-1.2623456444063579
000039.SZ,中集集团,20260107,20260108,09:34:00,9.2856,20260109,09:31:00,9.3969,100,SELLBACK,5.0,5.0,0.93969,0.19031,0.02038540640130254
002126.SZ,银轮股份,20260107,20260108,09:34:00,40.6503,20260109,10:00:00,41.1194,100,FORCE_1000,5.0,5.0,4.11194,32.79806,0.8058432001729716
300751.SZ,迈为股份,20260107,20260108,09:34:00,187.5137,20260109,09:31:00,223.1649,100,SELLBACK,5.0,5.579122,22.31649,3532.224387,18.832132160967184
300395.SZ,菲利华,20260107,20260108,09:40:00,95.998,20260109,10:00:00,94.3928,100,FORCE_1000,5.0,5.0,9.43928,-179.95928,-1.87363901382642
688387.SH,信科移动-U,20260107,20260108,09:41:00,12.2126,20260109,09:31:00,14.8577,100,SELLBACK,5.0,5.0,1.48577,253.02423,20.63381583024807
001203.SZ,大中矿业,20260107,20260108,10:02:00,29.0245,20260109,10:00:00,27.956,100,FORCE_1000,5.0,5.0,2.7956,-119.6456,-4.115138695420386
300699.SZ,光威复材,20260107,20260108,10:20:00,41.3307,20260109,10:00:00,40.6597,100,FORCE_1000,5.0,5.0,4.06597,-81.16597,-1.9614450698030725
300390.SZ,天华新能,20260108,20260109,09:34:00,51.3156,20260112,10:00:00,51.4743,100,FORCE_1000,5.0,5.0,5.14743,0.72257,0.014067196723098726
688387.SH,信科移动-U,20260108,20260109,09:34:00,15.0575,20260112,10:00:00,15.8321,100,FORCE_1000,5.0,5.0,1.58321,65.87679,4.360535495614761
002738.SZ,中矿资源,20260108,20260109,09:35:00,79.2996,20260112,09:31:00,83.9639,100,SELLBACK,5.0,5.0,8.39639,448.03361,5.646324745178299
002812.SZ,恩捷股份,20260108,20260109,09:35:00,53.967,20260112,10:00:00,52.7036,100,FORCE_1000,5.0,5.0,5.27036,-141.61036,-2.621588759094359
000039.SZ,中集集团,20260108,20260109,11:12:00,9.4557,20260112,09:31:00,9.5666,100,SELLBACK,5.0,5.0,0.95666,0.13334,0.014027373049854295
002407.SZ,多氟多,20260108,20260109,13:08:00,32.7041,20260112,09:31:00,33.1003,100,SELLBACK,5.0,5.0,3.31003,26.30997,0.8032573021392742
002945.SZ,华林证券,20260109,20260112,09:36:00,17.8619,20260113,10:00:00,18.4338,100,FORCE_1000,5.0,5.0,1.84338,45.34662,2.5316476755676396
300475.SZ,香农芯创,20260109,20260112,09:37:00,166.9212,20260113,09:31:00,171.66,100,SELLBACK,5.0,5.0,17.166,446.714,2.6753955173107697
688709.SH,成都华微,20260109,20260112,09:37:00,49.986,20260113,09:31:00,52.3224,100,SELLBACK,5.0,5.0,5.23224,218.40776,4.365012391078424
000039.SZ,中集集团,20260109,20260112,09:39:00,9.4057,20260113,10:00:00,9.4463,100,FORCE_1000,5.0,5.0,0.94463,-6.88463,-0.728093107860867
000830.SZ,鲁西化工,20260109,20260112,09:39:00,16.4982,20260113,09:34:00,16.6849,100,SELLBACK,5.0,5.0,1.66849,7.00151,0.423097980445003
002738.SZ,中矿资源,20260112,20260113,09:34:00,87.994,20260114,10:00:00,88.8456,100,FORCE_1000,5.0,5.0,8.88456,66.27544,0.7527536231884059
300857.SZ,协创数据,20260112,20260113,09:34:00,140.2415,20260114,10:00:00,138.545,100,FORCE_1000,5.0,5.0,13.8545,-193.5045,-1.3793030939151696
300475.SZ,香农芯创,20260112,20260113,09:35:00,169.8627,20260114,09:31:00,171.9895,100,SELLBACK,5.0,5.0,17.19895,185.48105,1.091625581842911
002812.SZ,恩捷股份,20260112,20260113,09:40:00,53.2466,20260114,10:00:00,54.1229,100,FORCE_1000,5.0,5.0,5.41229,72.21771,1.355015329308061
002407.SZ,多氟多,20260112,20260113,09:41:00,32.6663,20260114,10:00:00,32.4438,100,FORCE_1000,5.0,5.0,3.24438,-35.49438,-1.0849142476380274
300223.SZ,君正股份,20260112,20260113,09:41:00,117.6088,20260114,09:31:00,118.9713,100,SELLBACK,5.0,5.0,11.89713,114.35287,0.9719023991405655
001309.SZ,德明利,20260112,20260113,10:00:00,236.0938,20260114,09:31:00,241.2377,100,SELLBACK,5.902345,6.030943,24.12377,478.332943,2.0255228627460227
301200.SZ,大族数控,20260112,20260113,10:00:00,125.4427,20260114,09:31:00,129.0861,100,SELLBACK,5.0,5.0,12.90861,341.43139,2.720727102054542
000703.SZ,恒逸石化,20260113,20260114,09:34:00,10.3852,20260115,10:00:00,10.9245,100,FORCE_1000,5.0,5.0,1.09245,42.83755,4.105101004293162
301200.SZ,大族数控,20260113,20260114,09:34:00,129.7448,20260115,10:00:00,133.3433,100,FORCE_1000,5.0,5.0,13.33433,336.51567,2.592674513925057
301611.SZ,珂玛科技,20260113,20260114,09:34:00,114.8074,20260115,09:31:00,119.6004,100,SELLBACK,5.0,5.0,11.96004,457.33996,3.9818066576467865
300136.SZ,信维通信,20260113,20260114,09:36:00,76.7784,20260115,09:32:00,78.0428,100,SELLBACK,5.0,5.0,7.80428,108.63572,1.4140047170056906
300223.SZ,君正股份,20260113,20260114,10:00:00,118.8949,20260115,10:00:00,116.2718,100,FORCE_1000,5.0,5.0,11.62718,-283.93718,-2.387132024996448
300627.SZ,华测导航,20260113,20260114,10:00:00,40.4502,20260115,10:00:00,39.7701,100,FORCE_1000,5.0,5.0,3.97701,-81.98701,-2.02436062044138
603920.SH,世运电路,20260113,20260114,10:00:00,51.7859,20260115,09:31:00,54.1187,100,SELLBACK,5.0,5.0,5.41187,217.86813,4.203035541005365
688347.SH,华虹宏力,20260113,20260114,10:13:00,127.7739,20260115,10:00:00,125.3973,100,FORCE_1000,5.0,5.0,12.53973,-260.19973,-2.035610945996797
300058.SZ,蓝色光标,20260115,20260116,09:34:00,17.8089,20260119,10:00:00,17.2714,100,FORCE_1000,5.0,5.0,1.72714,-65.47714,-3.666359070267486
300285.SZ,国瓷材料,20260115,20260116,09:34:00,32.1261,20260119,10:00:00,32.4338,100,FORCE_1000,5.0,5.0,3.24338,17.52662,0.5447092717886879
300699.SZ,光威复材,20260115,20260116,09:34:00,40.6403,20260119,09:31:00,41.0883,100,SELLBACK,5.0,5.0,4.10883,30.69117,0.7542625638051329
300757.SZ,罗博特科,20260115,20260116,09:34:00,298.9494,20260119,10:00:00,316.8215,100,FORCE_1000,7.473735,7.920538,31.68215,1740.133577,5.8193749588957715
600879.SH,航天电子,20260115,20260116,09:34:00,25.8819,20260119,09:46:00,26.2296,100,SELLBACK,5.0,5.0,2.62296,22.14704,0.8540461747885808
688281.SH,华秦科技,20260115,20260116,09:34:00,66.1073,20260119,09:31:00,67.9936,100,SELLBACK,5.0,5.0,6.79936,171.83064,2.59730430353113
688387.SH,信科移动-U,20260115,20260116,09:34:00,18.4192,20260119,09:31:00,19.7204,100,SELLBACK,5.0,5.0,1.97204,118.14796,6.397026400710372
688375.SH,国博电子,20260115,20260116,09:35:00,139.1335,20260119,10:00:00,134.1269,100,FORCE_1000,5.0,5.0,13.41269,-524.07269,-3.765336336562883
000559.SZ,万向钱潮,20260116,20260119,10:00:00,18.9295,20260120,10:00:00,18.8906,100,FORCE_1000,5.0,5.0,1.88906,-15.77906,-0.8313738507336863
600637.SH,东方明珠,20260116,20260119,10:01:00,12.4662,20260120,10:00:00,11.8941,100,FORCE_1000,5.0,5.0,1.18941,-68.39941,-5.4648703280548405
000960.SZ,锡业股份,20260119,20260120,09:34:00,38.1891,20260121,10:00:00,37.7811,100,FORCE_1000,5.0,5.0,3.77811,-54.57811,-1.427285422512559
300142.SZ,沃森生物,20260119,20260120,09:34:00,12.2911,20260121,10:00:00,11.8891,100,FORCE_1000,5.0,5.0,1.18891,-51.38891,-4.164046154718784
002044.SZ,美年健康,20260119,20260120,09:36:00,7.2162,20260121,09:31:00,7.32,100,SELLBACK,5.0,5.0,0.732,-0.352,-0.048443478021524315
600498.SH,烽火通信,20260119,20260120,09:36:00,40.033,20260121,10:00:00,37.0645,100,FORCE_1000,5.0,5.0,3.70645,-310.55645,-7.747834493426139
601106.SH,中国一重,20260119,20260120,09:36:00,5.148,20260121,10:00:00,4.9675,100,FORCE_1000,5.0,5.0,0.49675,-28.54675,-5.491871873797615
000878.SZ,云南铜业,20260120,20260121,09:38:00,21.3707,20260122,09:31:00,22.0269,100,SELLBACK,5.0,5.0,2.20269,53.41731,2.4937238278861105
002044.SZ,美年健康,20260120,20260121,09:38:00,7.2246,20260122,09:31:00,7.6295,100,SELLBACK,5.0,5.0,0.76295,29.72705,4.086417122590933
002153.SZ,石基信息,20260120,20260121,09:38:00,14.5573,20260122,10:00:00,13.8431,100,FORCE_1000,5.0,5.0,1.38431,-82.80431,-5.668693735324118
300058.SZ,蓝色光标,20260120,20260121,09:38:00,17.2086,20260122,10:00:00,18.4808,100,FORCE_1000,5.0,5.0,1.84808,115.37192,6.684894487385999
300724.SZ,捷佳伟创,20260120,20260121,10:04:00,107.3136,20260122,10:00:00,105.7471,100,FORCE_1000,5.0,5.0,10.57471,-177.22471,-1.6506964185254591
301377.SZ,鼎泰高科,20260120,20260121,10:09:00,154.8274,20260122,10:00:00,161.909,100,FORCE_1000,5.0,5.0,16.1909,681.9691,4.403283500368679
600711.SH,盛屯矿业,20260120,20260121,10:28:00,16.7284,20260122,10:00:00,16.8416,100,FORCE_1000,5.0,5.0,1.68416,-0.36416,-0.021704095742144658
603000.SH,人民网,20260120,20260121,10:31:00,25.2852,20260122,09:54:00,25.6085,100,SELLBACK,5.0,5.0,2.56085,19.76915,0.7803036881492942
300136.SZ,信维通信,20260121,20260122,09:34:00,72.7964,20260123,09:31:00,83.7143,100,SELLBACK,5.0,5.0,8.37143,1073.41857,14.735368803400032
301200.SZ,大族数控,20260121,20260122,09:34:00,168.2241,20260123,10:00:00,173.0135,100,FORCE_1000,5.0,5.0,17.30135,451.63865,2.6839463114050233
300454.SZ,深信服,20260121,20260122,10:05:00,150.055,20260123,10:00:00,161.8091,100,FORCE_1000,5.0,5.0,16.18091,1149.22909,7.656167949102295
000878.SZ,云南铜业,20260121,20260122,10:09:00,21.8009,20260123,10:00:00,21.939,100,FORCE_1000,5.0,5.0,2.1939,1.6161,0.07396034030634895
000960.SZ,锡业股份,20260121,20260122,10:09:00,39.1596,20260123,10:00:00,39.4803,100,FORCE_1000,5.0,5.0,3.94803,18.12197,0.4621819656410676
300432.SZ,富临精工,20260121,20260122,10:09:00,19.4497,20260123,10:00:00,19.1104,100,FORCE_1000,5.0,5.0,1.91104,-45.84104,-2.3508587311599665
688122.SH,西部超导,20260121,20260122,10:23:00,91.1756,20260123,10:00:00,90.9545,100,FORCE_1000,5.0,5.0,9.09545,-41.20545,-0.4516873553037744
002517.SZ,恺英网络,20260121,20260122,10:24:00,25.4187,20260123,10:00:00,25.3673,100,FORCE_1000,5.0,5.0,2.53673,-17.67673,-0.6940570190076447
300136.SZ,信维通信,20260122,20260123,09:34:00,83.8419,20260126,10:00:00,91.4443,100,FORCE_1000,5.0,5.0,9.14443,741.09557,8.833934742209916
600595.SH,中孚实业,20260122,20260123,10:26:00,9.4697,20260126,09:31:00,9.9101,100,SELLBACK,5.0,5.0,0.99101,33.04899,3.471641963507254
688375.SH,国博电子,20260122,20260123,11:03:00,141.1145,20260126,10:00:00,140.3938,100,FORCE_1000,5.0,5.0,14.03938,-96.10938,-0.6808325039227285
688568.SH,中科星图,20260122,20260123,11:15:00,83.6798,20260126,10:00:00,82.7466,100,FORCE_1000,5.0,5.0,8.27466,-111.59466,-1.3327950144393037
688331.SH,荣昌生物,20260122,20260123,11:18:00,102.2511,20260126,10:00:00,100.2499,100,FORCE_1000,5.0,5.0,10.02499,-220.14499,-2.1519317974098033
688676.SH,金盘科技,20260122,20260123,11:18:00,98.8994,20260126,10:00:00,98.3008,100,FORCE_1000,5.0,5.0,9.83008,-79.69008,-0.8053619324624504
600562.SH,国睿科技,20260122,20260123,13:49:00,32.0799,20260126,10:00:00,30.8326,100,FORCE_1000,5.0,5.0,3.08326,-137.81326,-4.289252689862091
002131.SZ,利欧股份,20260123,20260126,09:35:00,8.2941,20260127,10:00:00,8.066,100,FORCE_1000,5.0,5.0,0.8066,-33.6166,-4.028786807444781
688172.SH,燕东微,20260123,20260126,09:35:00,36.7884,20260127,10:00:00,36.6617,100,FORCE_1000,5.0,5.0,3.66617,-26.33617,-0.7149107996004169
688676.SH,金盘科技,20260123,20260126,10:05:00,96.138,20260127,10:00:00,93.0734,100,FORCE_1000,5.0,5.0,9.30734,-325.76734,-3.386777352684326
300567.SZ,精测电子,20260126,20260127,09:34:00,140.7503,20260128,09:31:00,149.5754,100,SELLBACK,5.0,5.0,14.95754,857.55246,6.090558471821438
603092.SH,德力佳,20260126,20260127,09:34:00,71.965,20260128,10:00:00,71.0335,100,FORCE_1000,5.0,5.0,7.10335,-110.25335,-1.5309775741165035
688200.SH,华峰测控,20260126,20260127,09:34:00,172.5389,20260128,10:00:00,184.9683,100,FORCE_1000,5.0,5.0,18.49683,1214.44317,7.036623850085377
688387.SH,信科移动-U,20260126,20260127,09:34:00,18.5793,20260128,10:00:00,17.3113,100,FORCE_1000,5.0,5.0,1.73113,-138.53113,-7.436196207050183
688234.SH,天岳先进,20260126,20260127,09:35:00,98.049,20260128,10:00:00,96.7016,100,FORCE_1000,5.0,5.0,9.67016,-154.41016,-1.5740237922914604
301611.SZ,珂玛科技,20260126,20260127,10:03:00,127.6438,20260128,09:31:00,130.7037,100,SELLBACK,5.0,5.0,13.07037,282.91963,2.2156097633557774
000559.SZ,万向钱潮,20260126,20260127,10:10:00,18.1291,20260128,10:00:00,17.7411,100,FORCE_1000,5.0,5.0,1.77411,-50.57411,-2.7819919577976906
000738.SZ,航发控制,20260126,20260127,10:10:00,24.8354,20260128,10:00:00,26.2399,100,FORCE_1000,5.0,5.0,2.62399,127.82601,5.136586512573638
000830.SZ,鲁西化工,20260127,20260128,09:34:00,19.0795,20260129,09:31:00,20.3095,100,SELLBACK,5.0,5.0,2.03095,110.96905,5.800938341305313
301526.SZ,国际复材,20260127,20260128,09:34:00,8.054,20260129,09:31:00,9.346,100,SELLBACK,5.0,5.0,0.9346,118.2654,14.593460019743338
300037.SZ,新宙邦,20260127,20260128,10:04:00,52.4662,20260129,10:00:00,52.1439,100,FORCE_1000,5.0,5.0,5.21439,-47.44439,-0.9034238958645142
300604.SZ,长川科技,20260127,20260128,10:04:00,131.6558,20260129,09:31:00,134.6977,100,SELLBACK,5.0,5.0,13.46977,280.72023,2.1314188896768402
301358.SZ,湖南裕能,20260127,20260128,10:06:00,62.7354,20260129,10:00:00,63.8121,100,FORCE_1000,5.0,5.0,6.38121,91.28879,1.4539811803381042
000400.SZ,许继电气,20260127,20260128,10:07:00,30.5456,20260129,10:00:00,30.6137,100,FORCE_1000,5.0,5.0,3.06137,-6.25137,-0.20432251696322346
688322.SH,奥比中光-W,20260127,20260128,10:08:00,98.3491,20260129,10:00:00,97.1114,100,FORCE_1000,5.0,5.0,9.71114,-143.48114,-1.4581550034502349
688819.SH,天能股份,20260127,20260128,10:10:00,34.3071,20260129,10:00:00,34.6827,100,FORCE_1000,5.0,5.0,3.46827,24.09173,0.7012154692916457
002266.SZ,浙富控股,20260128,20260129,09:34:00,5.4827,20260130,10:00:00,4.7876,100,FORCE_1000,5.0,5.0,0.47876,-79.98876,-14.457454768919334
002271.SZ,东方雨虹,20260128,20260129,09:34:00,16.8284,20260130,10:00:00,17.8711,100,FORCE_1000,5.0,5.0,1.78711,92.48289,5.47936356526685
300604.SZ,长川科技,20260128,20260129,09:34:00,133.5567,20260130,10:00:00,124.5377,100,FORCE_1000,5.0,5.0,12.45377,-924.35377,-6.918468684579442
603179.SH,新泉股份,20260128,20260129,10:01:00,63.6865,20260130,10:00:00,60.5768,100,FORCE_1000,5.0,5.0,6.05768,-327.02768,-5.1309325111984485
300285.SZ,国瓷材料,20260128,20260129,10:09:00,31.0755,20260130,10:00:00,30.4448,100,FORCE_1000,5.0,5.0,3.04448,-76.11448,-2.445405856934025
603659.SH,璞泰来,20260128,20260129,10:09:00,27.9074,20260130,10:00:00,27.8061,100,FORCE_1000,5.0,5.0,2.78061,-22.91061,-0.8194828560595764
688778.SH,厦钨新能,20260128,20260129,10:09:00,91.1956,20260130,10:00:00,85.1174,100,FORCE_1000,5.0,5.0,8.51174,-626.33174,-6.864240467485555
601106.SH,中国一重,20260128,20260129,10:10:00,5.3988,20260130,10:00:00,5.0975,100,FORCE_1000,5.0,5.0,0.50975,-40.63975,-7.45847709587432
002008.SZ,大族激光,20260129,20260130,13:16:00,48.2641,20260202,10:00:00,47.1964,100,FORCE_1000,5.0,5.0,4.71964,-121.48964,-2.514579387797765
002414.SZ,高德红外,20260129,20260130,13:16:00,16.8584,20260202,10:00:00,16.4618,100,FORCE_1000,5.0,5.0,1.64618,-51.30618,-3.0343604362328787
300136.SZ,信维通信,20260129,20260130,13:16:00,82.5613,20260202,09:31:00,83.9739,100,SELLBACK,5.0,5.0,8.39739,122.86261,1.4872373392017797
601179.SH,中国西电,20260129,20260130,13:16:00,14.3661,20260202,09:31:00,15.283,100,SELLBACK,5.0,5.0,1.5283,80.1617,5.560567698614744
603179.SH,新泉股份,20260129,20260130,13:16:00,62.0239,20260202,10:00:00,61.9619,100,FORCE_1000,5.0,5.0,6.19619,-22.39619,-0.36079882204920266
688599.SH,天合光能,20260129,20260130,13:19:00,18.8056,20260202,09:31:00,19.1712,100,SELLBACK,5.0,5.0,1.91712,24.64288,1.3069263242750164
000987.SZ,越秀资本,20260129,20260130,13:24:00,10.105,20260202,09:37:00,10.2945,100,SELLBACK,5.0,5.0,1.02945,7.92055,0.7799655342195964
688002.SH,睿创微纳,20260129,20260130,13:24:00,112.066,20260202,09:33:00,113.2799,100,SELLBACK,5.0,5.0,11.32799,100.06201,0.8924864426130078
000629.SZ,钒钛股份,20260130,20260202,09:34:00,3.7919,20260203,10:00:00,3.6282,100,FORCE_1000,5.0,5.0,0.36282,-26.73282,-6.958229001275411
000830.SZ,鲁西化工,20260130,20260202,09:34:00,18.4292,20260203,10:00:00,17.1114,100,FORCE_1000,5.0,5.0,1.71114,-143.49114,-7.765008225464305
000960.SZ,锡业股份,20260130,20260202,09:34:00,36.7484,20260203,10:00:00,36.5917,100,FORCE_1000,5.0,5.0,3.65917,-29.32917,-0.79702296838993
002064.SZ,华峰化学,20260130,20260202,09:34:00,12.4062,20260203,10:00:00,11.4743,100,FORCE_1000,5.0,5.0,1.14743,-104.33743,-8.37634511327692
002851.SZ,麦格米特,20260130,20260202,09:46:00,126.9329,20260203,10:00:00,120.8895,100,FORCE_1000,5.0,5.0,12.08895,-626.42895,-4.933175648059699
002429.SZ,兆驰股份,20260130,20260202,10:08:00,9.4977,20260203,09:38:00,9.5986,100,SELLBACK,5.0,5.0,0.95986,-0.86986,-0.09110675869581156
300136.SZ,信维通信,20260130,20260202,10:08:00,83.2916,20260203,10:00:00,82.6087,100,FORCE_1000,5.0,5.0,8.26087,-86.55087,-1.0385074200639297
601216.SH,君正集团,20260130,20260202,10:08:00,5.4227,20260203,10:00:00,5.1974,100,FORCE_1000,5.0,5.0,0.51974,-33.04974,-6.039019131324575
300058.SZ,蓝色光标,20260202,20260203,14:42:00,21.8809,20260204,10:00:00,20.4398,100,FORCE_1000,5.0,5.0,2.04398,-156.15398,-7.120272309845924
688777.SH,中控技术,20260210,20260211,09:41:00,84.1536,20260212,10:00:00,83.6981,100,FORCE_1000,5.0,5.0,8.36981,-63.91981,-0.7591101805623511
001386.SZ,马可波罗,20260210,20260211,09:47:00,24.6861,20260212,10:00:00,24.2978,100,FORCE_1000,5.0,5.0,2.42978,-51.25978,-2.072266040321635
601615.SH,明阳智能,20260210,20260211,09:52:00,23.987,20260212,10:00:00,23.2734,100,FORCE_1000,5.0,5.0,2.32734,-83.68734,-3.481605025585556
300724.SZ,捷佳伟创,20260210,20260211,10:03:00,126.7422,20260212,10:00:00,126.4368,100,FORCE_1000,5.0,5.0,12.64368,-53.18368,-0.4194554554617713
603920.SH,世运电路,20260210,20260211,10:04:00,64.2621,20260212,10:00:00,64.018,100,FORCE_1000,5.0,5.0,6.4018,-40.8118,-0.6345897583813932
688172.SH,燕东微,20260210,20260211,10:16:00,40.9629,20260212,09:31:00,41.8372,100,SELLBACK,5.0,5.0,4.18372,73.24628,1.7859327187299605
003035.SZ,南网能源,20260210,20260211,13:01:00,6.6823,20260212,09:31:00,6.8487,100,SELLBACK,5.0,5.0,0.68487,5.95513,0.8845609969846856
600499.SH,科达制造,20260210,20260211,13:59:00,16.9491,20260212,10:00:00,16.9315,100,FORCE_1000,5.0,5.0,1.69315,-13.45315,-0.7914036625468407
002945.SZ,华林证券,20260211,20260212,09:34:00,18.919,20260213,09:31:00,19.2641,100,SELLBACK,5.0,5.0,1.92641,22.58359,1.190552480362697
003035.SZ,南网能源,20260211,20260212,09:36:00,6.7724,20260213,10:00:00,6.5657,100,FORCE_1000,5.0,5.0,0.65657,-31.32657,-4.59172285412758
601799.SH,星宇股份,20260211,20260212,10:48:00,153.606,20260213,10:00:00,151.924,100,FORCE_1000,5.0,5.0,15.1924,-193.3924,-1.2586062373093145
001386.SZ,马可波罗,20260211,20260212,13:35:00,24.0439,20260213,10:00:00,24.1179,100,FORCE_1000,5.0,5.0,2.41179,-5.01179,-0.20801074130796593
002945.SZ,华林证券,20260212,20260213,09:34:00,18.9425,20260224,10:00:00,18.6037,100,FORCE_1000,5.0,5.0,1.86037,-45.74037,-2.4083385546926417
600977.SH,中国电影,20260212,20260213,09:34:00,17.6968,20260224,10:00:00,16.6597,100,FORCE_1000,5.0,5.0,1.66597,-115.37597,-6.501226700024793
601615.SH,明阳智能,20260212,20260213,09:34:00,22.9765,20260224,10:00:00,21.974,100,FORCE_1000,5.0,5.0,2.1974,-112.4474,-4.883390875730137
600884.SH,杉杉股份,20260212,20260213,09:43:00,13.957,20260224,09:31:00,14.1587,100,SELLBACK,5.0,5.0,1.41587,8.75413,0.6249825087456272
002739.SZ,儒意电影,20260212,20260213,10:18:00,12.2661,20260224,10:00:00,11.2744,100,FORCE_1000,5.0,5.0,1.12744,-110.29744,-8.955549240425135
002155.SZ,湖南黄金,20260212,20260213,10:48:00,32.4532,20260224,09:31:00,33.7194,100,SELLBACK,5.0,5.0,3.37194,113.24806,3.4842126313716797
003035.SZ,南网能源,20260213,20260224,09:34:00,6.9325,20260225,10:00:00,7.1454,100,FORCE_1000,5.0,5.0,0.71454,10.57546,1.5145664160401
300548.SZ,长芯博创,20260213,20260224,09:35:00,162.5913,20260225,09:31:00,171.4525,100,SELLBACK,5.0,5.0,17.14525,858.97475,5.281406075824529
600871.SH,石化油服,20260213,20260224,09:35:00,3.1616,20260225,10:00:00,3.2184,100,FORCE_1000,5.0,5.0,0.32184,-4.64184,-1.4453356582388843
002429.SZ,兆驰股份,20260213,20260224,09:36:00,10.5183,20260225,10:00:00,10.3378,100,FORCE_1000,5.0,5.0,1.03378,-29.08378,-2.7519828165362457
300957.SZ,贝泰妮,20260213,20260224,10:01:00,45.7829,20260225,09:31:00,46.2705,100,SELLBACK,5.0,5.0,4.62705,34.13295,0.7447259501362559
000703.SZ,恒逸石化,20260213,20260224,10:02:00,12.7746,20260225,10:00:00,12.8136,100,FORCE_1000,5.0,5.0,1.28136,-7.38136,-0.575562590646102
002155.SZ,湖南黄金,20260213,20260224,10:08:00,33.7769,20260225,10:00:00,33.7431,100,FORCE_1000,5.0,5.0,3.37431,-16.75431,-0.49529546012197395
001221.SZ,悍高集团,20260224,20260225,09:34:00,73.3767,20260226,10:00:00,73.5632,100,FORCE_1000,5.0,5.0,7.35632,1.29368,0.01761865915259708
002624.SZ,完美世界,20260224,20260225,09:35:00,20.5903,20260226,10:00:00,20.7096,100,FORCE_1000,5.0,5.0,2.07096,-0.14096,-0.006829358100415207
300017.SZ,网宿科技,20260224,20260225,09:36:00,20.5703,20260226,10:00:00,19.8601,100,FORCE_1000,5.0,5.0,1.98601,-83.00601,-4.025451133106697
002429.SZ,兆驰股份,20260224,20260225,10:06:00,10.309,20260226,09:31:00,10.5571,100,SELLBACK,5.0,5.0,1.05571,13.75429,1.327762332271455
603806.SH,福斯特,20260224,20260225,10:08:00,18.029,20260226,10:00:00,17.981,100,FORCE_1000,5.0,5.0,1.7981,-16.5981,-0.918087283588694
002126.SZ,银轮股份,20260224,20260225,10:27:00,46.1731,20260226,10:00:00,45.6572,100,FORCE_1000,5.0,5.0,4.56572,-66.15572,-1.431226378152915
688266.SH,泽璟制药-U,20260224,20260225,10:27:00,84.052,20260226,10:00:00,86.3868,100,FORCE_1000,5.0,5.0,8.63868,214.84132,2.55453282918361
688200.SH,华峰测控,20260225,20260226,09:34:00,200.9856,20260227,10:00:00,202.9998,100,FORCE_1000,5.02464,5.074995,20.29998,171.020385,0.8506959731933658
300570.SZ,太辰光,20260225,20260226,09:35:00,139.99,20260227,10:00:00,133.1434,100,FORCE_1000,5.0,5.0,13.31434,-707.97434,-5.055515138531848
300383.SZ,光环新网,20260225,20260226,10:16:00,15.8579,20260227,09:31:00,16.5551,100,SELLBACK,5.0,5.0,1.65551,58.06449,3.6500411745107777
600602.SH,云赛智联,20260225,20260226,10:17:00,20.6792,20260227,10:00:00,20.8766,100,FORCE_1000,5.0,5.0,2.08766,7.65234,0.36915751693263604
000703.SZ,恒逸石化,20260225,20260226,10:33:00,12.4962,20260227,10:00:00,12.5737,100,FORCE_1000,5.0,5.0,1.25737,-3.50737,-0.2795563596945689
300017.SZ,网宿科技,20260226,20260227,09:34:00,20.4602,20260302,10:00:00,19.0905,100,FORCE_1000,5.0,5.0,1.90905,-148.87905,-7.258780996772337
300383.SZ,光环新网,20260226,20260227,09:34:00,16.3982,20260302,10:00:00,17.4913,100,FORCE_1000,5.0,5.0,1.74913,97.56087,5.931401004365219
688343.SH,云天励飞-U,20260226,20260227,09:34:00,97.0285,20260302,10:00:00,110.2049,100,FORCE_1000,5.0,5.0,11.02049,1296.61951,13.356402395999117
688220.SH,翱捷科技-U,20260226,20260227,09:35:00,91.0855,20260302,10:00:00,95.4922,100,FORCE_1000,5.0,5.0,9.54922,421.12078,4.620820426727237
000738.SZ,航发控制,20260226,20260227,10:32:00,27.957,20260302,09:52:00,28.2606,100,SELLBACK,5.0,5.0,2.82606,17.53394,0.6260556289499054
002850.SZ,科达利,20260226,20260227,10:58:00,161.072,20260302,10:00:00,160.0299,100,FORCE_1000,5.0,5.0,16.00299,-130.21299,-0.8081639378855773
300857.SZ,协创数据,20260226,20260227,11:28:00,188.7801,20260302,10:00:00,187.4134,100,FORCE_1000,5.0,5.0,18.74134,-165.41134,-0.8759797299265317
601869.SH,长飞光纤,20260227,20260302,09:34:00,234.3821,20260303,09:31:00,248.4419,100,SELLBACK,5.859552,6.211047,24.84419,1369.06521,5.839708020547173
603298.SH,杭叉集团,20260227,20260302,10:22:00,28.5195,20260303,10:00:00,28.4458,100,FORCE_1000,5.0,5.0,2.84458,-20.21458,-0.7075580601690614
300570.SZ,太辰光,20260227,20260302,10:47:00,146.4732,20260303,10:00:00,140.4098,100,FORCE_1000,5.0,5.0,14.04098,-630.38098,-4.302260529390567
300373.SZ,扬杰科技,20260302,20260303,09:36:00,85.1826,20260304,10:00:00,79.8301,100,FORCE_1000,5.0,5.0,7.98301,-553.23301,-6.490861595211222
603308.SH,应流股份,20260302,20260303,09:36:00,64.2721,20260304,09:35:00,65.0024,100,SELLBACK,5.0,5.0,6.50024,56.52976,0.8788543906371217
300017.SZ,网宿科技,20260302,20260303,09:37:00,18.7094,20260304,10:00:00,17.8611,100,FORCE_1000,5.0,5.0,1.78611,-96.61611,-5.150277194366558
300223.SZ,君正股份,20260302,20260303,09:37:00,128.3141,20260304,10:00:00,119.99,100,FORCE_1000,5.0,5.0,11.999,-854.409,-6.6561367235854885
001203.SZ,大中矿业,20260302,20260303,09:39:00,37.2086,20260304,10:00:00,35.6022,100,FORCE_1000,5.0,5.0,3.56022,-174.20022,-4.675436543509418
603256.SH,宏和科技,20260302,20260303,09:42:00,77.6208,20260304,10:00:00,74.1649,100,FORCE_1000,5.0,5.0,7.41649,-363.00649,-4.673654578039624
000021.SZ,深科技,20260304,20260305,09:36:00,31.936,20260306,10:00:00,31.8841,100,FORCE_1000,5.0,5.0,3.18841,-18.37841,-0.5745766898017882
000415.SZ,渤海租赁,20260304,20260305,09:36:00,5.2326,20260306,10:00:00,5.0575,100,FORCE_1000,5.0,5.0,0.50575,-28.01575,-5.303401733994624
001203.SZ,大中矿业,20260304,20260305,09:36:00,37.3186,20260306,10:00:00,35.1324,100,FORCE_1000,5.0,5.0,3.51324,-232.13324,-6.21198653414899
002008.SZ,大族激光,20260304,20260305,09:36:00,70.8754,20260306,10:00:00,69.3153,100,FORCE_1000,5.0,5.0,6.93153,-172.94153,-2.4383581904367126
003035.SZ,南网能源,20260304,20260305,09:36:00,8.6233,20260306,10:00:00,8.8446,100,FORCE_1000,5.0,5.0,0.88446,11.24554,1.2965699330128093
300567.SZ,精测电子,20260304,20260305,09:36:00,149.0745,20260306,10:00:00,144.3578,100,FORCE_1000,5.0,5.0,14.43578,-496.10578,-3.326789226451723
603688.SH,石英股份,20260304,20260305,09:36:00,52.9805,20260306,09:31:00,54.1327,100,SELLBACK,5.0,5.0,5.41327,99.80673,1.8820627751954064
300395.SZ,菲利华,20260304,20260305,09:39:00,114.8674,20260306,10:00:00,110.035,100,FORCE_1000,5.0,5.0,11.0035,-504.2435,-4.387877727828858
000703.SZ,恒逸石化,20260417,20260420,09:34:00,15.2876,20260421,10:00:00,15.1624,100,FORCE_1000,5.0,5.0,1.51624,-24.03624,-1.5671447944919676
002432.SZ,九安医疗,20260417,20260420,09:34:00,76.078,20260421,10:00:00,78.1409,100,FORCE_1000,5.0,5.0,7.81409,188.47591,2.4757764554434636
002756.SZ,永兴材料,20260417,20260420,09:34:00,77.3086,20260421,10:00:00,75.1624,100,FORCE_1000,5.0,5.0,7.51624,-232.13624,-3.000781296455727
301377.SZ,鼎泰高科,20260417,20260420,09:34:00,241.1605,20260421,10:00:00,226.8665,100,FORCE_1000,6.029013,5.671663,22.68665,-1463.787325,-6.068246954341991
002821.SZ,凯莱英,20260417,20260420,09:35:00,113.4167,20260421,10:00:00,111.5442,100,FORCE_1000,5.0,5.0,11.15442,-208.40442,-1.836701164306356
300666.SZ,江丰电子,20260417,20260420,09:35:00,154.6713,20260421,10:00:00,156.3558,100,FORCE_1000,5.0,5.0,15.63558,142.81442,0.9230430457861976
600299.SH,安迪苏,20260417,20260420,09:35:00,13.8869,20260421,10:00:00,13.1734,100,FORCE_1000,5.0,5.0,1.31734,-82.66734,-5.93154431760291
000951.SZ,中国重汽,20260417,20260420,09:38:00,22.9195,20260421,10:00:00,23.1364,100,FORCE_1000,5.0,5.0,2.31364,9.37636,0.4082091469122097
301526.SZ,国际复材,20260420,20260421,10:14:00,13.917,20260422,09:32:00,14.2087,100,SELLBACK,5.0,5.0,1.42087,17.74913,1.270790434595833
600583.SH,海油工程,20260420,20260421,10:23:00,6.7474,20260422,10:00:00,6.6707,100,FORCE_1000,5.0,5.0,0.66707,-18.33707,-2.6976593991820406
603766.SH,隆鑫通用,20260420,20260421,10:31:00,14.8418,20260422,10:00:00,14.9825,100,FORCE_1000,5.0,5.0,1.49825,2.57175,0.17269571173397444
603119.SH,浙江荣泰,20260420,20260421,13:28:00,61.5384,20260422,09:37:00,62.2066,100,SELLBACK,5.0,5.0,6.22066,50.59934,0.8215725688603697
688361.SH,中科飞测,20260421,20260422,09:34:00,166.023,20260423,09:31:00,173.3397,100,SELLBACK,5.0,5.0,17.33397,704.33603,4.241123060340935
300017.SZ,网宿科技,20260421,20260422,09:35:00,17.929,20260423,09:31:00,18.9316,100,SELLBACK,5.0,5.0,1.89316,88.36684,4.915003059124534
603077.SH,和邦生物,20260421,20260422,09:37:00,2.9815,20260423,10:00:00,2.8786,100,FORCE_1000,5.0,5.0,0.28786,-20.57786,-6.788012535048657
688702.SH,盛科通信-U,20260421,20260422,09:40:00,222.8013,20260423,09:31:00,239.6201,100,SELLBACK,5.570032,5.990503,23.96201,1646.357455,7.387506125448429
600884.SH,杉杉股份,20260421,20260422,09:51:00,15.4238,20260423,10:00:00,15.1024,100,FORCE_1000,5.0,5.0,1.51024,-43.65024,-2.8209127686799618
300857.SZ,协创数据,20260421,20260422,09:53:00,234.097,20260423,10:00:00,250.9345,100,FORCE_1000,5.852425,6.273363,25.09345,1646.530762,7.031782689192736
300383.SZ,光环新网,20260421,20260422,10:05:00,16.9285,20260423,10:00:00,17.3313,100,FORCE_1000,5.0,5.0,1.73313,28.54687,1.681354065435698
688037.SH,芯源微,20260421,20260422,10:07:00,183.4957,20260423,10:00:00,183.5122,100,FORCE_1000,5.0,5.0,18.35122,-26.70122,-0.14547450580427654
002126.SZ,银轮股份,20260422,20260423,09:34:00,48.7344,20260424,10:00:00,46.6467,100,FORCE_1000,5.0,5.0,4.66467,-223.43467,-4.580043415518075
000967.SZ,盈峰环境,20260422,20260423,09:35:00,13.5368,20260424,10:00:00,13.0835,100,FORCE_1000,5.0,5.0,1.30835,-56.63835,-4.168630582624313
688331.SH,荣昌生物,20260422,20260423,09:36:00,139.2896,20260424,10:00:00,134.1229,100,FORCE_1000,5.0,5.0,13.41229,-540.08229,-3.8760143562921088
002261.SZ,拓维信息,20260422,20260423,10:01:00,38.2033,20260424,10:00:00,38.5007,100,FORCE_1000,5.0,5.0,3.85007,15.88993,0.41538716921154517
001203.SZ,大中矿业,20260423,20260424,09:34:00,44.1721,20260427,10:00:00,44.9775,100,FORCE_1000,5.0,5.0,4.49775,66.04225,1.4934218411156412
002683.SZ,广东宏大,20260423,20260424,09:34:00,38.4892,20260427,10:00:00,39.0804,100,FORCE_1000,5.0,5.0,3.90804,45.21196,1.1731421513679579
300570.SZ,太辰光,20260423,20260424,09:34:00,133.7268,20260427,10:00:00,129.5952,100,FORCE_1000,5.0,5.0,12.95952,-436.11952,-3.260053462184773
600595.SH,中孚实业,20260423,20260424,09:34:00,8.2991,20260427,10:00:00,8.1009,100,FORCE_1000,5.0,5.0,0.81009,-30.63009,-3.668669676971171
688180.SH,君实生物-U,20260423,20260424,10:15:00,39.4878,20260427,10:00:00,39.4803,100,FORCE_1000,5.0,5.0,3.94803,-14.69803,-0.37174627824512235
000034.SZ,神州数码,20260424,20260427,09:40:00,26.4182,20260428,10:00:00,26.3061,100,FORCE_1000,5.0,5.0,2.63061,-23.84061,-0.900726532216018
002025.SZ,航天电器,20260424,20260427,09:40:00,73.4167,20260428,10:00:00,70.6846,100,FORCE_1000,5.0,5.0,7.06846,-290.27846,-3.951156918712831
002335.SZ,科华数据,20260424,20260427,09:40:00,42.918,20260428,10:00:00,42.6063,100,FORCE_1000,5.0,5.0,4.26063,-45.43063,-1.0573131167380376
603659.SH,璞泰来,20260424,20260427,10:02:00,36.7184,20260428,10:00:00,35.7421,100,FORCE_1000,5.0,5.0,3.57421,-111.20421,-3.024450615202184
688295.SH,中复神鹰,20260424,20260427,10:03:00,58.7764,20260428,10:00:00,59.0075,100,FORCE_1000,5.0,5.0,5.90075,7.20925,0.12255126949804848
000967.SZ,盈峰环境,20260424,20260427,10:10:00,12.5062,20260428,09:31:00,13.3,100,SELLBACK,5.0,5.0,1.33,68.05,5.419633328554817
601179.SH,中国西电,20260424,20260427,10:10:00,16.9145,20260428,10:00:00,16.5477,100,FORCE_1000,5.0,5.0,1.65477,-48.33477,-2.8491715052020394
600595.SH,中孚实业,20260424,20260427,10:12:00,8.1133,20260428,10:00:00,7.921,100,FORCE_1000,5.0,5.0,0.7921,-30.0221,-3.6776916198106155
002429.SZ,兆驰股份,20260427,20260428,09:36:00,11.7789,20260429,10:00:00,11.2774,100,FORCE_1000,5.0,5.0,1.12774,-61.27774,-5.180341367329168
002465.SZ,海格通信,20260427,20260428,10:26:00,15.3435,20260429,10:00:00,15.0525,100,FORCE_1000,5.0,5.0,1.50525,-40.60525,-2.637817910156884
600707.SH,彩虹股份,20260427,20260428,10:26:00,8.4442,20260429,10:00:00,8.5057,100,FORCE_1000,5.0,5.0,0.85057,-4.70057,-0.553385839749476
000559.SZ,万向钱潮,20260427,20260428,10:29:00,16.2081,20260429,10:00:00,15.7221,100,FORCE_1000,5.0,5.0,1.57221,-60.17221,-3.701060394511043
300207.SZ,欣旺达,20260427,20260428,10:29:00,26.3432,20260429,10:00:00,26.3568,100,FORCE_1000,5.0,5.0,2.63568,-11.27568,-0.4272191322007183
688385.SH,复旦微电,20260427,20260428,10:29:00,72.6283,20260429,10:00:00,70.1869,100,FORCE_1000,5.0,5.0,7.01869,-261.15869,-3.5933516606745064
000831.SZ,中国稀土,20260427,20260428,10:47:00,49.7646,20260429,10:00:00,49.0365,100,FORCE_1000,5.0,5.0,4.90365,-87.71365,-1.7608020540162923
600392.SH,盛和资源,20260427,20260428,11:19:00,23.8432,20260429,10:00:00,23.4883,100,FORCE_1000,5.0,5.0,2.34883,-47.83883,-2.0021943481827464
601001.SH,晋控煤业,20260428,20260429,10:00:00,19.0825,20260430,10:00:00,18.9335,100,FORCE_1000,5.0,5.0,1.89335,-26.79335,-1.4004102966157064
300395.SZ,菲利华,20260428,20260429,10:14:00,109.1746,20260430,09:31:00,113.3897,100,SELLBACK,5.0,5.0,11.33897,400.17103,3.663744522754032
600601.SH,方正科技,20260428,20260429,10:14:00,11.6058,20260430,10:00:00,11.8841,100,FORCE_1000,5.0,5.0,1.18841,16.64159,1.427751848864943
002429.SZ,兆驰股份,20260428,20260429,10:17:00,11.1786,20260430,10:00:00,10.9275,100,FORCE_1000,5.0,5.0,1.09275,-36.20275,-3.224155282047629
301611.SZ,珂玛科技,20260428,20260429,10:17:00,108.8344,20260430,10:00:00,104.8176,100,FORCE_1000,5.0,5.0,10.48176,-422.16176,-3.877155588863051
600208.SH,衢州发展,20260428,20260429,10:17:00,4.1821,20260430,09:31:00,4.2936,100,SELLBACK,5.0,5.0,0.42936,0.72064,0.17027953025684647
600498.SH,烽火通信,20260428,20260429,10:17:00,51.6288,20260430,10:00:00,46.7996,100,FORCE_1000,5.0,5.0,4.67996,-497.59996,-9.628705774901894
688629.SH,华丰科技,20260428,20260429,10:17:00,126.9935,20260430,09:31:00,128.9064,100,SELLBACK,5.0,5.0,12.89064,168.39936,1.3255251941264212
001389.SZ,广合科技,20260429,20260430,09:34:00,164.2364,20260506,09:31:00,177.338,100,SELLBACK,5.0,5.0,17.7338,1282.4262,7.806039940007207
300432.SZ,富临精工,20260429,20260430,09:34:00,27.8539,20260506,10:00:00,28.2259,100,FORCE_1000,5.0,5.0,2.82259,24.37741,0.8736201749576225
600208.SH,衢州发展,20260429,20260430,09:34:00,4.3222,20260506,10:00:00,4.5477,100,FORCE_1000,5.0,5.0,0.45477,12.09523,2.766394492475184
603308.SH,应流股份,20260429,20260430,10:14:00,75.9952,20260506,09:31:00,77.4936,100,SELLBACK,5.0,5.0,7.74936,132.09064,1.7370016779494304
688676.SH,金盘科技,20260429,20260430,10:23:00,86.4818,20260506,10:00:00,87.1764,100,FORCE_1000,5.0,5.0,8.71764,50.74236,0.5864012998689498
300001.SZ,特锐德,20260429,20260430,10:24:00,29.232,20260506,09:31:00,29.7054,100,SELLBACK,5.0,5.0,2.97054,34.36946,1.1737401816815791
603606.SH,东方电缆,20260429,20260430,10:27:00,50.9779,20260506,09:31:00,51.9803,100,SELLBACK,5.0,5.0,5.19803,85.04197,1.6665778917023824
603092.SH,德力佳,20260429,20260430,10:37:00,73.5055,20260506,10:00:00,73.1424,100,FORCE_1000,5.0,5.0,7.31424,-53.62424,-0.7290310037998518
001389.SZ,广合科技,20260430,20260506,09:34:00,176.4625,20260507,10:00:00,178.8449,100,FORCE_1000,5.0,5.0,17.88449,210.35551,1.1917315204305645
688234.SH,天岳先进,20260430,20260506,09:34:00,106.033,20260507,10:00:00,108.7156,100,FORCE_1000,5.0,5.0,10.87156,247.38844,2.3320271862598156
603175.SH,超颖电子,20260430,20260506,09:35:00,95.8879,20260507,10:00:00,100.1499,100,FORCE_1000,5.0,5.0,10.01499,406.18501,4.233832614639261
002008.SZ,大族激光,20260430,20260506,09:36:00,99.2996,20260507,09:31:00,103.5245,100,SELLBACK,5.0,5.0,10.35245,402.13755,4.047701752196285
600166.SH,福田汽车,20260430,20260506,10:03:00,3.4917,20260507,09:31:00,3.5646,100,SELLBACK,5.0,5.0,0.35646,-3.06646,-0.8658158511449305
002429.SZ,兆驰股份,20260430,20260506,10:10:00,11.1586,20260507,10:00:00,11.2074,100,FORCE_1000,5.0,5.0,1.12074,-6.24074,-0.5567813999964313
688347.SH,华虹宏力,20260430,20260506,10:11:00,152.2161,20260507,10:00:00,151.6941,100,FORCE_1000,5.0,5.0,15.16941,-77.36941,-0.5081197324946262
601016.SH,节能风电,20260430,20260506,10:26:00,4.6294,20260507,09:31:00,4.8098,100,SELLBACK,5.0,5.0,0.48098,7.55902,1.6153823139718766
000539.SZ,粤电力Ａ,20260506,20260507,09:35:00,7.0935,20260508,10:00:00,7.2264,100,FORCE_1000,5.0,5.0,0.72264,2.56736,0.3593980541751242
601016.SH,节能风电,20260506,20260507,09:35:00,4.9095,20260508,10:00:00,5.0045,100,FORCE_1000,5.0,5.0,0.50045,-1.00045,-0.2017239641092852
002487.SZ,大金重工,20260506,20260507,09:37:00,84.9224,20260508,10:00:00,84.6377,100,FORCE_1000,5.0,5.0,8.46377,-46.93377,-0.5523413484849199
000155.SZ,川能动力,20260506,20260507,10:02:00,17.3187,20260508,09:31:00,17.5137,100,SELLBACK,5.0,5.0,1.75137,7.74863,0.44612607736906046
600166.SH,福田汽车,20260506,20260507,10:08:00,3.6418,20260508,10:00:00,3.6782,100,FORCE_1000,5.0,5.0,0.36782,-6.72782,-1.8223684923343628
300012.SZ,华测检测,20260506,20260507,10:47:00,16.3169,20260508,10:00:00,16.4318,100,FORCE_1000,5.0,5.0,1.64318,-0.15318,-0.009359133372843971
002738.SZ,中矿资源,20260507,20260508,09:34:00,91.6458,20260511,10:00:00,88.1759,100,FORCE_1000,5.0,5.0,8.81759,-365.80759,-3.989360363288177
000703.SZ,恒逸石化,20260507,20260508,09:35:00,15.8979,20260511,10:00:00,15.2724,100,FORCE_1000,5.0,5.0,1.52724,-74.07724,-4.644952626991642
002756.SZ,永兴材料,20260507,20260508,09:39:00,83.8519,20260511,10:00:00,78.4807,100,FORCE_1000,5.0,5.0,7.84807,-554.96807,-6.614487514585486
000155.SZ,川能动力,20260507,20260508,10:09:00,17.1599,20260511,10:00:00,16.7516,100,FORCE_1000,5.0,5.0,1.67516,-52.50516,-3.050869557638336
300037.SZ,新宙邦,20260507,20260508,10:11:00,68.0876,20260511,10:00:00,66.6667,100,FORCE_1000,5.0,5.0,6.66667,-158.75667,-2.329942205184803
002064.SZ,华峰化学,20260507,20260508,10:27:00,10.8177,20260511,10:00:00,10.8246,100,FORCE_1000,5.0,5.0,1.08246,-10.39246,-0.9562704160033861
002430.SZ,杭氧股份,20260507,20260508,11:09:00,29.7438,20260511,09:31:00,30.1048,100,SELLBACK,5.0,5.0,3.01048,23.08952,0.7749773442796823
001203.SZ,大中矿业,20260508,20260511,09:34:00,47.7839,20260512,10:00:00,45.2773,100,FORCE_1000,5.0,5.0,4.52773,-265.18773,-5.543928678196843
002812.SZ,恩捷股份,20260508,20260511,09:34:00,82.101,20260512,10:00:00,79.0405,100,FORCE_1000,5.0,5.0,7.90405,-323.95405,-3.943397524071526
002430.SZ,杭氧股份,20260508,20260511,10:00:00,29.8149,20260512,10:00:00,30.2649,100,FORCE_1000,5.0,5.0,3.02649,31.97351,1.0706049576593257
603225.SH,新凤鸣,20260508,20260511,10:00:00,18.2391,20260512,10:00:00,17.991,100,FORCE_1000,5.0,5.0,1.7991,-36.6091,-2.00168953092279
600985.SH,淮北矿业,20260508,20260511,10:52:00,13.3767,20260512,10:00:00,13.3333,100,FORCE_1000,5.0,5.0,1.33333,-15.67333,-1.167325552816403
601001.SH,晋控煤业,20260508,20260511,11:12:00,17.5342,20260512,10:00:00,17.3843,100,FORCE_1000,5.0,5.0,1.73843,-26.72843,-1.520025363678757
601699.SH,潞安环能,20260508,20260511,11:18:00,15.4168,20260512,09:37:00,15.6195,100,SELLBACK,5.0,5.0,1.56195,8.70805,0.5630156205549952
600348.SH,华阳股份,20260508,20260511,13:09:00,9.8279,20260512,10:00:00,9.6981,100,FORCE_1000,5.0,5.0,0.96981,-23.94981,-2.4245851851101956
002738.SZ,中矿资源,20260511,20260512,09:37:00,85.953,20260513,10:00:00,81.8291,100,FORCE_1000,5.0,5.0,8.18291,-430.57291,-5.0064870992872335
688166.SH,博瑞医药,20260511,20260512,10:02:00,66.0645,20260513,10:00:00,63.892,100,FORCE_1000,5.0,5.0,6.3892,-233.6392,-3.533857172027316
601666.SH,平煤股份,20260511,20260512,10:05:00,8.1241,20260513,10:00:00,8.066,100,FORCE_1000,5.0,5.0,0.8066,-16.6166,-2.03283541918988
300432.SZ,富临精工,20260511,20260512,10:35:00,27.1949,20260513,10:00:00,27.6662,100,FORCE_1000,5.0,5.0,2.76662,34.36338,1.2612775234998108
601233.SH,桐昆股份,20260511,20260512,10:39:00,22.1911,20260513,10:00:00,22.1989,100,FORCE_1000,5.0,5.0,2.21989,-11.43989,-0.5143581027916786
000703.SZ,恒逸石化,20260512,20260513,09:34:00,15.6378,20260514,10:00:00,15.4523,100,FORCE_1000,5.0,5.0,1.54523,-30.09523,-1.9183843496219994
000967.SZ,盈峰环境,20260512,20260513,09:34:00,13.4467,20260514,09:31:00,14.9476,100,SELLBACK,5.0,5.0,1.49476,138.59524,10.268824231108344
300058.SZ,蓝色光标,20260512,20260513,09:34:00,17.8689,20260514,09:31:00,19.3509,100,SELLBACK,5.0,5.0,1.93509,136.26491,7.604535434652796
001203.SZ,大中矿业,20260512,20260513,10:01:00,45.4586,20260514,10:00:00,45.5872,100,FORCE_1000,5.0,5.0,4.55872,-1.69872,-0.03732745019622665
002756.SZ,永兴材料,20260512,20260513,10:01:00,76.2981,20260514,10:00:00,76.4318,100,FORCE_1000,5.0,5.0,7.64318,-4.27318,-0.05596969669186266
300073.SZ,当升科技,20260512,20260513,10:01:00,60.7974,20260514,10:00:00,61.1364,100,FORCE_1000,5.0,5.0,6.11364,17.78636,0.2923109286510187
301358.SZ,湖南裕能,20260512,20260513,10:01:00,97.3527,20260514,09:31:00,98.4961,100,SELLBACK,5.0,5.0,9.84961,94.49039,0.9701003154943344
605589.SH,圣泉集团,20260512,20260513,10:01:00,40.6303,20260514,10:00:00,41.0195,100,FORCE_1000,5.0,5.0,4.10195,24.81805,0.6100753927576739
000967.SZ,盈峰环境,20260513,20260514,09:34:00,15.1576,20260515,10:00:00,13.3933,100,FORCE_1000,5.0,5.0,1.33933,-187.76933,-12.347071858807439
300620.SZ,光库科技,20260513,20260514,09:34:00,296.6282,20260515,10:00:00,262.6486,100,FORCE_1000,7.415705,6.566215,26.26486,-3438.20678,-11.58806695769052
300751.SZ,迈为股份,20260513,20260514,09:34:00,285.2425,20260515,10:00:00,249.4252,100,FORCE_1000,7.131063,6.23563,24.94252,-3620.039212,-12.687921429635843
002407.SZ,多氟多,20260513,20260514,10:53:00,34.097,20260515,09:31:00,36.2156,100,SELLBACK,5.0,5.0,3.62156,198.23844,5.805442352183207
000738.SZ,航发控制,20260514,20260515,09:53:00,21.994,20260518,10:00:00,21.4623,100,FORCE_1000,5.0,5.0,2.14623,-65.31623,-2.9629935583378697
002407.SZ,多氟多,20260514,20260515,09:53:00,36.2881,20260518,10:00:00,36.2519,100,FORCE_1000,5.0,5.0,3.62519,-17.24519,-0.4745759959931863
002812.SZ,恩捷股份,20260514,20260515,09:53:00,75.6778,20260518,10:00:00,76.8616,100,FORCE_1000,5.0,5.0,7.68616,100.69384,1.3296813059404866
000062.SZ,深圳华强,20260514,20260515,09:57:00,33.0052,20260518,10:00:00,32.3838,100,FORCE_1000,5.0,5.0,3.23838,-75.37838,-2.2803788813862873
000559.SZ,万向钱潮,20260514,20260515,09:57:00,17.1086,20260518,10:00:00,17.4013,100,FORCE_1000,5.0,5.0,1.74013,17.52987,1.0216375461867517
000960.SZ,锡业股份,20260514,20260515,10:13:00,37.3202,20260518,10:00:00,36.8416,100,FORCE_1000,5.0,5.0,3.68416,-61.54416,-1.6468779936955114
000967.SZ,盈峰环境,20260514,20260515,10:13:00,13.6568,20260518,10:00:00,13.3033,100,FORCE_1000,5.0,5.0,1.33033,-46.68033,-3.405632970496396
600663.SH,陆家嘴,20260514,20260515,10:13:00,8.104,20260518,10:00:00,7.946,100,FORCE_1000,5.0,5.0,0.7946,-26.5946,-3.261540348295316
688037.SH,芯源微,20260515,20260518,10:03:00,287.6077,20260519,10:00:00,283.0124,100,FORCE_1000,7.190193,7.07531,28.30124,-502.096743,-1.74533314020262
000039.SZ,中集集团,20260515,20260518,10:04:00,11.4467,20260519,10:00:00,11.1254,100,FORCE_1000,5.0,5.0,1.11254,-43.24254,-3.761300199187593
600105.SH,永鼎股份,20260515,20260518,10:04:00,51.2006,20260519,10:00:00,49.1204,100,FORCE_1000,5.0,5.0,4.91204,-222.93204,-4.349842538428818
601155.SH,新城控股,20260515,20260518,10:06:00,14.3572,20260519,10:00:00,14.1329,100,FORCE_1000,5.0,5.0,1.41329,-33.84329,-2.3490539452495978
688777.SH,中控技术,20260515,20260518,10:11:00,81.7308,20260519,09:31:00,85.5815,100,SELLBACK,5.0,5.0,8.55815,366.51185,4.481636887875882
688019.SH,安集科技,20260515,20260518,10:12:00,227.378,20260519,10:00:00,224.9951,100,FORCE_1000,5.68445,5.624878,22.49951,-272.098837,-1.1963814849839336
688166.SH,博瑞医药,20260515,20260518,10:13:00,61.6993,20260519,10:00:00,61.3933,100,FORCE_1000,5.0,5.0,6.13933,-46.73933,-0.7569208071994339
002335.SZ,科华数据,20260515,20260518,10:15:00,46.6109,20260519,10:00:00,45.9701,100,FORCE_1000,5.0,5.0,4.59701,-78.67701,-1.6861442878298532
000539.SZ,粤电力Ａ,20260518,20260519,09:43:00,6.7534,20260520,09:31:00,6.8697,100,SELLBACK,5.0,5.0,0.68697,0.94303,0.13861157656465886
688387.SH,信科移动-U,20260518,20260519,10:01:00,19.2196,20260520,09:33:00,19.4708,100,SELLBACK,5.0,5.0,1.94708,13.17292,0.6836114916760078
001389.SZ,广合科技,20260518,20260519,10:40:00,172.6606,20260520,09:31:00,178.8857,100,SELLBACK,5.0,5.0,17.88857,594.62143,3.4428774493285306
002436.SZ,兴森科技,20260518,20260519,10:40:00,32.5563,20260520,09:48:00,33.0604,100,SELLBACK,5.0,5.0,3.30604,37.10396,1.1379383738725337
003022.SZ,联泓新科,20260518,20260519,10:40:00,23.8419,20260520,09:31:00,24.1537,100,SELLBACK,5.0,5.0,2.41537,18.76463,0.7853971429647704
300223.SZ,君正股份,20260518,20260519,10:40:00,133.8769,20260520,09:31:00,137.823,100,SELLBACK,5.0,5.0,13.7823,370.8277,2.7688813823063176
300395.SZ,菲利华,20260518,20260519,10:40:00,129.975,20260520,09:31:00,131.6523,100,SELLBACK,5.0,5.0,13.16523,144.56477,1.1118228802153434
300604.SZ,长川科技,20260518,20260519,10:40:00,216.018,20260520,09:31:00,233.2297,100,SELLBACK,5.40045,5.830743,23.32297,1686.615838,7.805804559933168
002008.SZ,大族激光,20260519,20260520,09:34:00,140.2801,20260521,09:31:00,147.3887,100,SELLBACK,5.0,5.0,14.73887,686.12113,4.889336856454888
002244.SZ,滨江集团,20260519,20260520,09:34:00,10.5773,20260521,10:00:00,10.3368,100,FORCE_1000,5.0,5.0,1.03368,-35.08368,-3.3012787820048364
002273.SZ,水晶光电,20260519,20260520,09:34:00,38.9995,20260521,09:31:00,40.2396,100,SELLBACK,5.0,5.0,4.02396,109.98604,2.816579981817949
002429.SZ,兆驰股份,20260519,20260520,09:34:00,12.9095,20260521,09:31:00,13.6924,100,SELLBACK,5.0,5.0,1.36924,66.92076,5.163838111038235
300604.SZ,长川科技,20260519,20260520,09:34:00,229.2746,20260521,10:00:00,236.2818,100,FORCE_1000,5.731865,5.907045,23.62818,665.45291,2.9017021002453465
300751.SZ,迈为股份,20260519,20260520,09:34:00,271.1055,20260521,10:00:00,271.4142,100,FORCE_1000,6.777637,6.785355,27.14142,-9.834413,-0.036266158418944615
301611.SZ,珂玛科技,20260519,20260520,09:34:00,122.001,20260521,09:31:00,128.6069,100,SELLBACK,5.0,5.0,12.86069,637.72931,5.225105160957305
601118.SH,海南橡胶,20260519,20260520,09:48:00,6.8534,20260521,10:00:00,6.7566,100,FORCE_1000,5.0,5.0,0.67566,-20.35566,-2.948642697801084
601016.SH,节能风电,20260520,20260521,09:34:00,4.7094,20260522,10:00:00,4.5448,100,FORCE_1000,5.0,5.0,0.45448,-26.91448,-5.655015338067824
601991.SH,大唐发电,20260520,20260521,09:34:00,7.0605,20260522,10:00:00,6.7036,100,FORCE_1000,5.0,5.0,0.67036,-46.36036,-6.519985936291399
002203.SZ,海亮股份,20260520,20260521,09:35:00,21.0425,20260522,10:00:00,20.7716,100,FORCE_1000,5.0,5.0,2.07716,-39.16716,-1.8569235510252462
300017.SZ,网宿科技,20260520,20260521,09:35:00,18.019,20260522,10:00:00,16.5317,100,FORCE_1000,5.0,5.0,1.65317,-160.38317,-8.876150866124302
688281.SH,华秦科技,20260520,20260521,13:01:00,59.5248,20260522,10:00:00,58.2523,100,FORCE_1000,5.0,5.0,5.82523,-143.07523,-2.4016065517634977
300666.SZ,江丰电子,20260521,20260522,13:33:00,198.5792,20260525,10:00:00,197.5012,100,FORCE_1000,5.0,5.0,19.75012,-137.55012,-0.692496974261589
601991.SH,大唐发电,20260521,20260522,14:05:00,6.8108,20260525,09:35:00,6.9665,100,SELLBACK,5.0,5.0,0.69665,4.87335,0.7103180387126866
688676.SH,金盘科技,20260521,20260522,14:24:00,95.8344,20260525,09:31:00,99.241,100,SELLBACK,5.0,5.0,9.9241,320.7359,3.345026928259446
688313.SH,仕佳光子,20260521,20260522,14:51:00,174.5572,20260525,09:31:00,178.0227,100,SELLBACK,5.0,5.0,17.80227,318.74773,1.8255130945344749
688248.SH,南网科技,20260522,20260525,09:34:00,62.4092,20260526,10:00:00,60.9375,100,FORCE_1000,5.0,5.0,6.09375,-163.26375,-2.6139263711350766
002281.SZ,光迅科技,20260522,20260525,09:35:00,206.7633,20260526,09:31:00,218.2722,100,SELLBACK,5.169083,5.456805,21.82722,1118.436893,5.407910173911834
002409.SZ,雅克科技,20260522,20260525,09:35:00,115.8679,20260526,10:00:00,125.1074,100,FORCE_1000,5.0,5.0,12.51074,901.43926,7.7765320110181415
301611.SZ,珂玛科技,20260522,20260525,09:35:00,113.4867,20260526,10:00:00,105.917,100,FORCE_1000,5.0,5.0,10.5917,-777.5617,-6.848549411776104
688037.SH,芯源微,20260522,20260525,09:35:00,270.9595,20260526,09:31:00,287.5222,100,SELLBACK,6.773988,7.188055,28.75222,1613.555738,5.953481792989462
688099.SH,晶晨股份,20260522,20260525,09:35:00,113.4667,20260526,10:00:00,110.4547,100,FORCE_1000,5.0,5.0,11.04547,-322.24547,-2.8387494527236963
688220.SH,翱捷科技-U,20260522,20260525,09:35:00,108.3041,20260526,09:31:00,111.7721,100,SELLBACK,5.0,5.0,11.17721,325.62279,3.0051727622674176
300115.SZ,长盈精密,20260522,20260525,10:02:00,36.8784,20260526,10:00:00,37.2114,100,FORCE_1000,5.0,5.0,3.72114,19.57886,0.5301843567552345
002407.SZ,多氟多,20260525,20260526,09:34:00,38.9395,20260527,10:00:00,36.6317,100,FORCE_1000,5.0,5.0,3.66317,-244.44317,-6.269461521691737
002831.SZ,裕同科技,20260525,20260526,09:34:00,27.5878,20260527,10:00:00,26.8401,100,FORCE_1000,5.0,5.0,2.68401,-87.45401,-3.1642898494091423
300054.SZ,鼎龙股份,20260525,20260526,09:34:00,81.2506,20260527,10:00:00,78.4907,100,FORCE_1000,5.0,5.0,7.84907,-293.83907,-3.6142300302826795
000032.SZ,深桑达Ａ,20260525,20260526,10:09:00,18.3842,20260527,10:00:00,18.026,100,FORCE_1000,5.0,5.0,1.8026,-47.6226,-2.583383059747643
000559.SZ,万向钱潮,20260525,20260526,10:32:00,17.6115,20260527,10:00:00,17.5012,100,FORCE_1000,5.0,5.0,1.75012,-22.78012,-1.2898179656314583
300001.SZ,特锐德,20260525,20260526,13:10:00,37.1898,20260527,09:31:00,37.9131,100,SELLBACK,5.0,5.0,3.79131,58.53869,1.5719388933345506
300763.SZ,锦浪科技,20260526,20260527,09:34:00,113.1565,20260528,10:00:00,119.5402,100,FORCE_1000,5.0,5.0,11.95402,616.41598,5.445058190121592
600563.SH,法拉电子,20260526,20260527,09:34:00,170.4752,20260528,10:00:00,167.4063,100,FORCE_1000,5.0,5.0,16.74063,-333.63063,-1.9564887183829722
603156.SH,养元饮品,20260526,20260527,09:34:00,45.3026,20260528,10:00:00,42.8186,100,FORCE_1000,5.0,5.0,4.28186,-262.68186,-5.7919911978585565
688169.SH,石头科技,20260526,20260527,10:00:00,120.0333,20260528,10:00:00,116.8149,100,FORCE_1000,5.0,5.0,11.68149,-343.52149,-2.8606932854110436
688099.SH,晶晨股份,20260526,20260527,10:06:00,115.8479,20260528,10:00:00,114.0529,100,FORCE_1000,5.0,5.0,11.40529,-200.90529,-1.7334679058032976
000921.SZ,海信家电,20260622,20260623,09:34:00,26.1181,20260624,10:00:00,25.902,100,FORCE_1000,5.0,5.0,2.5902,-34.2002,-1.3069424222622201
001696.SZ,宗申动力,20260622,20260623,09:34:00,25.0025,20260624,10:00:00,21.8291,100,FORCE_1000,5.0,5.0,2.18291,-329.52291,-13.153294481588665
002085.SZ,万丰奥威,20260622,20260623,09:34:00,12.8864,20260624,10:00:00,12.5137,100,FORCE_1000,5.0,5.0,1.25137,-48.52137,-3.750762963421044
603225.SH,新凤鸣,20260622,20260623,09:34:00,21.6508,20260624,10:00:00,21.0395,100,FORCE_1000,5.0,5.0,2.10395,-73.23395,-3.3747119921846194
001389.SZ,广合科技,20260622,20260623,09:35:00,187.5081,20260624,10:00:00,183.4226,100,FORCE_1000,5.0,5.0,18.34226,-436.89226,-2.3293702591357026
601991.SH,大唐发电,20260622,20260623,09:35:00,8.1511,20260624,10:00:00,7.8931,100,FORCE_1000,5.0,5.0,0.78931,-36.58931,-4.461512480033167
605358.SH,立昂微,20260622,20260623,09:35:00,68.4642,20260624,10:00:00,67.2164,100,FORCE_1000,5.0,5.0,6.72164,-141.50164,-2.0652892393109754
688772.SH,珠海冠宇,20260622,20260623,09:35:00,19.97,20260624,10:00:00,19.4003,100,FORCE_1000,5.0,5.0,1.94003,-68.91003,-3.442059440559441
300666.SZ,江丰电子,20260623,20260624,10:16:00,296.0179,20260625,09:31:00,316.1852,100,SELLBACK,7.400448,7.90463,31.61852,1969.806402,6.652685778399311
600601.SH,方正科技,20260623,20260624,10:27:00,13.4467,20260625,09:43:00,13.6096,100,SELLBACK,5.0,5.0,1.36096,4.92904,0.365203346003097
300395.SZ,菲利华,20260623,20260624,10:52:00,130.9068,20260625,09:31:00,134.7976,100,SELLBACK,5.0,5.0,13.47976,365.60024,2.7917621688984458
688343.SH,云天励飞-U,20260623,20260624,10:54:00,71.7659,20260625,09:31:00,75.4966,100,SELLBACK,5.0,5.0,7.54966,355.52034,4.950440501337447
002851.SZ,麦格米特,20260623,20260624,11:09:00,169.3746,20260625,09:31:00,174.2084,100,SELLBACK,5.0,5.0,17.42084,455.95916,2.691221699800383
600563.SH,法拉电子,20260623,20260624,11:09:00,174.2571,20260625,09:31:00,186.9193,100,SELLBACK,5.0,5.0,18.69193,1237.52807,7.099699725369765
000034.SZ,神州数码,20260624,20260625,09:34:00,27.7739,20260626,10:00:00,27.926,100,FORCE_1000,5.0,5.0,2.7926,2.4174,0.08688214089326082
000960.SZ,锡业股份,20260624,20260625,09:34:00,46.7934,20260626,10:00:00,45.4872,100,FORCE_1000,5.0,5.0,4.54872,-145.16872,-3.0990218472613003
001696.SZ,宗申动力,20260624,20260625,09:34:00,24.5223,20260626,10:00:00,25.0375,100,FORCE_1000,5.0,5.0,2.50375,39.01625,1.5878143275151289
002138.SZ,顺络电子,20260624,20260625,09:34:00,69.2646,20260626,10:00:00,70.6347,100,FORCE_1000,5.0,5.0,7.06347,119.94653,1.7304655873365784
002203.SZ,海亮股份,20260624,20260625,09:34:00,24.2841,20260626,10:00:00,22.9805,100,FORCE_1000,5.0,5.0,2.29805,-142.65805,-5.86247488092841
002436.SZ,兴森科技,20260624,20260625,09:34:00,50.6253,20260626,10:00:00,53.7331,100,FORCE_1000,5.0,5.0,5.37331,295.40669,5.82940189796607
002850.SZ,科达利,20260624,20260625,09:34:00,187.0835,20260626,10:00:00,182.4887,100,FORCE_1000,5.0,5.0,18.24887,-487.72887,-2.6063151172825814
000415.SZ,渤海租赁,20260624,20260625,09:53:00,4.2321,20260626,09:31:00,4.3734,100,SELLBACK,5.0,5.0,0.43734,3.69266,0.8623479134069733
002056.SZ,横店东磁,20260625,20260626,09:34:00,30.9555,20260629,10:00:00,28.7056,100,FORCE_1000,5.0,5.0,2.87056,-237.86056,-7.671560207060037
003022.SZ,联泓新科,20260625,20260626,10:01:00,27.7067,20260629,10:00:00,26.077,100,FORCE_1000,5.0,5.0,2.6077,-175.5777,-6.325597063051442
000733.SZ,振华科技,20260625,20260626,10:15:00,59.0495,20260629,09:31:00,60.3294,100,SELLBACK,5.0,5.0,6.03294,111.95706,1.894382524386839
000060.SZ,中金岭南,20260626,20260629,09:34:00,7.8989,20260630,10:00:00,7.4313,100,FORCE_1000,5.0,5.0,0.74313,-57.50313,-7.2340990577312585
000960.SZ,锡业股份,20260626,20260629,09:34:00,46.3332,20260630,10:00:00,41.5092,100,FORCE_1000,5.0,5.0,4.15092,-496.55092,-10.7054045430242
002203.SZ,海亮股份,20260626,20260629,09:34:00,22.093,20260630,10:00:00,21.971,100,FORCE_1000,5.0,5.0,2.1971,-24.3971,-1.1017974077586594
300037.SZ,新宙邦,20260626,20260629,09:34:00,86.3632,20260630,10:00:00,82.5787,100,FORCE_1000,5.0,5.0,8.25787,-396.70787,-4.590824897122199
300390.SZ,天华新能,20260626,20260629,09:34:00,84.836,20260630,10:00:00,86.5167,100,FORCE_1000,5.0,5.0,8.65167,149.41833,1.760223476191598
300679.SZ,电连技术,20260626,20260629,09:34:00,62.9715,20260630,10:00:00,56.4118,100,FORCE_1000,5.0,5.0,5.64118,-671.61118,-10.656858056377585
300475.SZ,香农芯创,20260629,20260630,09:54:00,289.1023,20260701,10:00:00,294.6704,100,FORCE_1000,7.227558,7.36676,29.46704,512.748642,1.7731456542486188
600498.SH,烽火通信,20260629,20260630,09:54:00,72.109,20260701,09:31:00,73.7522,100,SELLBACK,5.0,5.0,7.37522,146.94478,2.036402666334068
688099.SH,晶晨股份,20260629,20260630,10:08:00,102.1811,20260701,10:00:00,101.8491,100,FORCE_1000,5.0,5.0,10.18491,-53.38491,-0.522198332992602
688777.SH,中控技术,20260629,20260630,10:08:00,115.2776,20260701,09:31:00,120.8186,100,SELLBACK,5.0,5.0,12.08186,532.01814,4.613103368144313
000415.SZ,渤海租赁,20260629,20260630,10:11:00,4.032,20260701,10:00:00,4.028,100,FORCE_1000,5.0,5.0,0.4028,-10.8028,-2.646447819696227
002312.SZ,川发龙蟒,20260629,20260630,10:11:00,9.1218,20260701,09:35:00,9.306,100,SELLBACK,5.0,5.0,0.9306,7.4894,0.8165681763666891
300487.SZ,蓝晓科技,20260629,20260630,10:11:00,56.2451,20260701,09:31:00,62.1337,100,SELLBACK,5.0,5.0,6.21337,572.64663,10.172228666438109
600378.SH,昊华科技,20260629,20260630,10:11:00,72.6663,20260701,10:00:00,75.3423,100,FORCE_1000,5.0,5.0,7.53423,250.06577,3.4389231850355415
000032.SZ,深桑达Ａ,20260630,20260701,09:34:00,24.7324,20260702,10:00:00,22.9585,100,FORCE_1000,5.0,5.0,2.29585,-189.68585,-7.654054893795598
000519.SZ,中兵红箭,20260630,20260701,09:34:00,21.1606,20260702,10:00:00,20.3998,100,FORCE_1000,5.0,5.0,2.03998,-88.11998,-4.154525567404977
002831.SZ,裕同科技,20260630,20260701,09:34:00,36.2181,20260702,10:00:00,32.6936,100,FORCE_1000,5.0,5.0,3.26936,-365.71936,-10.083774997863136
000050.SZ,深天马Ａ,20260630,20260701,09:35:00,9.7149,20260702,10:00:00,9.1954,100,FORCE_1000,5.0,5.0,0.91954,-62.86954,-6.438318876793413
002601.SZ,龙佰集团,20260630,20260701,10:37:00,17.1086,20260702,09:43:00,17.314,100,SELLBACK,5.0,5.0,1.7314,8.8086,0.5133635611296959
002601.SZ,龙佰集团,20260701,20260702,10:11:00,16.8184,20260703,10:00:00,16.9315,100,FORCE_1000,5.0,5.0,1.69315,-0.38315,-0.022714068909914394
300548.SZ,长芯博创,20260701,20260702,10:11:00,234.8874,20260703,10:00:00,223.828,100,FORCE_1000,5.872185,5.5957,22.3828,-1139.790685,-4.8512853756645224
600909.SH,华安证券,20260701,20260702,10:14:00,11.7559,20260703,10:00:00,10.8846,100,FORCE_1000,5.0,5.0,1.08846,-98.21846,-8.319438585791849
688777.SH,中控技术,20260701,20260702,10:14:00,109.2546,20260703,10:00:00,102.7186,100,FORCE_1000,5.0,5.0,10.27186,-673.87186,-6.165082347860932
002821.SZ,凯莱英,20260701,20260702,10:53:00,155.0775,20260703,09:31:00,157.0442,100,SELLBACK,5.0,5.0,15.70442,170.96558,1.1020971781276692
002281.SZ,光迅科技,20260701,20260702,11:11:00,221.4407,20260703,10:00:00,218.0809,100,FORCE_1000,5.536017,5.452022,21.80809,-368.77613,-1.6649331356442039
300136.SZ,信维通信,20260701,20260702,11:11:00,105.0666,20260703,10:00:00,102.0989,100,FORCE_1000,5.0,5.0,10.20989,-316.97989,-3.01550744601709
688347.SH,华虹宏力,20260701,20260702,11:11:00,299.776,20260703,10:00:00,282.9984,100,FORCE_1000,7.4944,7.07496,28.29984,-1720.6292,-5.738281751082297
000021.SZ,深科技,20260703,20260706,10:43:00,53.7168,20260707,09:56:00,54.4183,100,SELLBACK,5.0,5.0,5.44183,54.70817,1.017508388075913
001389.SZ,广合科技,20260703,20260706,10:43:00,188.2484,20260707,09:31:00,192.0659,100,SELLBACK,5.0,5.0,19.20659,352.54341,1.8722591907313073
002138.SZ,顺络电子,20260703,20260706,10:43:00,61.0005,20260707,09:41:00,61.7073,100,SELLBACK,5.0,5.0,6.17073,54.50927,0.8928554229695087
002430.SZ,杭氧股份,20260703,20260706,10:43:00,26.6733,20260707,10:00:00,26.1669,100,FORCE_1000,5.0,5.0,2.61669,-63.25669,-2.3670987490317437
300054.SZ,鼎龙股份,20260703,20260706,10:43:00,87.5555,20260707,09:31:00,89.6054,100,SELLBACK,5.0,5.0,8.96054,186.02946,2.1234906484181932
300285.SZ,国瓷材料,20260703,20260706,10:43:00,88.2941,20260707,09:38:00,89.3159,100,SELLBACK,5.0,5.0,8.93159,83.24841,0.942319973829605
300567.SZ,精测电子,20260703,20260706,10:43:00,257.8397,20260707,09:31:00,265.6011,100,SELLBACK,6.445993,6.640027,26.56011,736.49387,2.8556882146227367
300604.SZ,长川科技,20260703,20260706,10:43:00,293.7468,20260707,09:31:00,297.5531,100,SELLBACK,7.34367,7.438827,29.75531,336.092192,1.14387012880655
300567.SZ,精测电子,20260706,20260707,10:11:00,270.6352,20260708,09:31:00,282.3959,100,SELLBACK,6.76588,7.059897,28.23959,1134.004632,4.189112139513171
300570.SZ,太辰光,20260706,20260707,10:11:00,211.7058,20260708,10:00:00,211.964,100,FORCE_1000,5.292645,5.2991,21.1964,-5.968145,-0.02818370274534676
301526.SZ,国际复材,20260706,20260707,10:11:00,40.8704,20260708,09:31:00,41.4378,100,SELLBACK,5.0,5.0,4.14378,42.59622,1.04095316761322
000783.SZ,长江证券,20260706,20260707,10:16:00,9.3847,20260708,10:00:00,9.1754,100,FORCE_1000,5.0,5.0,0.91754,-31.84754,-3.375575270013885
600363.SH,联创光电,20260706,20260707,10:16:00,33.4067,20260708,10:00:00,31.894,100,FORCE_1000,5.0,5.0,3.1894,-164.4594,-4.915589403617212
600909.SH,华安证券,20260706,20260707,10:16:00,9.8949,20260708,10:00:00,9.3253,100,FORCE_1000,5.0,5.0,0.93253,-67.89253,-6.826869048456998
300024.SZ,机器人,20260706,20260707,10:18:00,17.0385,20260708,10:00:00,15.902,100,FORCE_1000,5.0,5.0,1.5902,-125.2402,-7.328917107996606
001389.SZ,广合科技,20260706,20260707,10:43:00,185.7372,20260708,10:00:00,183.1527,100,FORCE_1000,5.0,5.0,18.31527,-286.76527,-1.543514677006812
300487.SZ,蓝晓科技,20260709,20260710,09:36:00,82.041,20260713,10:00:00,81.4792,100,FORCE_1000,5.0,5.0,8.14792,-74.32792,-0.9054332387228808
600885.SH,宏发股份,20260709,20260710,09:36:00,36.118,20260713,10:00:00,33.993,100,FORCE_1000,5.0,5.0,3.3993,-225.8993,-6.245833333333333
600988.SH,赤峰黄金,20260709,20260710,09:36:00,31.1656,20260713,10:00:00,31.5242,100,FORCE_1000,5.0,5.0,3.15242,22.70758,0.7274433296172427
300003.SZ,乐普医疗,20260709,20260710,09:37:00,11.8459,20260713,10:00:00,12.2239,100,FORCE_1000,5.0,5.0,1.22239,26.57761,2.234182365352768
600499.SH,科达制造,20260709,20260710,09:37:00,15.0375,20260713,10:00:00,14.023,100,FORCE_1000,5.0,5.0,1.4023,-112.8523,-7.479854183927091
600879.SH,航天电子,20260709,20260710,09:37:00,20.5919,20260713,10:00:00,20.8895,100,FORCE_1000,5.0,5.0,2.08895,17.67105,0.8560767177440062
601156.SH,东航物流,20260709,20260710,09:37:00,15.7309,20260713,10:00:00,15.8751,100,FORCE_1000,5.0,5.0,1.58751,2.83249,0.17948849558643679
000415.SZ,渤海租赁,20260709,20260710,09:38:00,4.3021,20260713,10:00:00,4.1379,100,FORCE_1000,5.0,5.0,0.41379,-26.83379,-6.165710806277429
000887.SZ,中鼎股份,20260817,20260818,09:34:00,20.8728,20260819,09:31:00,21.8672,100,SELLBACK,5.0,5.0,2.18672,87.25328,4.170248723880169
600298.SH,安琪酵母,20260817,20260818,09:34:00,41.8909,20260819,10:00:00,42.059,100,FORCE_1000,5.0,5.0,4.2059,2.6041,0.06208975010073699
600663.SH,陆家嘴,20260817,20260818,09:34:00,9.5748,20260819,10:00:00,9.4853,100,FORCE_1000,5.0,5.0,0.94853,-19.89853,-2.0674226996924614
300763.SZ,锦浪科技,20260817,20260818,09:35:00,64.7824,20260819,10:00:00,64.8176,100,FORCE_1000,5.0,5.0,6.48176,-12.96176,-0.19992719689537947
603341.SH,龙旗科技,20260817,20260818,09:36:00,38.7494,20260819,10:00:00,37.1314,100,FORCE_1000,5.0,5.0,3.71314,-175.51314,-4.523604488729207
002131.SZ,利欧股份,20260817,20260818,09:39:00,5.1981,20260819,10:00:00,4.7076,100,FORCE_1000,5.0,5.0,0.47076,-59.52076,-11.34139212286351
300058.SZ,蓝色光标,20260817,20260818,09:40:00,15.1476,20260819,10:00:00,14.1429,100,FORCE_1000,5.0,5.0,1.41429,-111.88429,-7.361970969100384
300676.SZ,华大基因,20260817,20260818,09:45:00,39.1667,20260819,10:00:00,38.2709,100,FORCE_1000,5.0,5.0,3.82709,-103.40709,-2.636812633393427
002131.SZ,利欧股份,20260819,20260820,09:52:00,4.6423,20260821,10:00:00,4.6177,100,FORCE_1000,5.0,5.0,0.46177,-12.92177,-2.7538243505317226
002407.SZ,多氟多,20260819,20260820,09:52:00,36.2081,20260821,10:00:00,35.962,100,FORCE_1000,5.0,5.0,3.5962,-38.2062,-1.053728684073352
301611.SZ,珂玛科技,20260819,20260820,09:52:00,102.9414,20260821,10:00:00,99.4303,100,FORCE_1000,5.0,5.0,9.94303,-371.05303,-3.602757414696761
603308.SH,应流股份,20260819,20260820,09:52:00,46.2531,20260821,10:00:00,44.4378,100,FORCE_1000,5.0,5.0,4.44378,-195.97378,-4.232411652783507
688615.SH,合合信息,20260819,20260820,09:52:00,99.0795,20260821,10:00:00,101.939,100,FORCE_1000,5.0,5.0,10.1939,265.7561,2.6808982189963637
000032.SZ,深桑达Ａ,20260819,20260820,09:55:00,14.3099,20260821,09:43:00,14.618,100,SELLBACK,5.0,5.0,1.4618,19.3482,1.3473770708709671
002624.SZ,完美世界,20260819,20260820,09:55:00,11.0955,20260821,10:00:00,11.1044,100,FORCE_1000,5.0,5.0,1.11044,-10.22044,-0.9170014804181059
603119.SH,浙江荣泰,20260819,20260820,09:55:00,49.0311,20260821,10:00:00,49.2853,100,FORCE_1000,5.0,5.0,4.92853,10.49147,0.21375784161316674
300017.SZ,网宿科技,20260820,20260821,09:53:00,15.5077,20260824,10:00:00,15.0825,100,FORCE_1000,5.0,5.0,1.50825,-54.02825,-3.472765897272733
300567.SZ,精测电子,20260820,20260821,10:18:00,217.4887,20260824,09:31:00,222.6556,100,SELLBACK,5.437218,5.56639,22.26556,483.420832,2.2221844491150597
000032.SZ,深桑达Ａ,20260820,20260821,10:56:00,14.5273,20260824,09:31:00,14.6979,100,SELLBACK,5.0,5.0,1.46979,5.59021,0.38348733990519507
002126.SZ,银轮股份,20260820,20260821,10:56:00,40.2701,20260824,10:00:00,40.1199,100,FORCE_1000,5.0,5.0,4.01199,-29.03199,-0.7200376487161491
002138.SZ,顺络电子,20260820,20260821,10:56:00,49.4547,20260824,10:00:00,47.8261,100,FORCE_1000,5.0,5.0,4.78261,-177.64261,-3.588398879298329
002281.SZ,光迅科技,20260820,20260821,10:56:00,180.9704,20260824,10:00:00,170.005,100,FORCE_1000,5.0,5.0,17.0005,-1123.5405,-6.206706536942798
002436.SZ,兴森科技,20260820,20260821,10:56:00,34.9575,20260824,10:00:00,33.1834,100,FORCE_1000,5.0,5.0,3.31834,-190.72834,-5.448213668499607
003031.SZ,中瓷电子,20260820,20260821,10:56:00,138.5092,20260824,09:31:00,143.145,100,SELLBACK,5.0,5.0,14.3145,439.2655,3.1702369817377694
000831.SZ,中国稀土,20260821,20260824,09:34:00,59.3597,20260825,10:00:00,57.3713,100,FORCE_1000,5.0,5.0,5.73713,-214.57713,-3.61181978700448
003031.SZ,中瓷电子,20260821,20260824,09:34:00,142.5312,20260825,10:00:00,126.6167,100,FORCE_1000,5.0,5.0,12.66167,-1614.11167,-11.320648654941886
300223.SZ,君正股份,20260821,20260824,09:34:00,136.9384,20260825,10:00:00,131.1944,100,FORCE_1000,5.0,5.0,13.11944,-597.51944,-4.361825088839639
688114.SH,华大智造,20260826,20260827,11:08:00,69.5025,20260828,09:32:00,70.9634,100,SELLBACK,5.0,5.0,7.09634,128.99366,1.8546229107508718
003031.SZ,中瓷电子,20260826,20260827,13:17:00,131.0355,20260828,09:32:00,132.481,100,SELLBACK,5.0,5.0,13.2481,121.3019,0.9253647428586685
000703.SZ,恒逸石化,20260826,20260827,13:52:00,19.197,20260828,10:00:00,18.9705,100,FORCE_1000,5.0,5.0,1.89705,-34.54705,-1.7949316776640516
000887.SZ,中鼎股份,20260827,20260828,09:34:00,21.4607,20260831,10:00:00,21.0695,100,FORCE_1000,5.0,5.0,2.10695,-51.22695,-2.381463643675009
688114.SH,华大智造,20260827,20260828,09:34:00,69.5848,20260831,10:00:00,62.9785,100,FORCE_1000,5.0,5.0,6.29785,-676.92785,-9.721114299172253
003031.SZ,中瓷电子,20260827,20260828,09:47:00,131.7058,20260831,10:00:00,127.916,100,FORCE_1000,5.0,5.0,12.7916,-401.7716,-3.049365568726386
688676.SH,金盘科技,20260827,20260828,10:52:00,66.4432,20260831,10:00:00,66.3168,100,FORCE_1000,5.0,5.0,6.63168,-29.27168,-0.44022065414207767
603290.SH,斯达半导,20260827,20260828,10:57:00,92.046,20260831,10:00:00,91.2943,100,FORCE_1000,5.0,5.0,9.12943,-94.29943,-1.0239253604933982
688617.SH,惠泰医疗,20260827,20260828,13:48:00,247.5237,20260831,10:00:00,242.6386,100,FORCE_1000,6.188092,6.065965,24.26386,-525.027917,-2.120591655775965
300142.SZ,沃森生物,20260828,20260831,14:20:00,13.5372,20260901,10:00:00,13.5532,100,FORCE_1000,5.0,5.0,1.35532,-9.75532,-0.71797868582195
601212.SH,白银有色,20260831,20260901,09:35:00,6.7734,20260902,10:00:00,6.3168,100,FORCE_1000,5.0,5.0,0.63168,-56.29168,-8.249799220330042
300570.SZ,太辰光,20260831,20260901,09:40:00,197.3186,20260902,10:00:00,188.9455,100,FORCE_1000,5.0,5.0,18.89455,-866.20455,-4.388765740852395
688114.SH,华大智造,20260831,20260901,09:40:00,61.3139,20260902,10:00:00,60.9595,100,FORCE_1000,5.0,5.0,6.09595,-51.53595,-0.8398415029031727
688313.SH,仕佳光子,20260831,20260901,09:40:00,153.6361,20260902,10:00:00,147.8061,100,FORCE_1000,5.0,5.0,14.78061,-607.78061,-3.9546882248947695
600988.SH,赤峰黄金,20260831,20260901,09:46:00,46.2614,20260902,10:00:00,44.4578,100,FORCE_1000,5.0,5.0,4.44578,-194.80578,-4.206432541447678
