code,name,buy_date,buy_time,buy_price,sell_date,sell_time,sell_price,shares,exit_reason,buy_commission,sell_commission,stamp_tax,net_pnl,return_pct
002195.SZ,岩山科技,20250905,14:41:00,8.2121,20250908,09:31:00,8.3355,100,SELLBACK,5.0,5.0,0.83355,1.50645,0.18233257888430304
688318.SH,财富趋势,20250905,14:53:00,108.2184,20250908,09:33:00,109.4,100,SELLBACK,5.0,5.0,10.94,97.22,0.8979536041910658
300548.SZ,长芯博创,20250905,14:54:00,123.3717,20250908,10:00:00,118.5107,100,FORCE_1000,5.0,5.0,11.85107,-507.95107,-4.115573436437839
002131.SZ,利欧股份,20250905,14:55:00,5.3436,20250908,09:31:00,5.4069,100,SELLBACK,5.0,5.0,0.54069,-4.21069,-0.7806826609314742
688498.SH,源杰科技,20250908,09:35:00,233.9169,20250909,10:00:00,227.7619,100,FORCE_1000,5.847923,5.694047,22.77619,-649.81816,-2.7772929021523636
300724.SZ,捷佳伟创,20250908,09:36:00,102.8914,20250909,10:00:00,97.3113,100,FORCE_1000,5.0,5.0,9.73113,-577.74113,-5.612330218940095
300620.SZ,光库科技,20250908,09:37:00,97.3486,20250909,10:00:00,89.5752,100,FORCE_1000,5.0,5.0,8.95752,-796.29752,-8.175656734285708
601869.SH,长飞光纤,20250908,09:37:00,83.5868,20250909,09:52:00,84.9574,100,SELLBACK,5.0,5.0,8.49574,118.56426,1.4176087559543167
688313.SH,仕佳光子,20250908,09:37:00,73.2366,20250909,09:50:00,74.1486,100,SELLBACK,5.0,5.0,7.41486,73.78514,1.006802607843726
000831.SZ,中国稀土,20250908,09:44:00,52.9275,20250909,10:00:00,51.905,100,FORCE_1000,5.0,5.0,5.1905,-117.4405,-2.2167995847293662
688629.SH,华丰科技,20250908,09:45:00,79.9891,20250909,10:00:00,78.5407,100,FORCE_1000,5.0,5.0,7.85407,-162.69407,-2.0326824014762788
002281.SZ,光迅科技,20250908,10:24:00,59.889,20250909,10:00:00,60.05,100,FORCE_1000,5.0,5.0,6.005,0.095,0.0015849446937720015
002195.SZ,岩山科技,20250909,09:56:00,8.026,20250910,10:00:00,7.8741,100,FORCE_1000,5.0,5.0,0.78741,-25.97741,-3.2166183754333826
688709.SH,成都华微,20250909,09:57:00,48.8754,20250910,10:00:00,46.8176,100,FORCE_1000,5.0,5.0,4.68176,-220.46176,-4.5060798685345445
600601.SH,方正科技,20250909,10:41:00,8.8308,20250910,10:00:00,8.7056,100,FORCE_1000,5.0,5.0,0.87056,-23.39056,-2.6338347896585894
688343.SH,云天励飞-U,20250909,10:58:00,82.3373,20250910,09:55:00,83.255,100,SELLBACK,5.0,5.0,8.3255,73.4445,0.8914541440246252
688629.SH,华丰科技,20250909,13:01:00,78.069,20250910,09:31:00,79.4906,100,SELLBACK,5.0,5.0,7.94906,124.21094,1.5900221457007895
000831.SZ,中国稀土,20250909,13:43:00,52.2433,20250910,09:34:00,52.8916,100,SELLBACK,5.0,5.0,5.28916,49.54084,0.9473649587996933
688411.SH,海博思创,20250910,09:35:00,166.3831,20250911,10:00:00,167.6661,100,FORCE_1000,5.0,5.0,16.76661,101.53339,0.6100552714574204
688498.SH,源杰科技,20250910,09:37:00,224.9469,20250911,09:31:00,239.6401,100,SELLBACK,5.623672,5.991002,23.96401,1433.741315,6.372094788848772
601869.SH,长飞光纤,20250910,09:40:00,86.078,20250911,09:31:00,88.572,100,SELLBACK,5.0,5.0,8.8572,230.5428,2.676746238157161
300972.SZ,万辰集团,20250910,09:52:00,179.9127,20250911,10:00:00,168.6384,100,FORCE_1000,5.0,5.0,16.86384,-1154.29384,-6.414072693952691
300724.SZ,捷佳伟创,20250910,10:22:00,93.1249,20250911,09:55:00,94.8575,100,SELLBACK,5.0,5.0,9.48575,153.77425,1.6503827747601552
300751.SZ,迈为股份,20250910,10:22:00,89.5347,20250911,10:00:00,89.7451,100,FORCE_1000,5.0,5.0,8.97451,2.06549,0.02305628081580895
002195.SZ,岩山科技,20250910,10:48:00,7.7919,20250911,09:31:00,7.986,100,SELLBACK,5.0,5.0,0.7986,8.6114,1.098126729491577
688235.SH,百济神州,20250911,09:35:00,280.3401,20250912,09:31:00,312.5406,100,SELLBACK,7.008503,7.813515,31.25406,3173.973922,11.319039362700124
688331.SH,荣昌生物,20250911,09:35:00,94.017,20250912,09:31:00,112.8306,100,SELLBACK,5.0,5.0,11.28306,1860.07694,19.77395834883647
600021.SH,上海电力,20250911,09:36:00,19.4997,20250912,09:31:00,22.0369,100,SELLBACK,5.0,5.0,2.20369,241.51631,12.353965022481162
688709.SH,成都华微,20250911,13:18:00,49.3056,20250912,09:40:00,50.1756,100,SELLBACK,5.0,5.0,5.01756,71.98244,1.4584452422825376
300724.SZ,捷佳伟创,20250911,13:24:00,97.7889,20250912,10:00:00,97.6112,100,FORCE_1000,5.0,5.0,9.76112,-37.53112,-0.3836012056554193
601212.SH,白银有色,20250912,09:40:00,3.7119,20250915,09:31:00,3.7943,100,SELLBACK,5.0,5.0,0.37943,-2.13943,-0.5687099603923549
300207.SZ,欣旺达,20250912,10:22:00,28.0341,20250915,09:31:00,30.1248,100,SELLBACK,5.0,5.0,3.01248,196.05752,6.98108609497901
300751.SZ,迈为股份,20250912,11:04:00,89.0945,20250915,09:31:00,92.581,100,SELLBACK,5.0,5.0,9.2581,329.3919,3.6950333447380386
688772.SH,珠海冠宇,20250912,11:05:00,21.7209,20250915,09:31:00,22.8457,100,SELLBACK,5.0,5.0,2.28457,100.19543,4.602264031344593
601212.SH,白银有色,20250915,09:37:00,3.942,20250916,09:31:00,4.004,100,SELLBACK,5.0,5.0,0.4004,-4.2004,-1.0522044088176352
601212.SH,白银有色,20250916,09:54:00,3.8419,20250917,10:00:00,3.7781,100,FORCE_1000,5.0,5.0,0.37781,-16.75781,-4.305817210103034
601869.SH,长飞光纤,20250916,10:18:00,87.4687,20250917,09:31:00,96.54,100,SELLBACK,5.0,5.0,9.654,887.476,10.140415705443523
600021.SH,上海电力,20250916,10:44:00,20.6103,20250917,09:31:00,20.9386,100,SELLBACK,5.0,5.0,2.09386,20.73614,1.003670808265127
688234.SH,天岳先进,20250917,09:38:00,85.2526,20250918,09:38:00,86.4502,100,SELLBACK,5.0,5.0,8.64502,101.11498,1.1853680896010204
688331.SH,荣昌生物,20250917,09:48:00,103.7018,20250918,09:31:00,106.6299,100,SELLBACK,5.0,5.0,10.66299,272.14701,2.623058202363718
600021.SH,上海电力,20250917,10:14:00,20.2601,20250918,10:00:00,19.6502,100,FORCE_1000,5.0,5.0,1.96502,-72.95502,-3.592056169098133
301377.SZ,鼎泰高科,20250917,10:30:00,82.6013,20250918,09:31:00,85.0822,100,SELLBACK,5.0,5.0,8.50822,229.58178,2.777715293044393
688778.SH,厦钨新能,20250917,10:30:00,79.7999,20250918,09:50:00,81.0782,100,SELLBACK,5.0,5.0,8.10782,109.72218,1.3741054152854293
301200.SZ,大族数控,20250917,14:51:00,111.7499,20250918,10:00:00,109.6452,100,FORCE_1000,5.0,5.0,10.96452,-231.43452,-2.0700780591038095
600977.SH,中国电影,20250918,09:35:00,19.968,20250919,10:00:00,16.4997,100,FORCE_1000,5.0,5.0,1.64997,-358.47997,-17.90788140673394
688778.SH,厦钨新能,20250918,10:03:00,80.4302,20250919,09:31:00,83.5445,100,SELLBACK,5.0,5.0,8.35445,293.07555,3.641585756496629
301377.SZ,鼎泰高科,20250918,11:15:00,83.7422,20250919,10:00:00,83.2084,100,FORCE_1000,5.0,5.0,8.32084,-71.70084,-0.8556982630841534
002851.SZ,麦格米特,20250918,13:25:00,82.0463,20250919,10:00:00,79.7501,100,FORCE_1000,5.0,5.0,7.97501,-247.59501,-3.0159094867856404
688234.SH,天岳先进,20250918,13:30:00,86.6022,20250919,09:31:00,88.7467,100,SELLBACK,5.0,5.0,8.87467,195.57533,2.257015170993928
603179.SH,新泉股份,20250919,09:35:00,51.8045,20250922,09:31:00,55.4168,100,SELLBACK,5.0,5.0,5.54168,345.68832,6.666505703458717
600021.SH,上海电力,20250919,09:38:00,19.4697,20250922,09:31:00,19.7404,100,SELLBACK,5.0,5.0,1.97404,15.09596,0.7733704923743705
300953.SZ,震裕科技,20250919,10:11:00,115.8722,20250922,10:00:00,113.736,100,FORCE_1000,5.0,5.0,11.3736,-234.9936,-2.0271664961500035
600601.SH,方正科技,20250919,10:42:00,11.4457,20250922,09:40:00,11.5826,100,SELLBACK,5.0,5.0,1.15826,2.53174,0.2202336525831398
688411.SH,海博思创,20250919,11:01:00,197.8589,20250922,09:42:00,200.1095,100,SELLBACK,5.0,5.002738,20.01095,195.046313,0.9855358349220272
002195.SZ,岩山科技,20250919,11:02:00,8.1421,20250922,10:00:00,7.8841,100,FORCE_1000,5.0,5.0,0.78841,-36.58841,-4.466304122264134
688331.SH,荣昌生物,20250919,13:18:00,100.5202,20250922,09:31:00,101.6773,100,SELLBACK,5.0,5.0,10.16773,95.54227,0.9500057671159051
301377.SZ,鼎泰高科,20250919,13:40:00,81.5207,20250922,09:31:00,82.4961,100,SELLBACK,5.0,5.0,8.24961,79.29039,0.9720449867415628
688702.SH,盛科通信-U,20250922,09:34:00,128.8944,20250923,09:31:00,139.2908,100,SELLBACK,5.0,5.0,13.92908,1015.71092,7.877123163161798
600977.SH,中国电影,20250922,09:36:00,17.2266,20250923,10:00:00,15.98,100,FORCE_1000,5.0,5.0,1.598,-136.258,-7.8868527372283905
301377.SZ,鼎泰高科,20250922,09:52:00,80.14,20250923,09:31:00,87.8181,100,SELLBACK,5.0,5.0,8.78181,749.02819,9.340668287816436
300757.SZ,罗博特科,20250922,09:53:00,279.1395,20250923,09:31:00,294.5576,100,SELLBACK,6.978487,7.36394,29.45576,1498.011812,5.365193398459686
600601.SH,方正科技,20250922,10:38:00,11.4257,20250923,09:31:00,11.9121,100,SELLBACK,5.0,5.0,1.19121,37.44879,3.2633120419669384
688411.SH,海博思创,20250922,11:11:00,199.6065,20250923,09:31:00,238.3221,100,SELLBACK,5.0,5.958052,23.83221,3836.769737,19.216853631111434
600021.SH,上海电力,20250922,14:11:00,19.0665,20250923,09:31:00,19.291,100,SELLBACK,5.0,5.0,1.9291,10.5209,0.5503570214212853
600143.SH,金发科技,20250923,09:34:00,21.4907,20250924,10:00:00,20.2299,100,FORCE_1000,5.0,5.0,2.02299,-138.10299,-6.411258222806129
600601.SH,方正科技,20250923,09:56:00,11.0755,20250924,10:00:00,10.4848,100,FORCE_1000,5.0,5.0,1.04848,-70.11848,-6.3025014606085135
002131.SZ,利欧股份,20250923,10:18:00,6.1181,20250924,10:00:00,5.8921,100,FORCE_1000,5.0,5.0,0.58921,-33.18921,-5.380783385483374
301377.SZ,鼎泰高科,20250923,14:35:00,79.106,20250924,09:31:00,79.9799,100,SELLBACK,5.0,5.0,7.99799,69.39201,0.8766487695184193
688234.SH,天岳先进,20250923,14:44:00,83.0415,20250924,09:41:00,84.0138,100,SELLBACK,5.0,5.0,8.40138,78.82862,0.9486965574096028
301200.SZ,大族数控,20250924,09:35:00,103.6218,20250925,10:00:00,103.2484,100,FORCE_1000,5.0,5.0,10.32484,-57.66484,-0.5562249329132899
601869.SH,长飞光纤,20250924,09:35:00,108.7594,20250925,10:00:00,105.982,100,FORCE_1000,5.0,5.0,10.5982,-298.3382,-2.741842157019522
688629.SH,华丰科技,20250924,09:35:00,100.3401,20250925,09:31:00,103.8441,100,SELLBACK,5.0,5.0,10.38441,330.01559,3.287332017798567
688498.SH,源杰科技,20250924,09:37:00,258.957,20250925,10:00:00,259.1945,100,FORCE_1000,6.473925,6.479863,25.91945,-15.123238,-0.05838597966251592
301377.SZ,鼎泰高科,20250924,09:50:00,78.4792,20250925,09:31:00,79.8601,100,SELLBACK,5.0,5.0,7.98601,120.10399,1.5294182291427898
688702.SH,盛科通信-U,20250924,13:13:00,130.9855,20250925,09:31:00,133.6892,100,SELLBACK,5.0,5.0,13.36892,247.00108,1.8849936086022492
600170.SH,上海建工,20250925,09:34:00,3.1866,20250926,10:00:00,2.9835,100,FORCE_1000,5.0,5.0,0.29835,-30.60835,-9.45694556015572
603119.SH,浙江荣泰,20250925,09:51:00,79.863,20250926,09:31:00,82.6528,100,SELLBACK,5.0,5.0,8.26528,260.71472,3.2624819491196675
301377.SZ,鼎泰高科,20250925,09:52:00,77.0385,20250926,09:31:00,78.0328,100,SELLBACK,5.0,5.0,7.80328,81.62672,1.0588702595069304
300620.SZ,光库科技,20250925,09:54:00,124.4622,20250926,09:35:00,126.0108,100,SELLBACK,5.0,5.0,12.60108,132.25892,1.0622165538798607
600601.SH,方正科技,20250925,09:54:00,10.4952,20250926,09:31:00,10.8038,100,SELLBACK,5.0,5.0,1.08038,19.77962,1.875698896180253
688702.SH,盛科通信-U,20250925,13:21:00,131.0855,20250926,10:00:00,127.1764,100,FORCE_1000,5.0,5.0,12.71764,-413.62764,-3.1542003500196363
600143.SH,金发科技,20250925,13:37:00,20.2908,20250926,10:00:00,19.8001,100,FORCE_1000,5.0,5.0,1.98001,-61.05001,-3.0013573704082432
300475.SZ,香农芯创,20250926,09:34:00,81.3435,20250929,09:33:00,82.3591,100,SELLBACK,5.0,5.0,8.23591,83.32409,1.023719215907904
601869.SH,长飞光纤,20250926,09:35:00,108.7493,20250929,10:00:00,102.9235,100,FORCE_1000,5.0,5.0,10.29235,-602.87235,-5.541141808816785
301200.SZ,大族数控,20250926,09:43:00,101.6208,20250929,10:00:00,97.7311,100,FORCE_1000,5.0,5.0,9.77311,-408.74311,-4.020260586126991
300857.SZ,协创数据,20250926,09:57:00,115.7078,20250929,09:31:00,117.0813,100,SELLBACK,5.0,5.0,11.70813,115.64187,0.9989985124112586
300757.SZ,罗博特科,20250926,09:58:00,278.4992,20250929,10:00:00,270.3348,100,FORCE_1000,6.96248,6.75837,27.03348,-857.19433,-3.077136612883468
600601.SH,方正科技,20250926,10:00:00,10.5253,20250929,10:00:00,10.3548,100,FORCE_1000,5.0,5.0,1.03548,-28.08548,-2.6557620114795797
688498.SH,源杰科技,20250926,10:17:00,251.643,20250929,09:36:00,254.9964,100,SELLBACK,6.291075,6.37491,25.49964,297.174375,1.180641225764302
688778.SH,厦钨新能,20250926,10:19:00,80.5302,20250929,09:33:00,81.5775,100,SELLBACK,5.0,5.0,8.15775,86.57225,1.074361319530108
300620.SZ,光库科技,20250929,09:34:00,120.3601,20250930,09:31:00,125.9708,100,SELLBACK,5.0,5.0,12.59708,538.47292,4.471991303055143
603179.SH,新泉股份,20250929,09:34:00,56.5783,20250930,09:31:00,59.4607,100,SELLBACK,5.0,5.0,5.94607,272.29393,4.808442598488742
688702.SH,盛科通信-U,20250929,09:34:00,128.074,20250930,10:00:00,125.7171,100,FORCE_1000,5.0,5.0,12.57171,-258.26171,-2.0157168836439694
600143.SH,金发科技,20250929,09:48:00,19.7299,20250930,09:31:00,20.659,100,SELLBACK,5.0,5.0,2.0659,80.8441,4.0871844650377405
688778.SH,厦钨新能,20250929,10:03:00,80.03,20250930,09:31:00,83.5745,100,SELLBACK,5.0,5.0,8.35745,336.09255,4.196959915084916
002402.SZ,和而泰,20250929,10:06:00,50.045,20250930,09:31:00,51.1931,100,SELLBACK,5.0,5.0,5.11931,99.69069,1.9900327377981837
300757.SZ,罗博特科,20250929,10:20:00,268.6142,20250930,10:00:00,268.4557,100,FORCE_1000,6.715355,6.711392,26.84557,-56.122317,-0.2088805801313487
600170.SH,上海建工,20250929,13:28:00,2.9865,20250930,10:00:00,2.9335,100,FORCE_1000,5.0,5.0,0.29335,-15.59335,-5.135303803721389
601869.SH,长飞光纤,20250930,09:59:00,102.1615,20251009,10:00:00,99.6951,100,FORCE_1000,5.0,5.0,9.96951,-266.60951,-2.6084101104083204
001221.SZ,悍高集团,20250930,10:07:00,61.0505,20251009,10:00:00,60.2299,100,FORCE_1000,5.0,5.0,6.02299,-98.08299,-1.6052731156046183
300620.SZ,光库科技,20250930,10:31:00,119.2596,20251009,10:00:00,116.6317,100,FORCE_1000,5.0,5.0,11.66317,-284.45317,-2.384159950247088
688702.SH,盛科通信-U,20250930,13:09:00,126.6118,20251009,09:53:00,128.6069,100,SELLBACK,5.0,5.0,12.86069,176.64931,1.3946533998411519
601869.SH,长飞光纤,20251009,10:07:00,99.7549,20251010,10:00:00,95.6571,100,FORCE_1000,5.0,5.0,9.56571,-429.34571,-4.301850009368278
688629.SH,华丰科技,20251009,13:29:00,96.4082,20251010,10:00:00,92.9535,100,FORCE_1000,5.0,5.0,9.29535,-364.76535,-3.7815898492818656
002335.SZ,科华数据,20251009,14:33:00,48.9141,20251010,10:00:00,48.7273,100,FORCE_1000,5.0,5.0,4.87273,-33.55273,-0.6852516435510915
300604.SZ,长川科技,20251010,09:34:00,97.5087,20251013,10:00:00,93.6631,100,FORCE_1000,5.0,5.0,9.36631,-403.92631,-4.140341250959678
002402.SZ,和而泰,20251010,09:47:00,47.6764,20251013,10:00:00,47.5362,100,FORCE_1000,5.0,5.0,4.75362,-28.77362,-0.6028868718361325
300620.SZ,光库科技,20251010,09:47:00,110.0941,20251013,10:00:00,103.918,100,FORCE_1000,5.0,5.0,10.3918,-638.0018,-5.792428282586176
688411.SH,海博思创,20251010,09:47:00,290.6352,20251013,09:35:00,293.9685,100,SELLBACK,7.26588,7.349213,29.39685,289.318058,0.9952192527379999
000559.SZ,万向钱潮,20251010,10:04:00,12.006,20251013,10:00:00,10.9945,100,FORCE_1000,5.0,5.0,1.09945,-112.24945,-9.31067103516921
300115.SZ,长盈精密,20251010,14:00:00,38.3338,20251013,10:00:00,35.7621,100,FORCE_1000,5.0,5.0,3.57621,-270.74621,-7.053658314184632
001309.SZ,德明利,20251013,10:00:00,187.6938,20251014,09:31:00,201.3776,100,SELLBACK,5.0,5.03444,20.13776,1338.2078,7.127840173683497
603179.SH,新泉股份,20251013,10:35:00,54.7274,20251014,09:31:00,55.4168,100,SELLBACK,5.0,5.0,5.54168,53.39832,0.9748239237349708
688411.SH,海博思创,20251013,10:35:00,290.5852,20251014,09:31:00,300.958,100,SELLBACK,7.26463,7.52395,30.0958,992.39562,3.4143087228951234
000559.SZ,万向钱潮,20251014,09:34:00,11.2856,20251015,09:31:00,11.4129,100,SELLBACK,5.0,5.0,1.14129,1.58871,0.1401522636649141
002850.SZ,科达利,20251014,09:34:00,172.7863,20251015,10:00:00,160.9195,100,FORCE_1000,5.0,5.0,16.09195,-1212.77195,-7.016882159592631
300857.SZ,协创数据,20251014,09:34:00,114.9574,20251015,10:00:00,105.7757,100,FORCE_1000,5.0,5.0,10.57757,-938.74757,-8.162497108881688
603786.SH,科博达,20251014,09:34:00,94.9074,20251015,10:00:00,87.1664,100,FORCE_1000,5.0,5.0,8.71664,-792.81664,-8.349182264889308
300115.SZ,长盈精密,20251014,09:41:00,36.098,20251015,10:00:00,34.7026,100,FORCE_1000,5.0,5.0,3.47026,-153.01026,-4.232883147062078
603179.SH,新泉股份,20251014,09:44:00,54.7274,20251015,10:00:00,49.3682,100,FORCE_1000,5.0,5.0,4.93682,-550.85682,-10.05627904938898
300604.SZ,长川科技,20251014,09:45:00,90.9755,20251015,10:00:00,83.7081,100,FORCE_1000,5.0,5.0,8.37081,-745.11081,-8.185737073677156
001309.SZ,德明利,20251014,10:00:00,188.4842,20251015,10:00:00,176.5117,100,FORCE_1000,5.0,5.0,17.65117,-1224.90117,-6.496970682242267
600105.SH,永鼎股份,20251016,09:44:00,14.7724,20251017,10:00:00,13.5382,100,FORCE_1000,5.0,5.0,1.35382,-134.77382,-9.092577450345424
688172.SH,燕东微,20251016,09:47:00,27.1146,20251017,10:00:00,25.6472,100,FORCE_1000,5.0,5.0,2.56472,-159.30472,-5.864423551239481
688361.SH,中科飞测,20251016,10:04:00,125.0025,20251017,10:00:00,115.6122,100,FORCE_1000,5.0,5.0,11.56122,-960.59122,-7.681503528518023
603156.SH,养元饮品,20251016,10:10:00,28.7143,20251017,10:00:00,28.086,100,FORCE_1000,5.0,5.0,2.8086,-75.6386,-2.6295998859697605
688037.SH,芯源微,20251016,13:03:00,136.9124,20251017,10:00:00,128.4298,100,FORCE_1000,5.0,5.0,12.84298,-871.10298,-6.360161474974153
300475.SZ,香农芯创,20251030,10:10:00,126.0108,20251031,09:31:00,127.726,100,SELLBACK,5.0,5.0,12.7726,148.7474,1.1799655404376301
688313.SH,仕佳光子,20251030,10:48:00,70.5352,20251031,10:00:00,68.8855,100,FORCE_1000,5.0,5.0,6.88855,-181.85855,-2.5764402452638797
300475.SZ,香农芯创,20251031,09:37:00,123.4795,20251103,09:31:00,128.5048,100,SELLBACK,5.0,5.0,12.85048,479.67952,3.8831171501544164
001309.SZ,德明利,20251031,09:45:00,220.7103,20251103,09:37:00,223.6541,100,SELLBACK,5.517758,5.591353,22.36541,260.90548,1.1818219173845392
688347.SH,华虹宏力,20251031,09:51:00,127.8339,20251103,10:00:00,121.0295,100,FORCE_1000,5.0,5.0,12.10295,-702.54295,-5.493599663444734
601611.SH,中国核建,20251031,10:02:00,13.5868,20251103,09:32:00,13.8292,100,SELLBACK,5.0,5.0,1.38292,12.85708,0.9428223630177167
688676.SH,金盘科技,20251031,14:17:00,67.9571,20251103,09:31:00,68.8766,100,SELLBACK,5.0,5.0,6.88766,75.06234,1.1037426974536482
301377.SZ,鼎泰高科,20251103,09:35:00,116.3481,20251104,09:31:00,119.5205,100,SELLBACK,5.0,5.0,11.95205,295.28795,2.5368794679638245
300395.SZ,菲利华,20251103,13:11:00,77.2086,20251104,09:45:00,78.2625,100,SELLBACK,5.0,5.0,7.82625,87.56375,1.133385150649895
601611.SH,中国核建,20251103,13:15:00,13.3365,20251104,10:00:00,13.1034,100,FORCE_1000,5.0,5.0,1.31034,-34.62034,-2.5862129757591603
688122.SH,西部超导,20251103,13:15:00,77.3286,20251104,10:00:00,75.6621,100,FORCE_1000,5.0,5.0,7.56621,-184.21621,-2.380712625971522
688772.SH,珠海冠宇,20251103,13:29:00,25.9204,20251104,10:00:00,25.3973,100,FORCE_1000,5.0,5.0,2.53973,-64.84973,-2.497063195022025
301200.SZ,大族数控,20251103,13:40:00,124.9159,20251104,10:00:00,121.939,100,FORCE_1000,5.0,5.0,12.1939,-319.8839,-2.5597695051209968
301377.SZ,鼎泰高科,20251104,09:40:00,116.9985,20251105,10:00:00,115.892,100,FORCE_1000,5.0,5.0,11.5892,-132.2392,-1.1297812445268416
300475.SZ,香农芯创,20251114,09:37:00,171.5263,20251117,09:31:00,178.31,100,SELLBACK,5.0,5.0,17.831,650.539,3.7915434707474174
001309.SZ,德明利,20251114,09:41:00,263.3489,20251117,09:31:00,273.0699,100,SELLBACK,6.583723,6.826748,27.30699,931.38254,3.5358027034168718
601179.SH,中国西电,20251114,09:41:00,9.4307,20251117,10:00:00,9.0915,100,FORCE_1000,5.0,5.0,0.90915,-44.82915,-4.728464142943032
688313.SH,仕佳光子,20251114,09:41:00,77.0885,20251117,09:31:00,78.4222,100,SELLBACK,5.0,5.0,7.84222,115.52778,1.4976669237799545
000559.SZ,万向钱潮,20251114,10:05:00,13.0665,20251117,10:00:00,12.8336,100,FORCE_1000,5.0,5.0,1.28336,-34.57336,-2.635867800099112
688676.SH,金盘科技,20251114,10:21:00,80.4102,20251117,10:00:00,76.7816,100,FORCE_1000,5.0,5.0,7.67816,-380.53816,-4.729520433705111
301377.SZ,鼎泰高科,20251222,09:48:00,118.5292,20251223,09:31:00,125.821,100,SELLBACK,5.0,5.0,12.5821,706.5979,5.958868840403713
601399.SH,国机重装,20251223,09:39:00,5.3026,20251224,10:00:00,5.0675,100,FORCE_1000,5.0,5.0,0.50675,-34.01675,-6.355182528117178
600879.SH,航天电子,20251224,09:34:00,15.8169,20251225,09:31:00,16.9136,100,SELLBACK,5.0,5.0,1.69136,97.97864,6.175033560430833
688387.SH,信科移动-U,20251224,09:37:00,9.3247,20251225,09:31:00,9.9351,100,SELLBACK,5.0,5.0,0.99351,50.04649,5.338463097485786
601399.SH,国机重装,20251225,09:40:00,5.3227,20251226,10:00:00,5.0375,100,FORCE_1000,5.0,5.0,0.50375,-39.02375,-7.26334059225343
688313.SH,仕佳光子,20251225,10:09:00,91.6158,20251226,09:31:00,95.0572,100,SELLBACK,5.0,5.0,9.50572,324.63428,3.5414983559844564
601869.SH,长飞光纤,20251226,10:03:00,121.519,20251229,10:00:00,119.7451,100,FORCE_1000,5.0,5.0,11.97451,-199.36451,-1.6399288469922428
300548.SZ,长芯博创,20251226,10:09:00,143.5818,20251229,10:00:00,141.7291,100,FORCE_1000,5.0,5.0,14.17291,-209.44291,-1.4581931717071013
003031.SZ,中瓷电子,20251226,10:50:00,77.2897,20251229,10:00:00,74.7926,100,FORCE_1000,5.0,5.0,7.47926,-267.18926,-3.454749113327308
300390.SZ,天华新能,20251229,09:49:00,52.1821,20251230,09:31:00,52.7708,100,SELLBACK,5.0,5.0,5.27708,43.59292,0.8346001788172408
601399.SH,国机重装,20251229,09:50:00,4.8971,20251230,10:00:00,4.7076,100,FORCE_1000,5.0,5.0,0.47076,-29.42076,-5.947072021992684
001203.SZ,大中矿业,20251230,09:52:00,29.8349,20251231,09:31:00,30.8537,100,SELLBACK,5.0,5.0,3.08537,88.79463,2.9712205829699947
300390.SZ,天华新能,20251230,09:53:00,52.8164,20251231,10:00:00,55.982,100,FORCE_1000,5.0,5.0,5.5982,300.9618,5.692874869482317
601869.SH,长飞光纤,20251230,10:06:00,121.6294,20251231,10:00:00,115.5072,100,FORCE_1000,5.0,5.0,11.55072,-633.77072,-5.208529299125407
300548.SZ,长芯博创,20251230,10:17:00,141.7044,20251231,09:49:00,143.2948,100,SELLBACK,5.0,5.0,14.32948,134.71052,0.9503092672961122
688676.SH,金盘科技,20251230,13:11:00,87.5638,20251231,09:31:00,94.7577,100,SELLBACK,5.0,5.0,9.47577,699.91423,7.9886299875133835
301377.SZ,鼎泰高科,20260105,09:47:00,137.4187,20260106,10:00:00,138.5107,100,FORCE_1000,5.0,5.0,13.85107,85.34893,0.6208608214088006
001203.SZ,大中矿业,20260105,09:48:00,29.6148,20260106,09:31:00,31.7523,100,SELLBACK,5.0,5.0,3.17523,200.57477,6.761372738059923
300390.SZ,天华新能,20260105,10:13:00,53.3567,20260106,09:31:00,58.9914,100,SELLBACK,5.0,5.0,5.89914,547.57086,10.252849548839379
300751.SZ,迈为股份,20260106,09:45:00,187.2132,20260107,10:00:00,185.837,100,FORCE_1000,5.0,5.0,18.5837,-166.2037,-0.8875406379897385
600105.SH,永鼎股份,20260106,09:52:00,24.9721,20260107,09:31:00,25.6465,100,SELLBACK,5.0,5.0,2.56465,54.87535,2.193075321415868
001203.SZ,大中矿业,20260106,09:55:00,28.9245,20260107,09:31:00,30.2046,100,SELLBACK,5.0,5.0,3.02046,114.98954,3.968646223403338
688676.SH,金盘科技,20260106,09:57:00,86.4316,20260107,09:40:00,88.1876,100,SELLBACK,5.0,5.0,8.81876,156.78124,1.8128855155316277
301377.SZ,鼎泰高科,20260107,09:34:00,139.5697,20260108,09:31:00,145.2918,100,SELLBACK,5.0,5.0,14.52918,547.68082,3.9226614868818657
688387.SH,信科移动-U,20260107,09:37:00,12.1561,20260108,09:31:00,12.3315,100,SELLBACK,5.0,5.0,1.23315,6.30685,0.5166965697479128
001203.SZ,大中矿业,20260107,11:09:00,29.3247,20260108,10:00:00,28.8856,100,FORCE_1000,5.0,5.0,2.88856,-56.79856,-1.9335877472791214
300751.SZ,迈为股份,20260108,09:34:00,187.5137,20260109,09:31:00,223.1649,100,SELLBACK,5.0,5.579122,22.31649,3532.224387,18.832132160967184
688387.SH,信科移动-U,20260108,10:35:00,12.9265,20260109,09:31:00,14.8577,100,SELLBACK,5.0,5.0,1.48577,181.63423,13.997166416213924
300390.SZ,天华新能,20260108,13:36:00,52.5262,20260109,10:00:00,51.5642,100,FORCE_1000,5.0,5.0,5.15642,-111.35642,-2.1180005401683655
001309.SZ,德明利,20260109,09:47:00,231.7258,20260112,09:31:00,238.9112,100,SELLBACK,5.793145,5.97278,23.89112,682.882955,2.946207444016883
300475.SZ,香农芯创,20260109,11:08:00,162.8892,20260112,09:31:00,169.653,100,SELLBACK,5.0,5.0,16.9653,649.4147,3.985625926726043
301377.SZ,鼎泰高科,20260112,09:41:00,141.9609,20260113,09:31:00,150.2743,100,SELLBACK,5.0,5.0,15.02743,806.31257,5.677821702418617
300475.SZ,香农芯创,20260112,09:53:00,163.9998,20260113,09:31:00,171.66,100,SELLBACK,5.0,5.0,17.166,738.854,4.503839687704588
001309.SZ,德明利,20260112,11:16:00,234.167,20260113,09:31:00,236.8443,100,SELLBACK,5.854175,5.921108,23.68443,232.270287,0.9916522564730069
300223.SZ,君正股份,20260112,13:19:00,116.5567,20260113,09:31:00,119.0412,100,SELLBACK,5.0,5.0,11.90412,226.54588,1.9428204382767027
300136.SZ,信维通信,20260113,09:42:00,73.4367,20260114,09:31:00,77.6035,100,SELLBACK,5.0,5.0,7.76035,398.91965,5.428460524149268
688037.SH,芯源微,20260113,09:42:00,192.3601,20260114,10:00:00,185.6012,100,FORCE_1000,5.0,5.0,18.56012,-704.45012,-3.6611909665864735
688172.SH,燕东微,20260113,09:42:00,33.8269,20260114,10:00:00,32.5637,100,FORCE_1000,5.0,5.0,3.25637,-139.57637,-4.120104555021268
301611.SZ,珂玛科技,20260113,09:46:00,118.9194,20260114,10:00:00,119.4203,100,FORCE_1000,5.0,5.0,11.94203,28.14797,0.2365984026144538
300699.SZ,光威复材,20260114,09:41:00,40.9605,20260115,10:00:00,39.4403,100,FORCE_1000,5.0,5.0,3.94403,-165.96403,-4.046866778020263
600105.SH,永鼎股份,20260114,09:42:00,28.9695,20260115,10:00:00,27.3113,100,FORCE_1000,5.0,5.0,2.73113,-178.55113,-6.152798290804459
688385.SH,复旦微电,20260114,09:42:00,87.3557,20260115,10:00:00,83.7901,100,FORCE_1000,5.0,5.0,8.37901,-374.93901,-4.28964026373566
688709.SH,成都华微,20260114,09:57:00,48.1751,20260115,10:00:00,47.5172,100,FORCE_1000,5.0,5.0,4.75172,-80.54172,-1.6701203315286022
688629.SH,华丰科技,20260114,13:05:00,105.3627,20260115,09:31:00,112.6908,100,SELLBACK,5.0,5.0,11.26908,711.54092,6.750049282486835
300757.SZ,罗博特科,20260114,13:23:00,274.6272,20260115,09:32:00,279.0809,100,SELLBACK,6.86568,6.977023,27.90809,403.619207,1.4693312513041152
300058.SZ,蓝色光标,20260116,09:35:00,17.969,20260119,10:00:00,17.2714,100,FORCE_1000,5.0,5.0,1.72714,-81.48714,-4.522289805205616
600637.SH,东方明珠,20260119,10:01:00,12.4662,20260120,10:00:00,11.8941,100,FORCE_1000,5.0,5.0,1.18941,-68.39941,-5.4648703280548405
002195.SZ,岩山科技,20260119,10:08:00,9.993,20260120,10:00:00,9.6832,100,FORCE_1000,5.0,5.0,0.96832,-41.94832,-4.176871452753161
002465.SZ,海格通信,20260120,09:36:00,18.6993,20260121,10:00:00,17.4113,100,FORCE_1000,5.0,5.0,1.74113,-140.54113,-7.495806776786333
600498.SH,烽火通信,20260120,09:36:00,40.033,20260121,10:00:00,37.0645,100,FORCE_1000,5.0,5.0,3.70645,-310.55645,-7.747834493426139
601106.SH,中国一重,20260120,09:36:00,5.148,20260121,10:00:00,4.9675,100,FORCE_1000,5.0,5.0,0.49675,-28.54675,-5.491871873797615
002153.SZ,石基信息,20260121,09:41:00,14.7073,20260122,10:00:00,13.8431,100,FORCE_1000,5.0,5.0,1.38431,-97.80431,-6.627520616915018
600637.SH,东方明珠,20260121,09:57:00,11.5704,20260122,10:00:00,11.6642,100,FORCE_1000,5.0,5.0,1.16642,-1.78642,-0.1537313689718082
688375.SH,国博电子,20260121,09:57:00,125.1866,20260122,10:00:00,125.5012,100,FORCE_1000,5.0,5.0,12.55012,8.90988,0.07114437792147024
002195.SZ,岩山科技,20260121,09:58:00,9.4427,20260122,09:31:00,9.6335,100,SELLBACK,5.0,5.0,0.96335,8.11665,0.8550412422177042
688615.SH,合合信息,20260121,10:03:00,211.4128,20260122,09:57:00,214.214,100,SELLBACK,5.28532,5.35535,21.4214,248.05793,1.1730412303192888
300136.SZ,信维通信,20260121,10:08:00,74.8674,20260122,10:00:00,75.0225,100,FORCE_1000,5.0,5.0,7.50225,-1.99225,-0.026592620672901086
688387.SH,信科移动-U,20260121,10:23:00,17.6917,20260122,10:00:00,17.5112,100,FORCE_1000,5.0,5.0,1.75112,-29.80112,-1.6797217853982427
688568.SH,中科星图,20260121,10:40:00,73.9349,20260122,09:56:00,74.7158,100,SELLBACK,5.0,5.0,7.47158,60.61842,0.8193350264716178
688037.SH,芯源微,20260122,09:42:00,210.5292,20260123,10:00:00,201.1234,100,FORCE_1000,5.26323,5.028085,20.11234,-970.983655,-4.610956436245236
300346.SZ,南大光电,20260122,09:59:00,58.8294,20260123,10:00:00,57.6112,100,FORCE_1000,5.0,5.0,5.76112,-137.58112,-2.3366596806353326
600498.SH,烽火通信,20260122,10:56:00,36.9415,20260123,09:31:00,39.4637,100,SELLBACK,5.0,5.0,3.94637,238.27363,6.441307597691362
688568.SH,中科星图,20260122,11:01:00,74.2471,20260123,09:31:00,75.9739,100,SELLBACK,5.0,5.0,7.59739,155.08261,2.0873305956760086
688172.SH,燕东微,20260122,11:08:00,35.6678,20260123,09:35:00,36.0459,100,SELLBACK,5.0,5.0,3.60459,24.20541,0.6776847958160918
603179.SH,新泉股份,20260122,11:30:00,69.1484,20260123,09:31:00,70.2088,100,SELLBACK,5.0,5.0,7.02088,89.01912,1.2864332123286089
002131.SZ,利欧股份,20260123,09:35:00,8.014,20260126,09:31:00,8.2376,100,SELLBACK,5.0,5.0,0.82376,11.53624,1.4305853174603174
688361.SH,中科飞测,20260123,09:35:00,192.5962,20260126,09:31:00,195.7061,100,SELLBACK,5.0,5.0,19.57061,281.41939,1.460809452768858
301611.SZ,珂玛科技,20260123,09:41:00,128.6643,20260126,09:31:00,134.6977,100,SELLBACK,5.0,5.0,13.46977,579.87023,4.505095626515469
002153.SZ,石基信息,20260123,09:52:00,13.7869,20260126,10:00:00,13.3233,100,FORCE_1000,5.0,5.0,1.33233,-57.69233,-4.169454863444847
603179.SH,新泉股份,20260123,09:52:00,67.8696,20260126,10:00:00,66.8023,100,FORCE_1000,5.0,5.0,6.68023,-123.41023,-1.8170046643384234
688172.SH,燕东微,20260123,10:29:00,35.3233,20260126,09:31:00,36.1557,100,SELLBACK,5.0,5.0,3.61557,69.62443,1.96827635533015
688331.SH,荣昌生物,20260123,11:18:00,102.2511,20260126,10:00:00,100.2499,100,FORCE_1000,5.0,5.0,10.02499,-220.14499,-2.1519317974098033
688676.SH,金盘科技,20260123,11:18:00,98.8994,20260126,10:00:00,98.3008,100,FORCE_1000,5.0,5.0,9.83008,-79.69008,-0.8053619324624504
002131.SZ,利欧股份,20260126,09:35:00,8.2941,20260127,10:00:00,8.066,100,FORCE_1000,5.0,5.0,0.8066,-33.6166,-4.028786807444781
301611.SZ,珂玛科技,20260126,09:39:00,127.4637,20260127,09:47:00,129.2259,100,SELLBACK,5.0,5.0,12.92259,153.29741,1.2022034495116996
688361.SH,中科飞测,20260126,09:43:00,192.3261,20260127,09:35:00,195.107,100,SELLBACK,5.0,5.0,19.5107,248.5793,1.292152715436065
688037.SH,芯源微,20260126,09:51:00,202.4752,20260127,09:32:00,204.7166,100,SELLBACK,5.06188,5.117915,20.47166,193.488545,0.9553771768283796
002153.SZ,石基信息,20260126,10:00:00,13.3367,20260127,09:31:00,13.6295,100,SELLBACK,5.0,5.0,1.36295,17.91705,1.3384217170773978
300346.SZ,南大光电,20260126,10:00:00,57.4887,20260127,10:00:00,56.5317,100,FORCE_1000,5.0,5.0,5.65317,-111.35317,-1.9352743457881392
603000.SH,人民网,20260126,10:32:00,23.5288,20260127,09:31:00,25.1293,100,SELLBACK,5.0,5.0,2.51293,147.53707,6.257191629769114
000559.SZ,万向钱潮,20260126,11:18:00,18.8194,20260127,10:00:00,17.901,100,FORCE_1000,5.0,5.0,1.7901,-103.6301,-5.491965828272229
600879.SH,航天电子,20260127,09:34:00,28.9935,20260128,10:00:00,27.8451,100,FORCE_1000,5.0,5.0,2.78451,-127.62451,-4.394253791726204
688281.SH,华秦科技,20260127,09:34:00,71.4307,20260128,09:31:00,74.7335,100,SELLBACK,5.0,5.0,7.47335,312.80665,4.3760994226413565
688387.SH,信科移动-U,20260127,09:34:00,18.5793,20260128,10:00:00,17.3113,100,FORCE_1000,5.0,5.0,1.73113,-138.53113,-7.436196207050183
601179.SH,中国西电,20260127,09:36:00,15.8039,20260128,10:00:00,15.1884,100,FORCE_1000,5.0,5.0,1.51884,-73.06884,-4.608887403099552
603650.SH,彤程新材,20260127,09:47:00,58.0726,20260128,09:31:00,59.1711,100,SELLBACK,5.0,5.0,5.91711,93.93289,1.6161164503996726
301611.SZ,珂玛科技,20260127,10:03:00,127.6438,20260128,09:31:00,130.7037,100,SELLBACK,5.0,5.0,13.07037,282.91963,2.2156097633557774
601611.SH,中国核建,20260127,10:03:00,15.938,20260128,09:31:00,16.3255,100,SELLBACK,5.0,5.0,1.63255,27.11745,1.6961127095321493
000559.SZ,万向钱潮,20260127,10:10:00,18.1291,20260128,10:00:00,17.7411,100,FORCE_1000,5.0,5.0,1.77411,-50.57411,-2.7819919577976906
000987.SZ,越秀资本,20260128,09:35:00,10.4352,20260129,10:00:00,10.3548,100,FORCE_1000,5.0,5.0,1.03548,-19.07548,-1.8192766947697707
002044.SZ,美年健康,20260128,09:36:00,7.1146,20260129,09:46:00,7.2102,100,SELLBACK,5.0,5.0,0.72102,-1.16102,-0.16204952125729277
300136.SZ,信维通信,20260128,09:36:00,83.992,20260129,10:00:00,83.2384,100,FORCE_1000,5.0,5.0,8.32384,-93.68384,-1.1147264463006592
001203.SZ,大中矿业,20260128,09:47:00,30.2751,20260129,10:00:00,30.2849,100,FORCE_1000,5.0,5.0,3.02849,-12.04849,-0.39731080853814166
603179.SH,新泉股份,20260128,10:05:00,64.1739,20260129,09:42:00,65.0737,100,SELLBACK,5.0,5.0,6.50737,73.47263,1.1440076046456225
300285.SZ,国瓷材料,20260128,10:19:00,31.7959,20260129,10:00:00,31.0845,100,FORCE_1000,5.0,5.0,3.10845,-84.24845,-2.6455038168178633
603000.SH,人民网,20260128,10:30:00,23.6188,20260129,09:47:00,23.9111,100,SELLBACK,5.0,5.0,2.39111,16.83889,0.7114382647197998
601179.SH,中国西电,20260128,10:44:00,15.2836,20260129,09:39:00,15.4927,100,SELLBACK,5.0,5.0,1.54927,9.36073,0.6104717744039234
600879.SH,航天电子,20260129,09:41:00,27.0725,20260130,10:00:00,25.4763,100,FORCE_1000,5.0,5.0,2.54763,-172.16763,-6.347778781454512
601106.SH,中国一重,20260129,10:10:00,5.3988,20260130,10:00:00,5.0975,100,FORCE_1000,5.0,5.0,0.50975,-40.63975,-7.45847709587432
688375.SH,国博电子,20260129,10:27:00,132.3401,20260130,10:00:00,124.5917,100,FORCE_1000,5.0,5.0,12.45917,-797.29917,-6.022347365852885
002044.SZ,美年健康,20260129,10:33:00,7.4747,20260130,10:00:00,7.0475,100,FORCE_1000,5.0,5.0,0.70475,-53.42475,-7.099917604688559
000987.SZ,越秀资本,20260129,10:38:00,10.326,20260130,10:00:00,9.955,100,FORCE_1000,5.0,5.0,0.9955,-48.0955,-4.635264070932921
688568.SH,中科星图,20260129,10:48:00,75.2056,20260130,10:00:00,69.993,100,FORCE_1000,5.0,5.0,6.9993,-538.2593,-7.152415235543934
688281.SH,华秦科技,20260129,11:17:00,71.2099,20260130,10:00:00,68.4686,100,FORCE_1000,5.0,5.0,6.84686,-290.97686,-4.083318388041521
603179.SH,新泉股份,20260129,11:21:00,62.8622,20260130,10:00:00,60.5768,100,FORCE_1000,5.0,5.0,6.05768,-244.59768,-3.8879212616948697
601179.SH,中国西电,20260130,13:16:00,14.3661,20260202,09:31:00,15.283,100,SELLBACK,5.0,5.0,1.5283,80.1617,5.560567698614744
300454.SZ,深信服,20260130,13:19:00,158.169,20260202,09:31:00,161.5274,100,SELLBACK,5.0,5.0,16.15274,309.68726,1.957332937257851
000987.SZ,越秀资本,20260130,13:24:00,10.105,20260202,09:37:00,10.2945,100,SELLBACK,5.0,5.0,1.02945,7.92055,0.7799655342195964
002429.SZ,兆驰股份,20260202,10:08:00,9.4977,20260203,09:38:00,9.5986,100,SELLBACK,5.0,5.0,0.95986,-0.86986,-0.09110675869581156
688172.SH,燕东微,20260211,10:16:00,40.9629,20260212,09:31:00,41.8372,100,SELLBACK,5.0,5.0,4.18372,73.24628,1.7859327187299605
601615.SH,明阳智能,20260211,10:21:00,23.4167,20260212,09:31:00,23.7793,100,SELLBACK,5.0,5.0,2.37793,23.88207,1.0177004009937485
688777.SH,中控技术,20260211,10:21:00,84.244,20260212,10:00:00,83.6981,100,FORCE_1000,5.0,5.0,8.36981,-72.95981,-0.8655397774456071
003035.SZ,南网能源,20260211,13:01:00,6.6823,20260212,09:31:00,6.8487,100,SELLBACK,5.0,5.0,0.68487,5.95513,0.8845609969846856
601615.SH,明阳智能,20260212,09:47:00,23.0765,20260213,10:00:00,22.7736,100,FORCE_1000,5.0,5.0,2.27736,-42.56736,-1.8406313104014873
002155.SZ,湖南黄金,20260212,13:13:00,33.0654,20260213,10:00:00,32.9235,100,FORCE_1000,5.0,5.0,3.29235,-27.48235,-0.8298963624174858
300620.SZ,光库科技,20260213,10:14:00,175.6378,20260224,09:31:00,177.5334,100,SELLBACK,5.0,5.0,17.75334,161.80666,0.9209897329239708
002155.SZ,湖南黄金,20260213,10:48:00,32.4532,20260224,09:31:00,33.7194,100,SELLBACK,5.0,5.0,3.37194,113.24806,3.4842126313716797
300548.SZ,长芯博创,20260213,11:19:00,160.6305,20260224,09:32:00,165.4615,100,SELLBACK,5.0,5.0,16.54615,456.55385,2.841376831662834
002429.SZ,兆驰股份,20260224,09:36:00,10.5183,20260225,10:00:00,10.3378,100,FORCE_1000,5.0,5.0,1.03378,-29.08378,-2.7519828165362457
688200.SH,华峰测控,20260224,09:46:00,201.2425,20260225,10:00:00,193.0183,100,FORCE_1000,5.031062,5.0,19.30183,-851.752892,-4.231412385546047
300017.SZ,网宿科技,20260224,10:09:00,20.04,20260225,09:31:00,21.5177,100,SELLBACK,5.0,5.0,2.15177,135.61823,6.750534096565455
300383.SZ,光环新网,20260225,09:36:00,15.7679,20260226,09:59:00,16.006,100,SELLBACK,5.0,5.0,1.6006,12.2094,0.7718723724388193
300620.SZ,光库科技,20260225,09:37:00,170.8354,20260226,10:00:00,171.3643,100,FORCE_1000,5.0,5.0,17.13643,25.75357,0.15070667242491168
300017.SZ,网宿科技,20260225,09:47:00,20.3302,20260226,10:00:00,19.8601,100,FORCE_1000,5.0,5.0,1.98601,-58.99601,-2.8947709050941595
300570.SZ,太辰光,20260225,09:54:00,139.3697,20260226,09:36:00,141.3577,100,SELLBACK,5.0,5.0,14.13577,174.66423,1.2527944759599972
688343.SH,云天励飞-U,20260225,10:00:00,85.1125,20260226,09:31:00,87.3688,100,SELLBACK,5.0,5.0,8.73688,206.89312,2.4293922794657274
002429.SZ,兆驰股份,20260225,10:06:00,10.309,20260226,09:31:00,10.5571,100,SELLBACK,5.0,5.0,1.05571,13.75429,1.327762332271455
300548.SZ,长芯博创,20260225,10:52:00,156.5883,20260226,10:00:00,157.0115,100,FORCE_1000,5.0,5.0,15.70115,16.61885,0.10609697628230133
300570.SZ,太辰光,20260226,10:09:00,138.6393,20260227,10:00:00,133.1434,100,FORCE_1000,5.0,5.0,13.31434,-572.90434,-4.130847441006625
300383.SZ,光环新网,20260226,10:16:00,15.8579,20260227,09:31:00,16.5551,100,SELLBACK,5.0,5.0,1.65551,58.06449,3.6500411745107777
688702.SH,盛科通信-U,20260227,09:35:00,186.7133,20260302,09:31:00,214.6576,100,SELLBACK,5.0,5.36644,21.46576,2762.5978,14.791973583675164
601869.SH,长飞光纤,20260227,09:43:00,222.7763,20260302,09:31:00,229.0211,100,SELLBACK,5.569407,5.725528,22.90211,590.282955,2.649004499781682
301526.SZ,国际复材,20260227,09:53:00,14.2771,20260302,09:33:00,14.5082,100,SELLBACK,5.0,5.0,1.45082,11.65918,0.8137850646676578
688172.SH,燕东微,20260227,09:54:00,42.1872,20260302,09:34:00,42.6959,100,SELLBACK,5.0,5.0,4.26959,36.60041,0.8665444205581809
603256.SH,宏和科技,20260227,10:03:00,78.001,20260302,09:31:00,78.8736,100,SELLBACK,5.0,5.0,7.88736,69.37264,0.8888116744180087
300017.SZ,网宿科技,20260302,09:35:00,19.5398,20260303,10:00:00,18.2509,100,FORCE_1000,5.0,5.0,1.82509,-140.71509,-7.183079459718833
603256.SH,宏和科技,20260302,09:42:00,79.4417,20260303,09:31:00,81.2001,100,SELLBACK,5.0,5.0,8.12001,157.71999,1.9841063909816998
301526.SZ,国际复材,20260302,09:43:00,14.037,20260303,09:31:00,14.2885,100,SELLBACK,5.0,5.0,1.42885,13.72115,0.9740292468233122
300570.SZ,太辰光,20260302,10:47:00,146.4732,20260303,10:00:00,140.4098,100,FORCE_1000,5.0,5.0,14.04098,-630.38098,-4.302260529390567
603256.SH,宏和科技,20260303,09:42:00,77.6208,20260304,10:00:00,74.1649,100,FORCE_1000,5.0,5.0,7.41649,-363.00649,-4.673654578039624
301526.SZ,国际复材,20260303,09:43:00,13.7169,20260304,10:00:00,13.1134,100,FORCE_1000,5.0,5.0,1.31134,-71.66134,-5.205335987041381
300395.SZ,菲利华,20260305,09:39:00,114.8674,20260306,10:00:00,110.035,100,FORCE_1000,5.0,5.0,11.0035,-504.2435,-4.387877727828858
601869.SH,长飞光纤,20260305,09:52:00,225.9579,20260306,10:00:00,214.1978,100,FORCE_1000,5.648948,5.354945,21.41978,-1208.433673,-5.346711224037652
688629.SH,华丰科技,20260305,09:52:00,116.356,20260306,10:00:00,114.8725,100,FORCE_1000,5.0,5.0,11.48725,-169.83725,-1.4590076971977393
600392.SH,盛和资源,20260305,11:04:00,27.7939,20260306,10:00:00,27.0665,100,FORCE_1000,5.0,5.0,2.70665,-85.44665,-3.068774489205895
603256.SH,宏和科技,20260305,11:04:00,72.9284,20260306,10:00:00,69.8371,100,FORCE_1000,5.0,5.0,6.98371,-326.11371,-4.468633321640376
301526.SZ,国际复材,20260420,10:48:00,14.029,20260421,10:00:00,13.953,100,FORCE_1000,5.0,5.0,1.3953,-18.9953,-1.3491938347894026
688336.SH,三生国健,20260421,14:29:00,57.1996,20260422,10:00:00,56.5579,100,FORCE_1000,5.0,5.0,5.65579,-79.82579,-1.3943466853916884
688702.SH,盛科通信-U,20260422,09:40:00,222.8013,20260423,09:31:00,239.6201,100,SELLBACK,5.570032,5.990503,23.96201,1646.357455,7.387506125448429
002025.SZ,航天电器,20260422,10:11:00,74.2771,20260423,09:31:00,75.7562,100,SELLBACK,5.0,5.0,7.57562,130.33438,1.7535243538359495
300390.SZ,天华新能,20260423,09:40:00,82.6413,20260424,09:35:00,83.7243,100,SELLBACK,5.0,5.0,8.37243,89.92757,1.0875094477895497
300620.SZ,光库科技,20260424,09:39:00,242.121,20260427,09:32:00,245.4514,100,SELLBACK,6.053025,6.136285,24.54514,296.30555,1.2234853322387078
002025.SZ,航天电器,20260424,09:42:00,70.7253,20260427,10:00:00,70.2149,100,FORCE_1000,5.0,5.0,7.02149,-68.06149,-0.9616559731996898
300390.SZ,天华新能,20260424,09:50:00,85.6528,20260427,10:00:00,86.3968,100,FORCE_1000,5.0,5.0,8.63968,55.76032,0.650624250316209
000967.SZ,盈峰环境,20260427,10:10:00,12.5062,20260428,09:31:00,13.3,100,SELLBACK,5.0,5.0,1.33,68.05,5.419633328554817
300548.SZ,长芯博创,20260427,10:15:00,258.3391,20260428,10:00:00,248.3558,100,FORCE_1000,6.458477,6.208895,24.83558,-1035.832952,-4.008584292835962
300620.SZ,光库科技,20260427,11:09:00,241.0009,20260428,09:33:00,244.2632,100,SELLBACK,6.025023,6.10658,24.42632,289.672077,1.201653923619081
300058.SZ,蓝色光标,20260427,13:44:00,17.3606,20260428,10:00:00,16.7216,100,FORCE_1000,5.0,5.0,1.67216,-75.57216,-4.340583322803349
300620.SZ,光库科技,20260428,09:47:00,240.5202,20260429,10:00:00,239.3403,100,FORCE_1000,6.013005,5.983508,23.93403,-153.920542,-0.6397885561467581
688313.SH,仕佳光子,20260428,09:54:00,138.7593,20260429,10:00:00,131.5342,100,FORCE_1000,5.0,5.0,13.15342,-745.66342,-5.371854911738622
600105.SH,永鼎股份,20260429,09:35:00,44.4972,20260430,10:00:00,42.2439,100,FORCE_1000,5.0,5.0,4.22439,-239.55439,-5.377540900438187
688172.SH,燕东微,20260429,10:17:00,39.4797,20260430,09:31:00,39.9899,100,SELLBACK,5.0,5.0,3.99899,37.02101,0.9365365788255411
688629.SH,华丰科技,20260429,10:17:00,126.9935,20260430,09:31:00,128.9064,100,SELLBACK,5.0,5.0,12.89064,168.39936,1.3255251941264212
300058.SZ,蓝色光标,20260429,13:22:00,17.2986,20260430,09:32:00,17.5437,100,SELLBACK,5.0,5.0,1.75437,12.75563,0.7352541415445626
600707.SH,彩虹股份,20260430,09:37:00,8.2241,20260506,09:33:00,8.3175,100,SELLBACK,5.0,5.0,0.83175,-1.49175,-0.18029151206777777
600032.SH,浙江新能,20260430,09:49:00,10.048,20260506,09:57:00,10.1777,100,SELLBACK,5.0,5.0,1.01777,1.95223,0.1933283818577936
688313.SH,仕佳光子,20260430,10:03:00,132.7363,20260506,09:31:00,138.1725,100,SELLBACK,5.0,5.0,13.81725,519.80275,3.9145811729071447
600707.SH,彩虹股份,20260506,09:43:00,8.2086,20260507,09:31:00,8.4174,100,SELLBACK,5.0,5.0,0.84174,10.03826,1.2154917298331436
300390.SZ,天华新能,20260508,10:11:00,106.7834,20260511,10:00:00,102.7086,100,FORCE_1000,5.0,5.0,10.27086,-427.75086,-4.003905707391134
001203.SZ,大中矿业,20260511,09:34:00,47.7839,20260512,10:00:00,45.2773,100,FORCE_1000,5.0,5.0,4.52773,-265.18773,-5.543928678196843
002756.SZ,永兴材料,20260511,09:46:00,79.0195,20260512,09:31:00,79.88,100,SELLBACK,5.0,5.0,7.988,68.062,0.8607870291325986
688037.SH,芯源微,20260511,09:56:00,226.137,20260512,09:31:00,240.6326,100,SELLBACK,5.653425,6.015815,24.06326,1413.8275,6.250521283412858
000967.SZ,盈峰环境,20260511,14:22:00,14.6373,20260512,09:31:00,15.297,100,SELLBACK,5.0,5.0,1.5297,54.4403,3.706624090200377
000967.SZ,盈峰环境,20260512,09:35:00,14.7314,20260513,10:00:00,13.3633,100,FORCE_1000,5.0,5.0,1.33633,-148.14633,-10.02248298537351
301526.SZ,国际复材,20260512,09:37:00,17.7389,20260513,09:32:00,18.1827,100,SELLBACK,5.0,5.0,1.81827,32.56173,1.8304521358824883
300390.SZ,天华新能,20260512,09:45:00,99.5197,20260513,09:31:00,103.3448,100,SELLBACK,5.0,5.0,10.33448,362.17552,3.637406962158167
688629.SH,华丰科技,20260512,13:06:00,133.6664,20260513,10:00:00,131.7341,100,FORCE_1000,5.0,5.0,13.17341,-216.40341,-1.6183759808071412
301526.SZ,国际复材,20260513,09:34:00,18.069,20260514,09:31:00,20.1497,100,SELLBACK,5.0,5.0,2.01497,196.05503,10.820411170594404
000062.SZ,深圳华强,20260513,09:35:00,35.3877,20260514,09:31:00,36.7448,100,SELLBACK,5.0,5.0,3.67448,122.03552,3.443663668917565
688702.SH,盛科通信-U,20260513,09:35:00,291.0755,20260514,09:31:00,314.0284,100,SELLBACK,7.276887,7.85071,31.40284,2248.759562,7.723760717139864
300390.SZ,天华新能,20260513,10:00:00,99.3567,20260514,09:37:00,100.6788,100,SELLBACK,5.0,5.0,10.06788,112.14212,1.1281143021546838
300857.SZ,协创数据,20260513,10:02:00,282.8614,20260514,09:31:00,305.5412,100,SELLBACK,7.071535,7.63853,30.55412,2222.715815,7.856003947273354
000967.SZ,盈峰环境,20260513,10:05:00,13.4067,20260514,09:31:00,14.9476,100,SELLBACK,5.0,5.0,1.49476,142.59524,10.59659797721581
000062.SZ,深圳华强,20260514,09:38:00,35.7979,20260515,10:00:00,32.6337,100,FORCE_1000,5.0,5.0,3.26337,-329.68337,-9.196727562841897
300390.SZ,天华新能,20260514,09:50:00,100.06,20260515,10:00:00,99.5402,100,FORCE_1000,5.0,5.0,9.95402,-71.93402,-0.7185497952252522
000967.SZ,盈峰环境,20260514,10:11:00,14.4272,20260515,10:00:00,13.3933,100,FORCE_1000,5.0,5.0,1.33933,-114.72933,-7.924828696156718
000539.SZ,粤电力Ａ,20260515,09:57:00,6.8334,20260518,09:31:00,7.0993,100,SELLBACK,5.0,5.0,0.70993,15.88007,2.307009617340268
300136.SZ,信维通信,20260515,09:57:00,98.6093,20260518,09:31:00,103.5046,100,SELLBACK,5.0,5.0,10.35046,469.17954,4.755553100417295
601016.SH,节能风电,20260515,09:57:00,4.8695,20260518,09:32:00,4.9896,100,SELLBACK,5.0,5.0,0.49896,1.51104,0.3071531659721516
688387.SH,信科移动-U,20260515,10:13:00,19.8099,20260518,09:31:00,20.0599,100,SELLBACK,5.0,5.0,2.00599,12.99401,0.6542837577228485
688702.SH,盛科通信-U,20260515,10:13:00,284.9844,20260518,09:37:00,289.4653,100,SELLBACK,7.12461,7.236633,28.94653,404.782228,1.4200112628465493
603256.SH,宏和科技,20260515,11:19:00,136.6803,20260518,10:00:00,131.7461,100,FORCE_1000,5.0,5.0,13.17461,-516.59461,-3.778201393546273
300570.SZ,太辰光,20260515,14:18:00,163.7618,20260518,10:00:00,160.5697,100,FORCE_1000,5.0,5.0,16.05697,-345.26697,-2.107705122585797
601016.SH,节能风电,20260518,10:15:00,4.9443,20260519,10:00:00,5.0145,100,FORCE_1000,5.0,5.0,0.50145,-3.48145,-0.6970846765312457
688347.SH,华虹宏力,20260518,10:17:00,152.3261,20260519,10:00:00,143.3583,100,FORCE_1000,5.0,5.0,14.33583,-921.11583,-6.045015130325556
688387.SH,信科移动-U,20260518,10:50:00,20.3001,20260519,10:00:00,19.2804,100,FORCE_1000,5.0,5.0,1.92804,-113.89804,-5.596927779224671
600498.SH,烽火通信,20260518,11:07:00,56.8514,20260519,10:00:00,55.2654,100,FORCE_1000,5.0,5.0,5.52654,-174.12654,-3.060145093090856
300751.SZ,迈为股份,20260518,13:35:00,254.7773,20260519,10:00:00,250.7646,100,FORCE_1000,6.369433,6.269115,25.07646,-438.985008,-1.722583955390475
000539.SZ,粤电力Ａ,20260519,09:43:00,6.7534,20260520,09:31:00,6.8697,100,SELLBACK,5.0,5.0,0.68697,0.94303,0.13861157656465886
688234.SH,天岳先进,20260519,09:43:00,144.8924,20260520,09:31:00,147.7781,100,SELLBACK,5.0,5.0,14.77781,263.79219,1.819979453907207
688387.SH,信科移动-U,20260519,10:01:00,19.2196,20260520,09:33:00,19.4708,100,SELLBACK,5.0,5.0,1.94708,13.17292,0.6836114916760078
300395.SZ,菲利华,20260519,10:40:00,129.975,20260520,09:31:00,131.6523,100,SELLBACK,5.0,5.0,13.16523,144.56477,1.1118228802153434
301526.SZ,国际复材,20260519,10:40:00,18.2491,20260520,09:31:00,18.622,100,SELLBACK,5.0,5.0,1.8622,25.4278,1.389565607051713
603256.SH,宏和科技,20260519,10:40:00,134.149,20260520,09:31:00,135.7282,100,SELLBACK,5.0,5.0,13.57282,134.34718,1.0011041811041812
300751.SZ,迈为股份,20260519,10:46:00,251.7558,20260520,09:31:00,274.0884,100,SELLBACK,6.293895,6.85221,27.40884,2192.705055,8.707473733459423
300857.SZ,协创数据,20260519,10:55:00,265.7028,20260520,09:31:00,271.7918,100,SELLBACK,6.64257,6.794795,27.17918,568.283455,2.138259061045231
300570.SZ,太辰光,20260520,09:41:00,151.8859,20260521,09:31:00,161.2578,100,SELLBACK,5.0,5.0,16.12578,911.06422,5.996372285944269
300620.SZ,光库科技,20260520,09:41:00,263.1715,20260521,09:31:00,274.987,100,SELLBACK,6.579287,6.874675,27.4987,1140.597338,4.3329625735880075
002203.SZ,海亮股份,20260520,09:42:00,19.7018,20260521,09:31:00,20.8307,100,SELLBACK,5.0,5.0,2.08307,100.80693,5.103683208618961
600105.SH,永鼎股份,20260520,09:43:00,49.7699,20260521,09:31:00,51.268,100,SELLBACK,5.0,5.0,5.1268,134.6832,2.703401652753217
688234.SH,天岳先进,20260520,09:43:00,144.5042,20260521,09:31:00,153.3198,100,SELLBACK,5.0,5.0,15.33198,856.22802,5.923231701327253
600707.SH,彩虹股份,20260520,09:44:00,10.3051,20260521,10:00:00,11.3543,100,FORCE_1000,5.0,5.0,1.13543,93.78457,9.056848316288592
301526.SZ,国际复材,20260520,09:49:00,18.6293,20260521,09:31:00,19.1313,100,SELLBACK,5.0,5.0,1.91313,38.28687,2.0496951170547075
601016.SH,节能风电,20260520,09:56:00,4.8495,20260521,10:00:00,4.6647,100,FORCE_1000,5.0,5.0,0.46647,-28.94647,-5.908045718950914
601991.SH,大唐发电,20260521,09:34:00,7.0605,20260522,10:00:00,6.7036,100,FORCE_1000,5.0,5.0,0.67036,-46.36036,-6.519985936291399
300620.SZ,光库科技,20260521,09:43:00,262.6312,20260522,09:32:00,265.4514,100,SELLBACK,6.56578,6.636285,26.54514,242.272795,0.92225235211778
600105.SH,永鼎股份,20260521,09:43:00,48.059,20260522,10:00:00,47.3313,100,FORCE_1000,5.0,5.0,4.73313,-87.50313,-1.818851566235008
688234.SH,天岳先进,20260521,09:47:00,148.4642,20260522,09:31:00,151.6722,100,SELLBACK,5.0,5.0,15.16722,295.63278,1.9906027841108798
002203.SZ,海亮股份,20260521,14:17:00,20.1221,20260522,09:49:00,20.3415,100,SELLBACK,5.0,5.0,2.03415,9.90585,0.4910668695872021
688200.SH,华峰测控,20260522,13:09:00,280.4307,20260525,09:31:00,294.0247,100,SELLBACK,7.010768,7.350618,29.40247,1315.636145,4.690311432273489
601991.SH,大唐发电,20260522,14:05:00,6.8108,20260525,09:35:00,6.9665,100,SELLBACK,5.0,5.0,0.69665,4.87335,0.7103180387126866
300666.SZ,江丰电子,20260522,14:45:00,196.4382,20260525,09:31:00,198.5019,100,SELLBACK,5.0,5.0,19.85019,176.51981,0.8983735919001753
002281.SZ,光迅科技,20260525,09:35:00,206.7633,20260526,09:31:00,218.2722,100,SELLBACK,5.169083,5.456805,21.82722,1118.436893,5.407910173911834
301611.SZ,珂玛科技,20260525,09:35:00,113.4867,20260526,10:00:00,105.917,100,FORCE_1000,5.0,5.0,10.5917,-777.5617,-6.848549411776104
688037.SH,芯源微,20260525,09:35:00,270.9595,20260526,09:31:00,287.5222,100,SELLBACK,6.773988,7.188055,28.75222,1613.555738,5.953481792989462
688220.SH,翱捷科技-U,20260525,09:35:00,108.3041,20260526,09:31:00,111.7721,100,SELLBACK,5.0,5.0,11.17721,325.62279,3.0051727622674176
003031.SZ,中瓷电子,20260525,09:36:00,155.5377,20260526,10:00:00,150.9645,100,FORCE_1000,5.0,5.0,15.09645,-482.41645,-3.1006078886698627
300054.SZ,鼎龙股份,20260525,09:36:00,70.4352,20260526,09:31:00,80.7787,100,SELLBACK,5.0,5.0,8.07787,1016.27213,14.418234324368804
605358.SH,立昂微,20260525,09:36:00,52.1861,20260526,09:31:00,53.7693,100,SELLBACK,5.0,5.0,5.37693,142.94307,2.7364805182622742
603156.SH,养元饮品,20260525,09:37:00,42.7013,20260526,09:31:00,43.5346,100,SELLBACK,5.0,5.0,4.35346,68.97654,1.613437252200518
002407.SZ,多氟多,20260526,09:34:00,38.9395,20260527,10:00:00,36.6317,100,FORCE_1000,5.0,5.0,3.66317,-244.44317,-6.269461521691737
002008.SZ,大族激光,20260526,09:40:00,134.3086,20260527,09:31:00,137.6732,100,SELLBACK,5.0,5.0,13.76732,312.69268,2.3272993317882142
688037.SH,芯源微,20260526,09:40:00,276.6222,20260527,10:00:00,273.947,100,FORCE_1000,6.915555,6.848675,27.3947,-308.67893,-1.1156074225246968
603156.SH,养元饮品,20260526,09:44:00,42.9715,20260527,09:31:00,44.8127,100,SELLBACK,5.0,5.0,4.48127,169.63873,3.9431151865927507
688213.SH,思特威-W,20260526,09:45:00,107.1636,20260527,09:31:00,110.7137,100,SELLBACK,5.0,5.0,11.07137,333.93863,3.1147040114313853
688200.SH,华峰测控,20260526,09:48:00,293.5048,20260527,10:00:00,286.897,100,FORCE_1000,7.33762,7.172425,28.6897,-703.979745,-2.397929417343386
003031.SZ,中瓷电子,20260526,10:05:00,150.7253,20260527,10:00:00,146.5267,100,FORCE_1000,5.0,5.0,14.65267,-444.51267,-2.9481796421562416
002281.SZ,光迅科技,20260526,10:10:00,213.6668,20260527,10:00:00,205.6471,100,FORCE_1000,5.34167,5.141177,20.56471,-833.017558,-3.8977012603787045
002008.SZ,大族激光,20260527,09:36:00,136.158,20260528,09:42:00,137.6433,100,SELLBACK,5.0,5.0,13.76433,124.76567,0.9159937008105251
603688.SH,石英股份,20260527,09:42:00,70.9595,20260528,10:00:00,68.5597,100,FORCE_1000,5.0,5.0,6.85597,-256.83597,-3.6169240735394554
300136.SZ,信维通信,20260527,09:57:00,110.9655,20260528,09:37:00,112.1715,100,SELLBACK,5.0,5.0,11.21715,99.38285,0.8952159833536758
300604.SZ,长川科技,20260527,10:42:00,230.715,20260528,10:00:00,218.9305,100,FORCE_1000,5.767875,5.473262,21.89305,-1211.584188,-5.250119704648963
603256.SH,宏和科技,20260623,09:36:00,250.9454,20260624,09:39:00,254.1184,100,SELLBACK,6.273635,6.35296,25.41184,279.261565,1.112559812047702
605358.SH,立昂微,20260623,09:37:00,67.6838,20260624,10:00:00,67.2164,100,FORCE_1000,5.0,5.0,6.72164,-63.46164,-0.9369272062101934
688322.SH,奥比中光-W,20260623,09:37:00,121.2606,20260624,09:31:00,122.6159,100,SELLBACK,5.0,5.0,12.26159,113.26841,0.9337057932282917
300570.SZ,太辰光,20260623,09:50:00,258.079,20260624,09:31:00,266.5896,100,SELLBACK,6.451975,6.66474,26.65896,811.284325,3.142764636453749
301526.SZ,国际复材,20260623,09:52:00,38.3438,20260624,09:31:00,39.8202,100,SELLBACK,5.0,5.0,3.98202,133.65798,3.4812386374883446
605589.SH,圣泉集团,20260623,09:52:00,66.6133,20260624,10:00:00,65.0974,100,FORCE_1000,5.0,5.0,6.50974,-168.09974,-2.52162344198382
300390.SZ,天华新能,20260623,09:53:00,88.1777,20260624,10:00:00,87.1464,100,FORCE_1000,5.0,5.0,8.71464,-121.84464,-1.3810247801994158
688629.SH,华丰科技,20260623,09:53:00,143.9319,20260624,09:31:00,146.0107,100,SELLBACK,5.0,5.0,14.60107,183.27893,1.272930347495067
603688.SH,石英股份,20260624,09:35:00,78.7594,20260625,09:31:00,82.3763,100,SELLBACK,5.0,5.0,8.23763,343.45237,4.358012749748126
001696.SZ,宗申动力,20260624,09:37:00,21.6708,20260625,09:31:00,23.3649,100,SELLBACK,5.0,5.0,2.33649,157.07351,7.231479043129167
002138.SZ,顺络电子,20260624,09:37:00,65.2326,20260625,09:31:00,68.2375,100,SELLBACK,5.0,5.0,6.82375,283.66625,4.345204541485786
000831.SZ,中国稀土,20260624,09:52:00,57.6722,20260625,09:41:00,58.3034,100,SELLBACK,5.0,5.0,5.83034,47.28966,0.819262952555516
000733.SZ,振华科技,20260624,09:56:00,57.5287,20260625,09:40:00,58.4622,100,SELLBACK,5.0,5.0,5.84622,77.50378,1.346049493996912
300666.SZ,江丰电子,20260624,10:16:00,296.0179,20260625,09:31:00,316.1852,100,SELLBACK,7.400448,7.90463,31.61852,1969.806402,6.652685778399311
688772.SH,珠海冠宇,20260624,10:37:00,20.3202,20260625,10:00:00,19.7601,100,FORCE_1000,5.0,5.0,1.97601,-67.98601,-3.3375229501919472
688387.SH,信科移动-U,20260624,10:38:00,17.6288,20260625,09:37:00,18.2226,100,SELLBACK,5.0,5.0,1.82226,47.55774,2.6901000067877914
002203.SZ,海亮股份,20260625,09:35:00,24.2441,20260626,10:00:00,22.9805,100,FORCE_1000,5.0,5.0,2.29805,-138.65805,-5.707478358943118
300679.SZ,电连技术,20260625,09:35:00,65.8329,20260626,09:38:00,66.7398,100,SELLBACK,5.0,5.0,6.67398,74.01602,1.1234481177968791
002851.SZ,麦格米特,20260625,09:36:00,167.6538,20260626,09:31:00,175.3666,100,SELLBACK,5.0,5.0,17.53666,743.74334,4.434862775918018
605589.SH,圣泉集团,20260625,09:37:00,64.6923,20260626,09:31:00,71.3528,100,SELLBACK,5.0,5.0,7.13528,648.91472,10.023040886715485
300024.SZ,机器人,20260625,09:38:00,15.948,20260626,10:00:00,15.7721,100,FORCE_1000,5.0,5.0,1.57721,-29.16721,-1.8231785223152897
601958.SH,金钼股份,20260625,10:00:00,26.8834,20260626,09:45:00,27.3989,100,SELLBACK,5.0,5.0,2.73989,38.81011,1.4409658639458813
000733.SZ,振华科技,20260625,10:03:00,59.6198,20260626,10:00:00,60.6796,100,FORCE_1000,5.0,5.0,6.06796,89.91204,1.5068265688840923
002056.SZ,横店东磁,20260625,10:10:00,29.0045,20260626,09:31:00,30.1248,100,SELLBACK,5.0,5.0,3.01248,99.01752,3.4079925656955035
000831.SZ,中国稀土,20260626,09:35:00,56.9194,20260629,10:00:00,54.3138,100,FORCE_1000,5.0,5.0,5.43138,-275.99138,-4.844554796083511
002851.SZ,麦格米特,20260626,09:37:00,169.9749,20260629,10:00:00,165.6671,100,FORCE_1000,5.0,5.0,16.56671,-457.34671,-2.689880776286297
300570.SZ,太辰光,20260626,09:39:00,235.6178,20260629,09:46:00,238.372,100,SELLBACK,5.890445,5.9593,23.8372,239.733055,1.0172115040367113
688318.SH,财富趋势,20260626,09:39:00,79.9399,20260629,10:00:00,74.3428,100,FORCE_1000,5.0,5.0,7.43428,-577.14428,-7.215214420820629
300679.SZ,电连技术,20260626,09:46:00,66.2431,20260629,10:00:00,61.3293,100,FORCE_1000,5.0,5.0,6.13293,-507.51293,-7.6555920601088205
600378.SH,昊华科技,20260626,10:00:00,64.8124,20260629,09:33:00,65.7013,100,SELLBACK,5.0,5.0,6.57013,72.31987,1.114973698167197
002203.SZ,海亮股份,20260629,09:34:00,22.093,20260630,10:00:00,21.971,100,FORCE_1000,5.0,5.0,2.1971,-24.3971,-1.1017974077586594
600378.SH,昊华科技,20260629,09:34:00,65.8329,20260630,09:31:00,72.7707,100,SELLBACK,5.0,5.0,7.27707,676.50293,10.268262781389407
300548.SZ,长芯博创,20260629,09:35:00,260.8404,20260630,09:43:00,263.9536,100,SELLBACK,6.52101,6.59884,26.39536,271.80479,1.041774417559755
600498.SH,烽火通信,20260630,09:56:00,71.7689,20260701,09:31:00,73.7522,100,SELLBACK,5.0,5.0,7.37522,180.95478,2.5195983230041117
000960.SZ,锡业股份,20260630,10:08:00,41.3607,20260701,09:31:00,42.8756,100,SELLBACK,5.0,5.0,4.28756,137.20244,3.313212285713596
603688.SH,石英股份,20260630,10:08:00,81.3006,20260701,09:51:00,82.3763,100,SELLBACK,5.0,5.0,8.23763,89.33237,1.0981156869156465
301526.SZ,国际复材,20260630,10:24:00,45.7128,20260701,09:31:00,48.4073,100,SELLBACK,5.0,5.0,4.84073,254.60927,5.5636733329254335
605589.SH,圣泉集团,20260630,10:24:00,62.7614,20260701,09:31:00,63.8042,100,SELLBACK,5.0,5.0,6.38042,87.89958,1.399420805777295
688234.SH,天岳先进,20260630,10:24:00,166.4832,20260701,09:31:00,179.5004,100,SELLBACK,5.0,5.0,17.95004,1273.76996,7.648744874895817
601233.SH,桐昆股份,20260630,10:28:00,21.8409,20260701,10:00:00,21.6192,100,FORCE_1000,5.0,5.0,2.16192,-34.33192,-1.5683192559465349
688772.SH,珠海冠宇,20260630,10:36:00,18.9762,20260701,09:31:00,19.4708,100,SELLBACK,5.0,5.0,1.94708,37.51292,1.9716454152694705
600141.SH,兴发集团,20260701,09:36:00,48.9144,20260702,10:00:00,43.3783,100,FORCE_1000,5.0,5.0,4.33783,-567.94783,-11.599199214122912
600352.SH,浙江龙盛,20260701,09:36:00,11.5658,20260702,10:00:00,12.5437,100,FORCE_1000,5.0,5.0,1.25437,86.53563,7.449820933556019
605589.SH,圣泉集团,20260701,09:36:00,63.6418,20260702,10:00:00,64.2179,100,FORCE_1000,5.0,5.0,6.42179,41.18821,0.646679949381239
000703.SZ,恒逸石化,20260701,09:38:00,13.4167,20260702,09:31:00,14.4283,100,SELLBACK,5.0,5.0,1.44283,89.71717,6.662149598639607
301526.SZ,国际复材,20260701,09:38:00,46.6233,20260702,10:00:00,46.4468,100,FORCE_1000,5.0,5.0,4.64468,-32.29468,-0.6919305041640509
603256.SH,宏和科技,20260701,09:38:00,254.197,20260702,10:00:00,250.8745,100,FORCE_1000,6.354925,6.271863,25.08745,-369.964237,-1.455059536728347
600105.SH,永鼎股份,20260701,10:04:00,65.0025,20260702,10:00:00,58.1209,100,FORCE_1000,5.0,5.0,5.81209,-703.97209,-10.821599323623227
601233.SH,桐昆股份,20260701,10:17:00,21.7358,20260702,09:31:00,22.4064,100,SELLBACK,5.0,5.0,2.24064,54.81936,2.516288591651443
002025.SZ,航天电器,20260709,14:57:00,83.5515,20260710,09:33:00,85.1821,100,SELLBACK,5.0,5.0,8.51821,144.54179,1.7289377582938106
688336.SH,三生国健,20260710,09:38:00,51.1155,20260713,09:31:00,53.4997,100,SELLBACK,5.0,5.0,5.34997,223.07003,4.359774261953856
002025.SZ,航天电器,20260710,09:51:00,84.0131,20260713,10:00:00,78.001,100,FORCE_1000,5.0,5.0,7.8001,-619.0101,-7.363636363636364
688520.SH,神州细胞,20260710,09:59:00,37.2886,20260713,10:00:00,36.3418,100,FORCE_1000,5.0,5.0,3.63418,-108.31418,-2.9008634496204997
300223.SZ,君正股份,20260710,14:37:00,225.0024,20260713,10:00:00,203.1684,100,FORCE_1000,5.62506,5.07921,20.31684,-2214.42111,-9.83930679445743
688114.SH,华大智造,20260818,09:42:00,63.3116,20260819,10:00:00,60.4298,100,FORCE_1000,5.0,5.0,6.04298,-304.22298,-4.801377806116007
002131.SZ,利欧股份,20260818,09:55:00,5.1226,20260819,10:00:00,4.7076,100,FORCE_1000,5.0,5.0,0.47076,-51.97076,-10.047318563198392
300058.SZ,蓝色光标,20260818,10:31:00,14.7715,20260819,10:00:00,14.1429,100,FORCE_1000,5.0,5.0,1.41429,-74.27429,-5.011253246972304
301611.SZ,珂玛科技,20260820,09:59:00,101.8209,20260821,10:00:00,99.4303,100,FORCE_1000,5.0,5.0,9.94303,-259.00303,-2.542463353126359
300567.SZ,精测电子,20260821,10:18:00,217.4887,20260824,09:31:00,222.6556,100,SELLBACK,5.437218,5.56639,22.26556,483.420832,2.2221844491150597
002281.SZ,光迅科技,20260821,10:56:00,180.9704,20260824,10:00:00,170.005,100,FORCE_1000,5.0,5.0,17.0005,-1123.5405,-6.206706536942798
300666.SZ,江丰电子,20260821,10:56:00,247.9639,20260824,09:31:00,250.8533,100,SELLBACK,6.199097,6.271332,25.08533,251.38424,1.0135403163427745
301611.SZ,珂玛科技,20260821,10:56:00,99.0895,20260824,09:31:00,104.8326,100,SELLBACK,5.0,5.0,10.48326,553.82674,5.586337837088143
688234.SH,天岳先进,20260824,09:35:00,108.2341,20260825,10:00:00,104.6177,100,FORCE_1000,5.0,5.0,10.46177,-382.10177,-3.528696918568839
688114.SH,华大智造,20260826,10:45:00,66.4619,20260827,09:32:00,68.4772,100,SELLBACK,5.0,5.0,6.84772,184.68228,2.776680263231091
688114.SH,华大智造,20260828,10:15:00,66.4032,20260831,10:00:00,62.9785,100,FORCE_1000,5.0,5.0,6.29785,-358.76785,-5.398804722722157
