date,version,slip,failure,bars,orders,turnover,initial_equity,final_equity,account_gross,hold_gross,excess_gross,final_position,position_gap,short_unclosed,long_unclosed,mom_unclosed,state,cycles,strategy_reported_gross,max_drawdown
20260421,v51,0.0,,241,4,150382.0,175460.0,177354.0,1894.0,855.9999999999945,1038.0,200,0,0,0,0,DONE,2,1038.0000000000052,0.02059523809523811
20260421,v51,0.01,,241,4,150381.0,175460.0,177351.0,1891.0,855.9999999999945,1035.0,200,0,0,0,0,DONE,2,1035.000000000008,0.020606575963718843
20260421,v39,0.0,,241,5,186930.0,175460.0,178104.0,2644.0,855.9999999999945,1788.0,300,100,0,100,0,BT_SPIKING,2,1062.0000000000061,0.02059523809523811
20260421,v39,0.01,,241,5,186929.0,175460.0,178101.0,2641.0,855.9999999999945,1785.0,300,100,0,100,0,BT_SPIKING,2,1062.0000000000061,0.020606575963718843
20260422,v51,0.0,,241,2,78546.0,176458.0,178546.0,2088.0,5941.999999999996,-3854.0,0,-200,200,0,0,SOLD,0,0.0,0.003629213483146043
20260422,v51,0.01,,241,2,78544.0,176458.0,178544.0,2086.0,5941.999999999996,-3856.0,0,-200,200,0,0,SOLD,0,0.0,0.003629213483146043
20260422,v39,0.0,,241,2,77747.0,176458.0,177747.0,1289.0,5941.999999999996,-4653.0,0,-200,200,0,0,SOLD,0,0.0,0.003573033707865214
20260422,v39,0.01,,241,2,77745.0,176458.0,177745.0,1287.0,5941.999999999996,-4655.0,0,-200,200,0,0,SOLD,0,0.0,0.003578651685393286
20260423,v51,0.0,,241,3,121457.0,182240.0,177049.0,-5191.0,-5236.000000000002,45.0,300,100,0,100,0,BT_DIPPING,1,2994.999999999999,0.04003264417845487
20260423,v51,0.01,,241,3,121457.0,182240.0,177047.0,-5193.0,-5236.000000000002,43.0,300,100,0,100,0,BT_DIPPING,1,2994.0,0.04004352557127311
20260423,v39,0.0,,241,3,121457.0,182240.0,177049.0,-5191.0,-5236.000000000002,45.0,300,100,0,100,0,BT_DIPPING,1,0.0,0.04003264417845487
20260423,v39,0.01,,241,3,121457.0,182240.0,177047.0,-5193.0,-5236.000000000002,43.0,300,100,0,100,0,BT_DIPPING,1,0.0,0.04004352557127311
20260424,v51,0.0,,241,3,112376.0,175678.0,172368.0,-3310.0,-2045.9999999999923,-1264.0,300,100,0,100,0,BT_DIPPING,1,-620.999999999998,0.033281034833058665
20260424,v51,0.01,,241,3,112377.0,175678.0,172365.0,-3313.0,-2045.9999999999923,-1267.0,300,100,0,100,0,BT_DIPPING,1,-622.9999999999961,0.03329251017286816
20260424,v39,0.0,,241,3,112376.0,175678.0,172368.0,-3310.0,-2045.9999999999923,-1264.0,300,100,0,100,0,BT_DIPPING,1,-620.999999999998,0.033281034833058665
20260424,v39,0.01,,241,3,112377.0,175678.0,172365.0,-3313.0,-2045.9999999999923,-1267.0,300,100,0,100,0,BT_DIPPING,1,-620.999999999998,0.03329251017286816
20260427,v51,0.0,,241,4,152593.0,175600.0,176721.0,1121.0,-100.0,1221.0,200,0,0,0,0,DONE,2,1220.999999999998,0.019075552296676457
20260427,v51,0.01,,241,4,152591.0,175600.0,176719.0,1119.0,-100.0,1219.0,200,0,0,0,0,DONE,2,1218.9999999999998,0.019075764224887326
20260427,v39,0.0,,241,5,191817.0,175600.0,176867.0,1267.0,-100.0,1367.0,300,100,0,0,0,BT_DIPPING,2,1035.0000000000023,0.024090329066934757
20260427,v39,0.01,,241,5,191817.0,175600.0,176863.0,1263.0,-100.0,1363.0,300,100,0,0,0,BT_DIPPING,2,1035.0000000000023,0.024090861382255246
20260428,v51,0.0,,241,4,150124.0,174102.0,175762.0,1660.0,596.0000000000036,1064.0,200,0,0,0,0,DONE,2,1064.0000000000043,0.014043485132419709
20260428,v51,0.01,,241,4,150122.0,174102.0,175760.0,1658.0,596.0000000000036,1062.0,200,0,0,0,0,DONE,2,1061.9999999999948,0.014043643670764605
20260428,v39,0.0,,241,4,149630.0,174102.0,175728.0,1626.0,596.0000000000036,1030.0,200,0,0,0,0,IDLE,2,1030.0000000000011,0.014046180771185024
20260428,v39,0.01,,241,4,149630.0,174102.0,175724.0,1622.0,596.0000000000036,1026.0,200,0,0,0,0,IDLE,2,1030.0000000000011,0.014046497973194239
20260429,v51,0.0,,241,4,144941.0,173000.0,174869.0,1869.0,1103.9999999999964,765.0,200,0,0,0,0,DONE,2,764.9999999999977,0.009021480814932703
20260429,v51,0.01,,241,4,144941.0,173000.0,174865.0,1865.0,1103.9999999999964,761.0,200,0,0,0,0,DONE,2,761.0000000000014,0.009021480814932703
20260429,v39,0.0,,241,4,144941.0,173000.0,174869.0,1869.0,1103.9999999999964,765.0,200,0,0,0,0,IDLE,2,764.9999999999977,0.009021480814932703
20260429,v39,0.01,,241,4,144941.0,173000.0,174865.0,1865.0,1103.9999999999964,761.0,200,0,0,0,0,IDLE,2,764.9999999999977,0.009021480814932703
20260430,v51,0.0,,241,4,139842.0,171820.0,171000.0,-820.0,-1040.000000000009,220.0,200,0,0,0,0,IDLE,2,219.99999999999886,0.02811505295445338
20260430,v51,0.01,,241,4,139841.0,171820.0,170997.0,-823.0,-1040.000000000009,217.0,200,0,0,0,0,IDLE,2,217.0000000000016,0.028132415070316608
20260430,v39,0.0,,241,4,142356.0,171820.0,171686.0,-134.0,-1040.000000000009,906.0,200,0,0,0,0,BT_DIPPING,2,906.0000000000002,0.02483940042826549
20260430,v39,0.01,,241,4,142355.0,171820.0,171683.0,-137.0,-1040.000000000009,903.0,200,0,0,0,0,BT_DIPPING,2,906.0000000000002,0.024850975172174272
20260506,v51,0.0,,241,4,145359.0,172400.0,171731.0,-669.0,-189.99999999999773,-479.0,200,0,0,0,0,FORCED,2,-478.99999999999636,0.013702360398150648
20260506,v51,0.01,,241,4,145358.0,172400.0,171728.0,-672.0,-189.99999999999773,-482.0,200,0,0,0,0,FORCED,2,-481.99999999999363,0.013708233630943756
20260506,v39,0.0,,241,4,143184.0,172400.0,172112.0,-288.0,-189.99999999999773,-98.0,200,0,0,0,0,BT_DIPPING,2,-97.99999999999613,0.013702360398150648
20260506,v39,0.01,,241,4,143184.0,172400.0,172108.0,-292.0,-189.99999999999773,-102.0,200,0,0,0,0,BT_DIPPING,2,-97.99999999999613,0.013708233630943756
20260507,v51,0.0,,241,4,150825.0,176022.0,177917.0,1895.0,1817.999999999995,77.0,200,0,0,0,0,DONE,2,76.99999999999818,0.018991940061300894
20260507,v51,0.01,,241,4,150825.0,176022.0,177913.0,1891.0,1817.999999999995,73.0,200,0,0,0,0,DONE,2,73.00000000000182,0.01900896810080599
20260507,v39,0.0,,241,4,150825.0,176022.0,177917.0,1895.0,1817.999999999995,77.0,200,0,0,0,0,IDLE,2,76.99999999999818,0.018991940061300894
20260507,v39,0.01,,241,4,150825.0,176022.0,177913.0,1891.0,1817.999999999995,73.0,200,0,0,0,0,IDLE,2,76.99999999999818,0.01900896810080599
20260508,v51,0.0,,241,4,155536.0,174676.0,176062.0,1386.0,4770.000000000005,-3384.0,200,0,0,0,0,FORCED,2,-3384.000000000003,0.0029177779297453466
20260508,v51,0.01,,241,4,155534.0,174676.0,176060.0,1384.0,4770.000000000005,-3386.0,200,0,0,0,0,FORCED,2,-3386.0000000000014,0.0029234767147644503
20260508,v39,0.0,,241,3,115806.0,174676.0,176069.0,1393.0,4770.000000000005,-3377.0,100,-100,100,0,0,SOLD,1,0.0,0.0029177779297453466
20260508,v39,0.01,,241,3,115804.0,174676.0,176067.0,1391.0,4770.000000000005,-3379.0,100,-100,100,0,0,SOLD,1,0.0,0.0029234767147644503
20260511,v51,0.0,,241,4,159017.0,180880.0,181035.0,155.0,-817.999999999995,973.0,200,0,0,0,0,DONE,2,972.9999999999961,0.024148365805256145
20260511,v51,0.01,,241,4,159017.0,180880.0,181031.0,151.0,-817.999999999995,969.0,200,0,0,0,0,DONE,2,968.9999999999998,0.02415959476350238
20260511,v39,0.0,,241,4,159017.0,180880.0,181035.0,155.0,-817.999999999995,973.0,200,0,0,0,0,IDLE,2,972.9999999999961,0.024148365805256145
20260511,v39,0.01,,241,4,159017.0,180880.0,181031.0,151.0,-817.999999999995,969.0,200,0,0,0,0,IDLE,2,972.9999999999961,0.02415959476350238
20260512,v51,0.0,,241,3,169138.0,181210.0,181430.0,220.0,1081.9999999999936,-862.0,200,0,0,0,0,DONE,1,-862.0000000000005,0.02461957461525155
20260512,v51,0.01,,241,3,169136.0,181210.0,181428.0,218.0,1081.9999999999936,-864.0,200,0,0,0,0,DONE,1,-863.9999999999986,0.024619840695148443
20260512,v39,0.0,,241,4,169749.0,181210.0,183101.0,1891.0,1081.9999999999936,809.0,200,0,0,0,0,BT_DIPPING,2,809.0000000000032,0.019204470813726893
20260512,v39,0.01,,241,4,169747.0,181210.0,183099.0,1889.0,1081.9999999999936,807.0,200,0,0,0,0,BT_DIPPING,2,809.0000000000032,0.019204677606926013
20260513,v51,0.0,,241,2,80230.0,178600.0,181562.0,2962.0,2791.999999999996,170.0,200,0,0,0,0,IDLE,1,169.99999999999886,0.014207781964770794
20260513,v51,0.01,,241,2,80229.0,178600.0,181561.0,2961.0,2791.999999999996,169.0,200,0,0,0,0,IDLE,1,168.99999999999977,0.014207859783650578
20260513,v39,0.0,,241,4,162694.0,178600.0,182234.0,3634.0,2791.999999999996,842.0,200,0,0,0,0,IDLE,2,842.0000000000016,0.008074602303894673
20260513,v39,0.01,,241,4,162692.0,178600.0,182232.0,3632.0,2791.999999999996,840.0,200,0,0,0,0,IDLE,2,842.0000000000016,0.008085573230938059
20260514,v51,0.0,,241,3,122560.0,182164.0,179516.0,-2648.0,-1224.000000000001,-1424.0,300,100,0,100,0,BT_DIPPING,1,-791.0000000000025,0.03595905265897459
20260514,v51,0.01,,241,3,122561.0,182164.0,179513.0,-2651.0,-1224.000000000001,-1427.0,300,100,0,100,0,BT_DIPPING,1,-793.0000000000007,0.03597009179584776
20260514,v39,0.0,,241,5,204792.0,182164.0,181396.0,-768.0,-1224.000000000001,456.0,300,100,0,100,0,BT_DIPPING,2,1088.9999999999986,0.02163319712431444
20260514,v39,0.01,,241,5,204791.0,182164.0,181393.0,-771.0,-1224.000000000001,453.0,300,100,0,100,0,BT_DIPPING,2,1088.9999999999986,0.021638778263981084
20260515,v51,0.0,,241,4,157037.0,180002.0,173407.0,-6595.0,-5112.0,-1483.0,200,0,0,0,0,IDLE,2,-1482.9999999999984,0.04868965669890879
20260515,v51,0.01,,241,4,157037.0,180002.0,173403.0,-6599.0,-5112.0,-1487.0,200,0,0,0,0,IDLE,2,-1487.0000000000005,0.04871179087629207
20260515,v39,0.0,,241,5,193427.0,180002.0,171650.0,-8352.0,-5112.0,-3240.0,300,100,0,100,0,BT_DIPPING,2,-838.9999999999986,0.060669780207618595
20260515,v39,0.01,,241,5,193427.0,180002.0,171646.0,-8356.0,-5112.0,-3244.0,300,100,0,100,0,BT_DIPPING,2,-838.9999999999986,0.06068638084065603
20260518,v51,0.0,,241,3,116299.0,173600.0,178293.0,4693.0,6296.000000000004,-1603.0,100,-100,100,0,0,IDLE,1,345.00000000000455,0.0037982342132388824
20260518,v51,0.01,,241,3,116297.0,173600.0,178291.0,4691.0,6296.000000000004,-1605.0,100,-100,100,0,0,IDLE,1,343.9999999999998,0.003798276770008213
20260518,v39,0.0,,241,3,154786.0,173600.0,179754.0,6154.0,6296.000000000004,-142.0,200,0,0,0,0,IDLE,1,-141.9999999999959,0.00752597460261073
20260518,v39,0.01,,241,3,154784.0,173600.0,179752.0,6152.0,6296.000000000004,-144.0,200,0,0,0,0,IDLE,1,-141.9999999999959,0.0075260581437943674
20260519,v51,0.0,,241,4,155446.0,179098.0,179230.0,132.0,481.99999999999363,-350.0,200,0,0,0,0,DONE,2,-350.0,0.03076071922544954
20260519,v51,0.01,,241,4,155446.0,179098.0,179226.0,128.0,481.99999999999363,-354.0,200,0,0,0,0,DONE,2,-353.99999999999636,0.030766762380565083
20260519,v39,0.0,,241,4,155446.0,179098.0,179230.0,132.0,481.99999999999363,-350.0,200,0,0,0,0,IDLE,2,-350.0,0.03076071922544954
20260519,v39,0.01,,241,4,155446.0,179098.0,179226.0,128.0,481.99999999999363,-354.0,200,0,0,0,0,IDLE,2,-350.0,0.030766762380565083
20260520,v51,0.0,,241,4,156241.0,179380.0,180455.0,1075.0,210.00000000000227,865.0,200,0,0,0,0,DONE,2,865.0000000000034,0.015445712057212901
20260520,v51,0.01,,241,4,156241.0,179380.0,180451.0,1071.0,210.00000000000227,861.0,200,0,0,0,0,DONE,2,861.000000000007,0.015446051424585105
20260520,v39,0.0,,241,4,156364.0,179380.0,180578.0,1198.0,210.00000000000227,988.0,200,0,0,0,0,BT_DIPPING,2,987.9999999999995,0.015435283785267373
20260520,v39,0.01,,241,4,156364.0,179380.0,180574.0,1194.0,210.00000000000227,984.0,200,0,0,0,0,BT_DIPPING,2,987.9999999999995,0.015435622694537132
20260521,v51,0.0,,241,4,154958.0,179590.0,176358.0,-3232.0,-4429.999999999995,1198.0,200,0,0,0,0,IDLE,2,1197.9999999999964,0.02071108042802905
20260521,v51,0.01,,241,4,155689.0,179590.0,175229.0,-4361.0,-4429.999999999995,69.0,200,0,0,0,0,IDLE,2,69.00000000000546,0.03535453833338853
20260521,v39,0.0,,241,5,193068.0,179590.0,173876.0,-5714.0,-4429.999999999995,-1284.0,300,100,0,100,0,BT_DIPPING,2,-356.0000000000002,0.034952731969668305
20260521,v39,0.01,,241,5,193068.0,179590.0,173872.0,-5718.0,-4429.999999999995,-1288.0,300,100,0,100,0,BT_DIPPING,2,-356.0000000000002,0.03497500194862313
20260522,v51,0.0,,241,4,153458.0,176000.0,178654.0,2654.0,1732.000000000005,922.0,200,0,0,0,0,DONE,2,922.0000000000027,0.017165167051854557
20260522,v51,0.01,,241,4,153457.0,176000.0,178651.0,2651.0,1732.000000000005,919.0,200,0,0,0,0,DONE,2,918.9999999999998,0.017165359631113097
20260522,v39,0.0,,241,3,115130.0,176000.0,177956.0,1956.0,1732.000000000005,224.0,100,-100,100,0,0,SOLD,1,390.0000000000034,0.013323414040308346
20260522,v39,0.01,,241,3,115129.0,176000.0,177953.0,1953.0,1732.000000000005,221.0,100,-100,100,0,0,SOLD,1,390.0000000000034,0.013329050002254372
20260525,v51,0.0,,241,4,153917.0,177732.0,177947.0,215.0,-526.0000000000105,741.0,200,0,0,0,0,DONE,2,740.9999999999968,0.016924358022190722
20260525,v51,0.01,,241,4,153917.0,177732.0,177943.0,211.0,-526.0000000000105,737.0,200,0,0,0,0,DONE,2,737.0000000000005,0.016935610919811883
20260525,v39,0.0,,241,4,153917.0,177732.0,177947.0,215.0,-526.0000000000105,741.0,200,0,0,0,0,IDLE,2,431.9999999999993,0.016924358022190722
20260525,v39,0.01,,241,4,153917.0,177732.0,177943.0,211.0,-526.0000000000105,737.0,200,0,0,0,0,IDLE,2,431.9999999999993,0.016935610919811883
20260526,v51,0.0,,241,3,112592.0,176800.0,170751.0,-6049.0,-4013.9999999999986,-2035.0,300,100,0,100,0,BT_DIPPING,1,-673.0000000000018,0.04342760180995475
20260526,v51,0.01,,241,3,112593.0,176800.0,170748.0,-6052.0,-4013.9999999999986,-2038.0,300,100,0,100,0,BT_DIPPING,1,-675.0,0.04344457013574665
20260526,v39,0.0,,241,5,185716.0,176800.0,171221.0,-5579.0,-4013.9999999999986,-1565.0,300,100,0,100,0,BT_DIPPING,2,-202.99999999999727,0.04076923076923078
20260526,v39,0.01,,241,5,185716.0,176800.0,171217.0,-5583.0,-4013.9999999999986,-1569.0,300,100,0,100,0,BT_DIPPING,2,-202.99999999999727,0.04079185520361994
20260527,v51,0.0,,241,4,145694.0,172598.0,174054.0,1456.0,622.0000000000027,834.0,200,0,0,0,0,DONE,2,833.9999999999975,0.008771426933440352
20260527,v51,0.01,,241,4,145692.0,172598.0,174052.0,1454.0,622.0000000000027,832.0,200,0,0,0,0,DONE,2,831.9999999999993,0.008771527507051569
20260527,v39,0.0,,241,4,145978.0,172598.0,174030.0,1432.0,622.0000000000027,810.0,200,0,0,0,0,BT_DIPPING,2,810.0000000000023,0.008388088112192826
20260527,v39,0.01,,241,4,145976.0,172598.0,174028.0,1430.0,622.0000000000027,808.0,200,0,0,0,0,BT_DIPPING,2,810.0000000000023,0.008388184299245482
20260528,v51,0.0,,241,4,142895.0,172132.0,173469.0,1337.0,1977.9999999999973,-641.0,200,0,0,0,0,FORCED,2,-641.0000000000025,0.013727836776427416
20260528,v51,0.01,,241,4,142894.0,172132.0,173466.0,1334.0,1977.9999999999973,-644.0,200,0,0,0,0,FORCED,2,-643.9999999999998,0.013739455766504816
20260528,v39,0.0,,241,4,142791.0,172132.0,174085.0,1953.0,1977.9999999999973,-25.0,200,0,0,0,0,IDLE,2,-25.0,0.012380033927451017
20260528,v39,0.01,,241,4,142791.0,172132.0,174081.0,1949.0,1977.9999999999973,-29.0,200,0,0,0,0,IDLE,2,-25.0,0.012391652917528417
20260529,v51,0.0,,241,4,148300.0,173994.0,181316.0,7322.0,6567.9999999999945,754.0,200,0,0,0,0,DONE,2,754.000000000002,0.016766033136796366
20260529,v51,0.01,,241,4,148298.0,173994.0,181314.0,7320.0,6567.9999999999945,752.0,200,0,0,0,0,DONE,2,752.0000000000039,0.016766217225174573
20260529,v39,0.0,,241,4,150504.0,173994.0,178118.0,4124.0,6567.9999999999945,-2444.0,200,0,0,0,0,IDLE,2,260.0000000000023,0.009982317038389144
20260529,v39,0.01,,241,4,150502.0,173994.0,178116.0,4122.0,6567.9999999999945,-2446.0,200,0,0,0,0,IDLE,2,260.0000000000023,0.009988021219553889
20260601,v51,0.0,,241,4,150957.0,179998.0,173965.0,-6033.0,-5682.0000000000055,-351.0,200,0,0,0,0,DONE,2,-350.9999999999934,0.043828264758497326
20260601,v51,0.01,,241,4,150957.0,179998.0,173961.0,-6037.0,-5682.0000000000055,-355.0,200,0,0,0,0,DONE,2,-354.99999999998977,0.04384493161035119
20260601,v39,0.0,,241,5,187730.0,179998.0,173338.0,-6660.0,-5682.0000000000055,-978.0,300,100,0,100,0,BT_DIPPING,2,-308.9999999999975,0.043828264758497326
20260601,v39,0.01,,241,5,187730.0,179998.0,173334.0,-6664.0,-5682.0000000000055,-982.0,300,100,0,100,0,BT_DIPPING,2,-308.9999999999975,0.04384493161035119
20260602,v51,0.0,,241,4,155917.0,174622.0,179715.0,5093.0,7125.999999999999,-2033.0,200,0,0,0,0,DONE,2,-2033.0000000000039,0.004179107822102179
20260602,v51,0.01,,241,4,155915.0,174622.0,179713.0,5091.0,7125.999999999999,-2035.0,200,0,0,0,0,DONE,2,-2035.000000000002,0.004179154645528094
20260602,v39,0.0,,241,3,152646.0,174622.0,181354.0,6732.0,7125.999999999999,-394.0,200,0,0,0,0,IDLE,1,-394.00000000000546,0.008338083582022815
20260602,v39,0.01,,241,3,152644.0,174622.0,181352.0,6730.0,7125.999999999999,-396.0,200,0,0,0,0,IDLE,1,-394.00000000000546,0.008338176778289408
20260603,v51,0.0,,241,4,175806.0,184600.0,187316.0,2716.0,4398.000000000002,-1682.0,200,0,0,0,0,FORCED,2,-1682.000000000005,0.0026232445055823783
20260603,v51,0.01,,241,4,175804.0,184600.0,187314.0,2714.0,4398.000000000002,-1684.0,200,0,0,0,0,FORCED,2,-1684.0000000000032,0.0026339081011335086
20260603,v39,0.0,,241,3,131434.0,184600.0,187189.0,2589.0,4398.000000000002,-1809.0,100,-100,100,0,0,SOLD,1,0.0,0.0026232445055823783
20260603,v39,0.01,,241,3,131432.0,184600.0,187187.0,2587.0,4398.000000000002,-1811.0,100,-100,100,0,0,SOLD,1,0.0,0.0026339081011335086
20260604,v51,0.0,,241,4,182639.0,186980.0,191815.0,4835.0,4198.000000000002,637.0,200,0,0,0,0,DONE,2,637.0000000000005,0.0039229968782518165
20260604,v51,0.01,,241,4,182637.0,186980.0,191813.0,4833.0,4198.000000000002,635.0,200,0,0,0,0,DONE,2,635.0000000000023,0.003933402705515121
20260604,v39,0.0,,241,4,182639.0,186980.0,191815.0,4835.0,4198.000000000002,637.0,200,0,0,0,0,IDLE,2,361.00000000000136,0.0039229968782518165
20260604,v39,0.01,,241,4,182637.0,186980.0,191813.0,4833.0,4198.000000000002,635.0,200,0,0,0,0,IDLE,2,361.00000000000136,0.003933402705515121
20260605,v51,0.0,,241,4,186205.0,191190.0,189417.0,-1773.0,-2855.9999999999945,1083.0,200,0,0,0,0,DONE,2,1082.9999999999984,0.028408095095724617
20260605,v51,0.01,,241,4,186203.0,191190.0,189415.0,-1775.0,-2855.9999999999945,1081.0,200,0,0,0,0,DONE,2,1081.0000000000002,0.028413396359662446
20260605,v39,0.0,,241,4,188747.0,191190.0,189387.0,-1803.0,-2855.9999999999945,1053.0,200,0,0,0,0,BT_DIPPING,2,1052.9999999999973,0.03653885480572594
20260605,v39,0.01,,241,4,188745.0,191190.0,189385.0,-1805.0,-2855.9999999999945,1051.0,200,0,0,0,0,BT_DIPPING,2,1052.9999999999973,0.0365490797546012
20260608,v51,0.0,,241,4,164149.0,181200.0,187313.0,6113.0,6860.000000000002,-747.0,200,0,0,0,0,FORCED,2,-747.0000000000027,0.032242412859401215
20260608,v51,0.01,,241,4,164148.0,181200.0,187310.0,6110.0,6860.000000000002,-750.0,200,0,0,0,0,FORCED,2,-750.0,0.03224291751447805
20260608,v39,0.0,,241,2,81701.0,181200.0,181701.0,501.0,6860.000000000002,-6359.0,0,-200,200,0,0,SOLD,0,0.0,0.014084201153232168
20260608,v39,0.01,,241,2,81699.0,181200.0,181699.0,499.0,6860.000000000002,-6361.0,0,-200,200,0,0,SOLD,0,0.0,0.014089630683360665
20260609,v51,0.0,,241,4,187462.0,190800.0,198148.0,7348.0,6065.999999999996,1282.0,200,0,0,0,0,DONE,2,1282.000000000005,0.017167249853775712
20260609,v51,0.01,,241,4,187460.0,190800.0,198146.0,7346.0,6065.999999999996,1280.0,200,0,0,0,0,DONE,2,1280.0000000000068,0.017177511210532237
20260609,v39,0.0,,241,4,187462.0,190800.0,198148.0,7348.0,6065.999999999996,1282.0,200,0,0,0,0,IDLE,2,1282.000000000005,0.017167249853775712
20260609,v39,0.01,,241,4,187460.0,190800.0,198146.0,7346.0,6065.999999999996,1280.0,200,0,0,0,0,IDLE,2,1282.000000000005,0.017177511210532237
20260610,v51,0.0,,241,3,144720.0,196400.0,187529.0,-8871.0,-5862.0,-3009.0,300,100,0,100,0,BT_DIPPING,1,421.99999999999704,0.06543685016522927
20260610,v51,0.01,,241,3,144720.0,196400.0,187527.0,-8873.0,-5862.0,-3011.0,300,100,0,100,0,BT_DIPPING,1,420.99999999999795,0.0654469251229145
20260610,v39,0.0,,241,5,237222.0,196400.0,188211.0,-8189.0,-5862.0,-2327.0,300,100,0,100,0,BT_DIPPING,2,1103.9999999999964,0.06200128959458373
20260610,v39,0.01,,241,5,237221.0,196400.0,188208.0,-8192.0,-5862.0,-2330.0,300,100,0,100,0,BT_DIPPING,2,1103.9999999999964,0.06201640203111147
20260611,v51,0.0,,241,4,179406.0,188736.0,189852.0,1116.0,-234.00000000000318,1350.0,200,0,0,0,0,IDLE,2,1350.0000000000057,0.023241777967398014
20260611,v51,0.01,,241,4,179405.0,188736.0,189849.0,1113.0,-234.00000000000318,1347.0,200,0,0,0,0,IDLE,2,1347.0000000000084,0.02324722287260339
20260611,v39,0.0,,241,5,223822.0,188736.0,189321.0,585.0,-234.00000000000318,819.0,300,100,0,0,0,BT_DIPPING,2,968.0000000000007,0.03152494575877873
20260611,v39,0.01,,241,5,223821.0,188736.0,189318.0,582.0,-234.00000000000318,816.0,300,100,0,0,0,BT_DIPPING,2,968.0000000000007,0.03153047685943966
20260612,v51,0.0,,241,4,179500.0,191302.0,187200.0,-4102.0,-4001.999999999998,-100.0,200,0,0,0,0,DONE,2,-100.0,0.0358386216558112
20260612,v51,0.01,,241,4,179500.0,191302.0,187196.0,-4106.0,-4001.999999999998,-104.0,200,0,0,0,0,DONE,2,-103.99999999999636,0.035854303666454035
20260612,v39,0.0,,241,5,221501.0,191302.0,185207.0,-6095.0,-4001.999999999998,-2093.0,300,100,0,100,0,BT_DIPPING,2,-800.0,0.0358386216558112
20260612,v39,0.01,,241,5,221501.0,191302.0,185203.0,-6099.0,-4001.999999999998,-2097.0,300,100,0,100,0,BT_DIPPING,2,-800.0,0.035854303666454035
20260615,v51,0.0,,241,4,171219.0,188000.0,191279.0,3279.0,2060.0000000000023,1219.0,200,0,0,0,0,DONE,2,1218.9999999999998,0.025311753780843715
20260615,v51,0.01,,241,4,171219.0,188000.0,191275.0,3275.0,2060.0000000000023,1215.0,200,0,0,0,0,DONE,2,1215.0000000000034,0.0253223666755108
20260615,v39,0.0,,241,4,171219.0,188000.0,191279.0,3279.0,2060.0000000000023,1219.0,200,0,0,0,0,IDLE,2,1218.9999999999998,0.025311753780843715
20260615,v39,0.01,,241,4,171219.0,188000.0,191275.0,3275.0,2060.0000000000023,1215.0,200,0,0,0,0,IDLE,2,1218.9999999999998,0.0253223666755108
20260616,v51,0.0,,241,4,185982.0,190062.0,193518.0,3456.0,2758.000000000004,698.0,200,0,0,0,0,DONE,2,697.9999999999961,0.0061094555018554875
20260616,v51,0.01,,241,4,185980.0,190062.0,193516.0,3454.0,2758.000000000004,696.0,200,0,0,0,0,DONE,2,695.999999999998,0.006109518392892976
20260616,v39,0.0,,241,4,185667.0,190062.0,193945.0,3883.0,2758.000000000004,1125.0,200,0,0,0,0,IDLE,2,1125.0,0.012144154282937358
20260616,v39,0.01,,241,4,185665.0,190062.0,193943.0,3881.0,2758.000000000004,1123.0,200,0,0,0,0,IDLE,2,1125.0,0.01214427853061395
20260617,v51,0.0,,241,4,183732.0,190402.0,191742.0,1340.0,1698.0000000000018,-358.0,200,0,0,0,0,DONE,2,-357.9999999999984,0.007155103678650909
20260617,v51,0.01,,241,4,183730.0,190402.0,191740.0,1338.0,1698.0000000000018,-360.0,200,0,0,0,0,DONE,2,-359.9999999999966,0.007160352285163429
20260617,v39,0.0,,241,4,182625.0,190402.0,191535.0,1133.0,1698.0000000000018,-565.0,200,0,0,0,0,IDLE,2,-564.9999999999977,0.02335034294686389
20260617,v39,0.01,,241,4,182624.0,190402.0,191532.0,1130.0,1698.0000000000018,-568.0,200,0,0,0,0,IDLE,2,-564.9999999999977,0.02336079332696328
20260618,v51,0.0,,241,4,186917.0,191000.0,194793.0,3793.0,3310.0000000000023,483.0,200,0,0,0,0,IDLE,2,483.0000000000041,0.0068957709368985265
20260618,v51,0.01,,241,4,186915.0,191000.0,194791.0,3791.0,3310.0000000000023,481.0,200,0,0,0,0,IDLE,2,481.0000000000059,0.00689580642339227
20260618,v39,0.0,,241,4,186295.0,191000.0,194171.0,3171.0,3310.0000000000023,-139.0,200,0,0,0,0,IDLE,2,342.0000000000016,0.006218389851587736
20260618,v39,0.01,,241,4,186293.0,191000.0,194169.0,3169.0,3310.0000000000023,-141.0,200,0,0,0,0,IDLE,2,342.0000000000016,0.006223571843130715
20260622,v51,0.0,,241,1,50383.0,198956.0,202254.0,3298.0,4786.000000000013,-1488.0,100,-100,100,0,0,SPIKING,0,0.0,0.008406266669300777
20260622,v51,0.01,,241,1,50382.0,198956.0,202253.0,3297.0,4786.000000000013,-1489.0,100,-100,100,0,0,SPIKING,0,0.0,0.008411205721397974
20260622,v39,0.0,,241,1,50383.0,198956.0,202254.0,3298.0,4786.000000000013,-1488.0,100,-100,100,0,0,SPIKING,0,0.0,0.008406266669300777
20260622,v39,0.01,,241,1,50382.0,198956.0,202253.0,3297.0,4786.000000000013,-1489.0,100,-100,100,0,0,SPIKING,0,0.0,0.008411205721397974
20260623,v51,0.0,,241,4,222124.0,211000.0,215652.0,4652.0,3116.000000000008,1536.0,200,0,0,0,0,IDLE,2,1536.0000000000014,0.027997305270982875
20260623,v51,0.01,,241,4,222124.0,211000.0,215648.0,4648.0,3116.000000000008,1532.0,200,0,0,0,0,IDLE,2,1532.000000000005,0.028006727561630584
20260623,v39,0.0,,241,4,222124.0,211000.0,215652.0,4652.0,3116.000000000008,1536.0,200,0,0,0,0,IDLE,2,1536.0000000000014,0.027997305270982875
20260623,v39,0.01,,241,4,222124.0,211000.0,215648.0,4648.0,3116.000000000008,1532.0,200,0,0,0,0,IDLE,2,1536.0000000000014,0.028006727561630584
20260624,v51,0.0,,241,4,232337.0,211640.0,218707.0,7066.999999999985,4359.999999999991,2707.0,200,0,0,0,0,DONE,2,2706.9999999999936,0.013238251965624448
20260624,v51,0.01,,241,4,232335.0,211640.0,218705.0,7064.999999999985,4359.999999999991,2705.0,200,0,0,0,0,DONE,2,2704.9999999999955,0.01324739440482725
20260624,v39,0.0,,241,3,173576.0,211640.0,217946.0,6305.999999999985,4359.999999999991,1946.0,300,100,0,100,0,BT_SPIKING,1,0.0,0.02860212104589499
20260624,v39,0.01,,241,3,173576.0,211640.0,217944.0,6303.999999999985,4359.999999999991,1944.0,300,100,0,100,0,BT_SPIKING,1,0.0,0.028611263485097793
20260625,v51,0.0,,241,4,233528.0,219600.0,213558.0,-6042.0,-4600.0,-1442.0,200,0,0,0,0,FORCED,2,-1442.0000000000073,0.03533697632058286
20260625,v51,0.01,,241,4,233527.0,219600.0,213555.0,-6045.0,-4600.0,-1445.0,200,0,0,0,0,FORCED,2,-1445.0000000000045,0.03535063752276868
20260625,v39,0.0,,241,4,231043.0,219600.0,216043.0,-3557.0,-4600.0,1043.0,200,0,0,0,0,IDLE,2,1042.999999999995,0.034594717668488206
20260625,v39,0.01,,241,4,231043.0,219600.0,216039.0,-3561.0,-4600.0,1039.0,200,0,0,0,0,IDLE,2,1042.999999999995,0.034603825136611976
20260626,v51,0.0,,241,4,225997.0,213014.0,208135.0,-4879.000000000015,-4414.00000000001,-465.0,200,0,0,0,0,FORCED,2,-464.9999999999977,0.04006347610803973
20260626,v51,0.01,,241,4,225996.0,213014.0,208132.0,-4882.000000000015,-4414.00000000001,-468.0,200,0,0,0,0,FORCED,2,-467.999999999995,0.04007296994178222
20260626,v39,0.0,,241,3,228200.0,213014.0,208800.0,-4214.000000000015,-4414.00000000001,200.0,200,0,0,0,0,BT_DIPPING,1,200.0,0.03696878315742447
20260626,v39,0.01,,241,3,228198.0,213014.0,208798.0,-4216.000000000015,-4414.00000000001,198.0,200,0,0,0,0,BT_DIPPING,1,200.0,0.03697360889414236
20260629,v51,0.0,,241,4,209753.0,208600.0,205357.0,-3243.0,-3179.9999999999955,-63.0,200,0,0,0,0,IDLE,2,-62.999999999999545,0.057448423049561326
20260629,v51,0.01,,241,4,209753.0,208600.0,205353.0,-3247.0,-3179.9999999999955,-67.0,200,0,0,0,0,IDLE,2,-66.99999999999591,0.057462923703693214
20260629,v39,0.0,,241,4,211431.0,208600.0,205099.0,-3501.0,-3179.9999999999955,-321.0,200,0,0,0,0,BT_DIPPING,2,750.0,0.05867204173583118
20260629,v39,0.01,,241,4,211431.0,208600.0,205095.0,-3505.0,-3179.9999999999955,-325.0,200,0,0,0,0,BT_DIPPING,2,750.0,0.058686548193256804
20260630,v51,0.0,,241,4,213029.0,208000.0,209011.0,1011.0,1179.9999999999955,-169.0,200,0,0,0,0,IDLE,2,-169.00000000000546,0.027000395104512243
20260630,v51,0.01,,241,4,213029.0,208000.0,209007.0,1007.0,1179.9999999999955,-173.0,200,0,0,0,0,IDLE,2,-173.00000000000182,0.027005283952968084
20260630,v39,0.0,,241,4,213029.0,208000.0,209011.0,1011.0,1179.9999999999955,-169.0,200,0,0,0,0,IDLE,2,-169.00000000000546,0.027000395104512243
20260630,v39,0.01,,241,4,213029.0,208000.0,209007.0,1007.0,1179.9999999999955,-173.0,200,0,0,0,0,IDLE,2,-169.00000000000546,0.027005283952968084
20260701,v51,0.0,,241,4,212538.0,207000.0,201254.0,-5746.0,-5298.000000000002,-448.0,200,0,0,0,0,IDLE,2,-447.99999999999045,0.04003846153846158
20260701,v51,0.01,,241,4,212537.0,207000.0,201251.0,-5749.0,-5298.000000000002,-451.0,200,0,0,0,0,IDLE,2,-450.9999999999991,0.04005288461538459
20260701,v39,0.0,,241,5,265517.0,207000.0,199126.0,-7874.0,-5298.000000000002,-2576.0,300,100,0,0,0,BT_DIPPING,2,-447.99999999999045,0.05407211538461543
20260701,v39,0.01,,241,5,265517.0,207000.0,199122.0,-7878.0,-5298.000000000002,-2580.0,300,100,0,0,0,BT_DIPPING,2,-447.99999999999045,0.05409134615384614
20260702,v51,0.0,,241,4,190259.0,196002.0,194413.0,-1589.0,-3127.9999999999973,1539.0,200,0,0,0,0,DONE,2,1538.9999999999986,0.03315953598602972
20260702,v51,0.01,,241,4,190259.0,196002.0,194409.0,-1593.0,-3127.9999999999973,1535.0,200,0,0,0,0,DONE,2,1535.0000000000023,0.03316019778366541
20260702,v39,0.0,,241,4,190328.0,196002.0,194482.0,-1520.0,-3127.9999999999973,1608.0,200,0,0,0,0,IDLE,2,1607.9999999999984,0.03314812413339052
20260702,v39,0.01,,241,4,190328.0,196002.0,194478.0,-1524.0,-3127.9999999999973,1604.0,200,0,0,0,0,IDLE,2,1607.9999999999984,0.03314878547558486
20260703,v51,0.0,,241,4,185795.0,192000.0,195629.0,3629.0,3015.999999999997,613.0,200,0,0,0,0,DONE,2,612.9999999999939,0.018562161130010524
20260703,v51,0.01,,241,4,185793.0,192000.0,195627.0,3627.0,3015.999999999997,611.0,200,0,0,0,0,DONE,2,610.9999999999957,0.018562347679706548
20260703,v39,0.0,,241,4,186781.0,192000.0,196709.0,4709.0,3015.999999999997,1693.0,200,0,0,0,0,IDLE,2,1692.999999999995,0.018461969043466087
20260703,v39,0.01,,241,4,186781.0,192000.0,196705.0,4705.0,3015.999999999997,1689.0,200,0,0,0,0,IDLE,2,1692.999999999995,0.018462338129676237
20260706,v51,0.0,,241,3,142679.0,197800.0,183705.0,-14095.0,-9412.0,-4683.0,300,100,0,100,0,BT_DIPPING,1,-987.9999999999995,0.09009605662285136
20260706,v51,0.01,,241,3,142680.0,197800.0,183702.0,-14098.0,-9412.0,-4686.0,300,100,0,100,0,BT_DIPPING,1,-989.9999999999977,0.09011122345803846
20260706,v39,0.0,,241,5,232676.0,197800.0,185314.0,-12486.0,-9412.0,-3074.0,300,100,0,100,0,BT_DIPPING,2,-987.9999999999995,0.07568250758341755
20260706,v39,0.01,,241,5,232676.0,197800.0,185310.0,-12490.0,-9412.0,-3078.0,300,100,0,100,0,BT_DIPPING,2,-987.9999999999995,0.07570273003033368
20260707,v51,0.0,,241,4,175653.0,187000.0,186925.0,-75.0,-1167.999999999995,1093.0,200,0,0,0,0,DONE,2,1093.0000000000007,0.02014351859218122
20260707,v51,0.01,,241,4,175651.0,187000.0,186923.0,-77.0,-1167.999999999995,1091.0,200,0,0,0,0,DONE,2,1090.9999999999968,0.020148929173782526
20260707,v39,0.0,,241,4,175653.0,187000.0,186925.0,-75.0,-1167.999999999995,1093.0,200,0,0,0,0,BT_DIPPING,2,1093.0000000000007,0.02014351859218122
20260707,v39,0.01,,241,4,175651.0,187000.0,186923.0,-77.0,-1167.999999999995,1091.0,200,0,0,0,0,BT_DIPPING,2,1093.0000000000007,0.020148929173782526
20260708,v51,0.0,,241,3,128077.0,186862.0,179643.0,-7219.0,-4862.0,-2357.0,300,100,0,100,0,BT_DIPPING,1,-690.9999999999968,0.04181160428551556
20260708,v51,0.01,,241,3,128078.0,186862.0,179640.0,-7222.0,-4862.0,-2360.0,300,100,0,100,0,BT_DIPPING,1,-693.0000000000007,0.041827658914064925
20260708,v39,0.0,,241,5,210390.0,186862.0,179956.0,-6906.0,-4862.0,-2044.0,300,100,0,100,0,BT_DIPPING,2,-690.9999999999968,0.04181160428551556
20260708,v39,0.01,,241,5,210390.0,186862.0,179952.0,-6910.0,-4862.0,-2048.0,300,100,0,100,0,BT_DIPPING,2,-690.9999999999968,0.041827658914064925
20260709,v51,0.0,,241,4,165748.0,183760.0,189408.0,5648.0,4491.999999999996,1156.0,200,0,0,0,0,IDLE,2,1156.000000000006,0.018547190853084206
20260709,v51,0.01,,241,4,165746.0,183760.0,189406.0,5646.0,4491.999999999996,1154.0,200,0,0,0,0,IDLE,2,1154.000000000002,0.01855801816823477
20260709,v39,0.0,,241,5,206693.0,183760.0,192081.0,8321.0,4491.999999999996,3829.0,300,100,0,100,0,BT_SPIKING,2,1142.0000000000016,0.026045106594917655
20260709,v39,0.01,,241,5,206692.0,183760.0,192078.0,8318.0,4491.999999999996,3826.0,300,100,0,100,0,BT_SPIKING,2,1142.0000000000016,0.026061347567643667
20260710,v51,0.0,,241,4,178998.0,188252.0,184068.0,-4184.0,-5246.000000000004,1062.0,200,0,0,0,0,DONE,2,1061.9999999999948,0.035869929601072714
20260710,v51,0.01,,241,4,178996.0,188252.0,184066.0,-4186.0,-5246.000000000004,1060.0,200,0,0,0,0,DONE,2,1059.9999999999966,0.0358703053794982
20260710,v39,0.0,,241,4,178998.0,188252.0,184068.0,-4184.0,-5246.000000000004,1062.0,200,0,0,0,0,BT_DIPPING,2,1061.9999999999948,0.035869929601072714
20260710,v39,0.01,,241,4,178996.0,188252.0,184066.0,-4186.0,-5246.000000000004,1060.0,200,0,0,0,0,BT_DIPPING,2,1061.9999999999948,0.0358703053794982
20260713,v51,0.0,,241,4,160949.0,181120.0,176361.0,-4759.0,-4746.000000000004,-13.0,200,0,0,0,0,IDLE,2,-12.999999999999545,0.039380022962112515
20260713,v51,0.01,,241,4,160949.0,181120.0,176357.0,-4763.0,-4746.000000000004,-17.0,200,0,0,0,0,IDLE,2,-16.999999999995907,0.03939663985916497
20260713,v39,0.0,,241,4,160949.0,181120.0,176361.0,-4759.0,-4746.000000000004,-13.0,200,0,0,0,0,BT_DIPPING,2,-12.999999999999545,0.039380022962112515
20260713,v39,0.01,,241,4,160949.0,181120.0,176357.0,-4763.0,-4746.000000000004,-17.0,200,0,0,0,0,BT_DIPPING,2,-12.999999999999545,0.03939663985916497
20260714,v51,0.0,,241,3,153404.0,176372.0,180048.0,3676.0,3663.9999999999986,12.0,200,0,0,0,0,DONE,1,11.99999999999477,0.01688777582239065
20260714,v51,0.01,,241,3,153402.0,176372.0,180046.0,3674.0,3663.9999999999986,10.0,200,0,0,0,0,DONE,1,9.99999999999659,0.01689905690176441
20260714,v39,0.0,,241,4,152678.0,176372.0,180774.0,4402.0,3663.9999999999986,738.0,200,0,0,0,0,IDLE,2,737.9999999999995,0.011902683032621098
20260714,v39,0.01,,241,4,152677.0,176372.0,180771.0,4399.0,3663.9999999999986,735.0,200,0,0,0,0,IDLE,2,737.9999999999995,0.011908450267855586
20260715,v51,0.0,,241,2,85133.0,188040.0,185047.0,-2993.0,-2950.0,-43.0,400,200,0,200,0,BT_BOUGHT,0,0.0,0.024186343331206173
20260715,v51,0.01,,241,2,85135.0,188040.0,185045.0,-2995.0,-2950.0,-45.0,400,200,0,200,0,BT_BOUGHT,0,0.0,0.02419166134864925
20260715,v39,0.0,,241,2,85133.0,188040.0,185047.0,-2993.0,-2950.0,-43.0,400,200,0,200,0,BT_BOUGHT,0,0.0,0.024186343331206173
20260715,v39,0.01,,241,2,85135.0,188040.0,185045.0,-2995.0,-2950.0,-45.0,400,200,0,200,0,BT_BOUGHT,0,0.0,0.02419166134864925
20260716,v51,0.0,,241,4,158544.0,178240.0,181332.0,3092.0,2108.000000000004,984.0,200,0,0,0,0,DONE,2,984.0000000000089,0.01657011695267241
20260716,v51,0.01,,241,4,158544.0,178240.0,181328.0,3088.0,2108.000000000004,980.0,200,0,0,0,0,DONE,2,979.9999999999955,0.016575853795832263
20260716,v39,0.0,,241,4,158831.0,178240.0,180009.0,1769.0,2108.000000000004,-339.0,200,0,0,0,0,IDLE,2,190.0000000000034,0.008256327731417712
20260716,v39,0.01,,241,4,158829.0,178240.0,180007.0,1767.0,2108.000000000004,-341.0,200,0,0,0,0,IDLE,2,190.0000000000034,0.0082564190478297
20260717,v51,0.0,,241,4,149429.0,177000.0,171011.0,-5989.0,-4686.000000000002,-1303.0,200,0,0,0,0,IDLE,2,-1302.9999999999973,0.03547095318668925
20260717,v51,0.01,,241,4,149429.0,177000.0,171007.0,-5993.0,-4686.000000000002,-1307.0,200,0,0,0,0,IDLE,2,-1306.9999999999993,0.035493513818386946
20260717,v39,0.0,,241,4,149429.0,177000.0,171011.0,-5989.0,-4686.000000000002,-1303.0,200,0,0,0,0,BT_DIPPING,2,-1302.9999999999973,0.03547095318668925
20260717,v39,0.01,,241,4,149429.0,177000.0,171007.0,-5993.0,-4686.000000000002,-1307.0,200,0,0,0,0,BT_DIPPING,2,-1302.9999999999973,0.035493513818386946
20260720,v51,0.0,,241,4,144890.0,174140.0,177414.0,3274.0,2260.0000000000023,1014.0,200,0,0,0,0,DONE,2,1013.9999999999986,0.042959682088235085
20260720,v51,0.01,,241,4,144890.0,174140.0,177410.0,3270.0,2260.0000000000023,1010.0,200,0,0,0,0,DONE,2,1010.0000000000023,0.042966027384940486
20260720,v39,0.0,,241,5,181828.0,174140.0,180052.0,5912.0,2260.0000000000023,3652.0,300,100,0,0,0,IDLE,2,1420.999999999998,0.05257129207901978
20260720,v39,0.01,,241,5,181828.0,174140.0,180048.0,5908.0,2260.0000000000023,3648.0,300,100,0,0,0,IDLE,2,1420.999999999998,0.052572433673718666
20260721,v51,0.0,,241,4,148431.0,175852.0,181315.0,5463.0,5424.000000000001,39.0,200,0,0,0,0,DONE,2,38.999999999998636,0.05898710279098329
20260721,v51,0.01,,241,4,148431.0,175852.0,181311.0,5459.0,5424.000000000001,35.0,200,0,0,0,0,DONE,2,34.99999999999659,0.05900416259126995
20260721,v39,0.0,,241,5,185976.0,175852.0,178222.0,2370.0,5424.000000000001,-3054.0,300,100,0,100,0,BT_SPIKING,2,-562.9999999999995,0.05898710279098329
20260721,v39,0.01,,241,5,185976.0,175852.0,178218.0,2366.0,5424.000000000001,-3058.0,300,100,0,100,0,BT_SPIKING,2,-562.9999999999995,0.05900416259126995
20260722,v51,0.0,,241,3,116480.0,177440.0,171315.0,-6125.0,-4229.999999999995,-1895.0,300,100,0,100,0,BT_DIPPING,1,300.0,0.04334059306416482
20260722,v51,0.01,,241,3,116480.0,177440.0,171313.0,-6127.0,-4229.999999999995,-1897.0,300,100,0,100,0,BT_DIPPING,1,299.0000000000009,0.043341077132709405
20260722,v39,0.0,,241,3,155775.0,177440.0,173785.0,-3655.0,-4229.999999999995,575.0,200,0,0,0,0,BT_DIPPING,1,575.0,0.029563032249057652
20260722,v39,0.01,,241,3,155773.0,177440.0,173783.0,-3657.0,-4229.999999999995,573.0,200,0,0,0,0,BT_DIPPING,1,575.0,0.02956336242761337
20260723,v51,0.0,,241,4,143615.0,173360.0,172327.0,-1033.0,-2136.0000000000014,1103.0,200,0,0,0,0,DONE,2,1103.0000000000086,0.026806004998498167
20260723,v51,0.01,,241,4,143615.0,173360.0,172323.0,-1037.0,-2136.0000000000014,1099.0,200,0,0,0,0,DONE,2,1099.000000000001,0.026806612675617347
20260723,v39,0.0,,241,4,143615.0,173360.0,172327.0,-1033.0,-2136.0000000000014,1103.0,200,0,0,0,0,BT_DIPPING,2,1103.0000000000086,0.026806004998498167
20260723,v39,0.01,,241,4,143615.0,173360.0,172323.0,-1037.0,-2136.0000000000014,1099.0,200,0,0,0,0,BT_DIPPING,2,1103.0000000000086,0.026806612675617347
20260724,v51,0.0,,241,3,103356.0,169200.0,165381.0,-3819.0,-2870.0000000000045,-949.0,300,100,0,100,0,BT_DIPPING,1,220.99999999999795,0.029554183651829713
20260724,v51,0.01,,241,3,103356.0,169200.0,165379.0,-3821.0,-2870.0000000000045,-951.0,300,100,0,100,0,BT_DIPPING,1,219.99999999999886,0.029560248593561322
20260724,v39,0.0,,241,4,138854.0,169200.0,166784.0,-2416.0,-2870.0000000000045,454.0,200,0,0,0,0,BT_DIPPING,2,220.99999999999795,0.02058262487341922
20260724,v39,0.01,,241,4,138852.0,169200.0,166782.0,-2418.0,-2870.0000000000045,452.0,200,0,0,0,0,BT_DIPPING,2,220.99999999999795,0.020582867235796276
20260727,v51,0.0,,241,4,129449.0,165200.0,167799.0,2599.0,1977.9999999999973,621.0,200,0,0,0,0,DONE,2,620.999999999998,0.020187729237134522
20260727,v51,0.01,,241,4,129449.0,165200.0,167795.0,2595.0,1977.9999999999973,617.0,200,0,0,0,0,DONE,2,617.0000000000016,0.020188209277302582
20260727,v39,0.0,,241,4,129449.0,165200.0,167799.0,2599.0,1977.9999999999973,621.0,200,0,0,0,0,IDLE,2,620.999999999998,0.020187729237134522
20260727,v39,0.01,,241,4,129449.0,165200.0,167795.0,2595.0,1977.9999999999973,617.0,200,0,0,0,0,IDLE,2,620.999999999998,0.020188209277302582
20260728,v51,0.0,,241,4,127904.0,164840.0,160254.0,-4586.0,-4379.999999999995,-206.0,200,0,0,0,0,IDLE,2,-205.99999999999454,0.03507366975957227
20260728,v51,0.01,,241,4,127903.0,164840.0,160251.0,-4589.0,-4379.999999999995,-209.0,200,0,0,0,0,IDLE,2,-208.9999999999975,0.03508592348173745
20260728,v39,0.0,,241,5,158251.0,164840.0,159791.0,-5049.0,-4379.999999999995,-669.0,300,100,0,100,0,BT_DIPPING,2,-565.9999999999968,0.03786149964775798
20260728,v39,0.01,,241,5,158251.0,164840.0,159787.0,-5053.0,-4379.999999999995,-673.0,300,100,0,100,0,BT_DIPPING,2,-565.9999999999968,0.03787979142330711
20260729,v51,0.0,,241,4,116350.0,160000.0,156290.0,-3710.0,-3660.0000000000023,-50.0,200,0,0,0,0,DONE,2,-50.0,0.03548234001099071
20260729,v51,0.01,,241,4,116350.0,160000.0,156286.0,-3714.0,-3660.0000000000023,-54.0,200,0,0,0,0,DONE,2,-53.99999999999636,0.03549527270910613
20260729,v39,0.0,,241,4,116350.0,160000.0,156290.0,-3710.0,-3660.0000000000023,-50.0,200,0,0,0,0,BT_DIPPING,2,-50.0,0.03548234001099071
20260729,v39,0.01,,241,4,116350.0,160000.0,156286.0,-3714.0,-3660.0000000000023,-54.0,200,0,0,0,0,BT_DIPPING,2,-50.0,0.03549527270910613
20260730,v51,0.0,,241,4,111120.0,156340.0,155612.0,-728.0,-3807.9999999999927,3080.0,200,0,0,0,0,DONE,2,3079.9999999999955,0.016457142857142837
20260730,v51,0.01,,241,4,111118.0,156340.0,155610.0,-730.0,-3807.9999999999927,3078.0,200,0,0,0,0,DONE,2,3077.9999999999973,0.0164698412698413
20260730,v39,0.0,,241,4,111270.0,156340.0,155762.0,-578.0,-3807.9999999999927,3230.0,200,0,0,0,0,BT_DIPPING,2,795.999999999998,0.015823447645524347
20260730,v39,0.01,,241,4,111268.0,156340.0,155760.0,-580.0,-3807.9999999999927,3228.0,200,0,0,0,0,BT_DIPPING,2,795.999999999998,0.01582364851569984
20260731,v51,0.0,,241,4,112911.0,157000.0,154967.0,-2033.0,-2700.0,667.0,200,0,0,0,0,DONE,2,666.9999999999959,0.02147529804000803
20260731,v51,0.01,,241,4,112911.0,157000.0,154963.0,-2037.0,-2700.0,663.0,200,0,0,0,0,DONE,2,662.9999999999995,0.021482019385596574
20260731,v39,0.0,,241,4,112911.0,157000.0,154967.0,-2033.0,-2700.0,667.0,200,0,0,0,0,BT_DIPPING,2,666.9999999999959,0.02147529804000803
20260731,v39,0.01,,241,4,112911.0,157000.0,154963.0,-2037.0,-2700.0,663.0,200,0,0,0,0,BT_DIPPING,2,666.9999999999959,0.021482019385596574
20260803,v51,0.0,,241,4,108099.0,154162.0,153525.0,-637.0,-1701.9999999999982,1065.0,200,0,0,0,0,DONE,2,1064.9999999999977,0.01690108236383636
20260803,v51,0.01,,241,4,108098.0,154162.0,153522.0,-640.0,-1701.9999999999982,1062.0,200,0,0,0,0,DONE,2,1062.0000000000005,0.0169140534561264
20260803,v39,0.0,,241,4,107738.0,154162.0,152374.0,-1788.0,-1701.9999999999982,-86.0,200,0,0,0,0,BT_DIPPING,2,-86.00000000000136,0.024303344845105546
20260803,v39,0.01,,241,4,107738.0,154162.0,152370.0,-1792.0,-1701.9999999999982,-90.0,200,0,0,0,0,BT_DIPPING,2,-86.00000000000136,0.024322794741851617
20260804,v51,0.0,,241,4,109975.0,153400.0,155717.0,2317.0,3400.0,-1083.0,200,0,0,0,0,DONE,2,-1083.000000000004,0.0026075619295958807
20260804,v51,0.01,,241,4,109973.0,153400.0,155715.0,2315.0,3400.0,-1085.0,200,0,0,0,0,DONE,2,-1085.0000000000023,0.0026075619295958807
20260804,v39,0.0,,241,4,109827.0,153400.0,157427.0,4027.0,3400.0,627.0,200,0,100,0,0,SOLD,1,0.0,0.010031617911675506
20260804,v39,0.01,,241,4,109826.0,153400.0,157424.0,4024.0,3400.0,624.0,200,0,100,0,0,SOLD,1,0.0,0.010044470721299659
20260805,v51,0.0,,241,4,118878.0,154000.0,156398.0,2398.0,8479.999999999996,-6082.0,200,0,0,0,0,FORCED,2,-6081.999999999994,0.0012899106002554062
20260805,v51,0.01,,241,4,118876.0,154000.0,156396.0,2396.0,8479.999999999996,-6084.0,200,0,0,0,0,FORCED,2,-6083.999999999992,0.0013026819923371846
20260805,v39,0.0,,241,3,87638.0,154000.0,156398.0,2398.0,8479.999999999996,-6082.0,100,-100,100,0,0,SOLD,1,0.0,0.0012899106002554062
20260805,v39,0.01,,241,3,87636.0,154000.0,156396.0,2396.0,8479.999999999996,-6084.0,100,-100,100,0,0,SOLD,1,0.0,0.0013026819923371846
20260806,v51,0.0,,241,4,129290.0,162112.0,163732.0,1620.0,3537.9999999999995,-1918.0,200,0,0,0,0,FORCED,2,-1917.999999999995,0.004454615544650209
20260806,v51,0.01,,241,4,129288.0,162112.0,163730.0,1618.0,3537.9999999999995,-1920.0,200,0,0,0,0,FORCED,2,-1919.9999999999932,0.00446073452204665
20260806,v39,0.0,,241,3,95802.0,162112.0,163023.0,911.0,3537.9999999999995,-2627.0,100,-100,100,0,0,SOLD,1,0.0,0.0026066843709079413
20260806,v39,0.01,,241,3,95800.0,162112.0,163021.0,909.0,3537.9999999999995,-2629.0,100,-100,100,0,0,SOLD,1,0.0,0.002618922325700934
20260807,v51,0.0,,241,4,132666.0,165608.0,168618.0,3010.0,2129.9999999999955,880.0,200,0,0,0,0,IDLE,2,880.0000000000011,0.018719523630907675
20260807,v51,0.01,,241,4,132666.0,165608.0,168614.0,3006.0,2129.9999999999955,876.0,200,0,0,0,0,IDLE,2,876.0000000000048,0.018725713716365555
20260807,v39,0.0,,241,4,132423.0,165608.0,168375.0,2767.0,2129.9999999999955,637.0,200,0,0,0,0,IDLE,2,637.0000000000005,0.013616920853122494
20260807,v39,0.01,,241,4,132422.0,165608.0,168372.0,2764.0,2129.9999999999955,634.0,200,0,0,0,0,IDLE,2,637.0000000000005,0.013617161871946726
20260810,v51,0.0,,241,3,103565.0,169000.0,168802.0,-198.0,-382.000000000005,184.0,300,100,0,100,0,BT_BOUGHT,1,475.9999999999991,0.03431653917790245
20260810,v51,0.01,,241,3,103565.0,169000.0,168800.0,-200.0,-382.000000000005,182.0,300,100,0,100,0,BT_BOUGHT,1,475.0,0.03431694117095796
20260810,v39,0.0,,241,4,137948.0,169000.0,168162.0,-838.0,-382.000000000005,-456.0,200,0,0,0,0,IDLE,2,-575.0,0.028201094230633772
20260810,v39,0.01,,241,4,137947.0,169000.0,168159.0,-841.0,-382.000000000005,-459.0,200,0,0,0,0,IDLE,2,-575.0,0.028218705238687858
20260811,v51,0.0,,241,4,133120.0,166800.0,166458.0,-342.0,384.0000000000032,-726.0,200,0,0,0,0,FORCED,2,-725.9999999999991,0.01570480234435745
20260811,v51,0.01,,241,4,133119.0,166800.0,166455.0,-345.0,384.0000000000032,-729.0,200,0,0,0,0,FORCED,2,-729.000000000002,0.015716763351474206
20260811,v39,0.0,,241,5,165613.0,166800.0,166741.0,-59.0,384.0000000000032,-443.0,300,100,0,100,0,BT_SPIKING,2,-631.9999999999993,0.0174511093834101
20260811,v39,0.01,,241,5,165613.0,166800.0,166737.0,-63.0,384.0000000000032,-447.0,300,100,0,100,0,BT_SPIKING,2,-631.9999999999993,0.017469050894085236
20260812,v51,0.0,,241,4,136252.0,168400.0,170634.0,2234.0,758.0000000000041,1476.0,200,0,0,0,0,DONE,2,1475.999999999999,0.011004142875796874
20260812,v51,0.01,,241,4,136252.0,168400.0,170630.0,2230.0,758.0000000000041,1472.0,200,0,0,0,0,DONE,2,1472.0000000000027,0.011004208189647535
20260812,v39,0.0,,241,4,136252.0,168400.0,170634.0,2234.0,758.0000000000041,1476.0,200,0,0,0,0,IDLE,2,1475.999999999999,0.011004142875796874
20260812,v39,0.01,,241,4,136252.0,168400.0,170630.0,2230.0,758.0000000000041,1472.0,200,0,0,0,0,IDLE,2,1475.999999999999,0.011004208189647535
20260813,v51,0.0,,241,3,104600.0,170400.0,165773.0,-4627.0,-2898.000000000002,-1729.0,300,100,0,100,0,BT_DIPPING,1,-539.9999999999977,0.03529610317053866
20260813,v51,0.01,,241,3,104601.0,170400.0,165770.0,-4630.0,-2898.000000000002,-1732.0,300,100,0,100,0,BT_DIPPING,1,-542.0000000000016,0.03530794792557801
20260813,v39,0.0,,241,3,104600.0,170400.0,165773.0,-4627.0,-2898.000000000002,-1729.0,300,100,0,100,0,BT_DIPPING,1,-539.9999999999977,0.03529610317053866
20260813,v39,0.01,,241,3,104601.0,170400.0,165770.0,-4630.0,-2898.000000000002,-1732.0,300,100,0,100,0,BT_DIPPING,1,-539.9999999999977,0.03530794792557801
20260814,v51,0.0,,241,4,140803.0,168600.0,171845.0,3245.0,2436.0000000000014,809.0,200,0,0,0,0,IDLE,2,808.9999999999975,0.009464032626616103
20260814,v51,0.01,,241,4,140801.0,168600.0,171843.0,3243.0,2436.0000000000014,807.0,200,0,0,0,0,IDLE,2,806.9999999999993,0.009469872269529778
20260814,v39,0.0,,241,4,141068.0,168600.0,171580.0,2980.0,2436.0000000000014,544.0,200,0,0,0,0,IDLE,2,1168.9999999999998,0.008085113776547415
20260814,v39,0.01,,241,4,141067.0,168600.0,171577.0,2977.0,2436.0000000000014,541.0,200,0,0,0,0,IDLE,2,1168.9999999999998,0.008090999125453968
20260817,v51,0.0,,241,4,145404.0,171200.0,176286.0,5086.0,4108.000000000004,978.0,200,0,0,0,0,DONE,2,977.9999999999973,0.012090743851091768
20260817,v51,0.01,,241,4,145403.0,171200.0,176283.0,5083.0,4108.000000000004,975.0,200,0,0,0,0,DONE,2,975.0,0.01209656544972415
20260817,v39,0.0,,241,4,144641.0,171200.0,175087.0,3887.0,4108.000000000004,-221.0,200,0,0,0,0,IDLE,2,-221.00000000000364,0.01512952532338141
20260817,v39,0.01,,241,4,144641.0,171200.0,175083.0,3883.0,4108.000000000004,-225.0,200,0,0,0,0,IDLE,2,-221.00000000000364,0.015141131006202735
20260818,v51,0.0,,241,3,114994.0,175308.0,177844.0,2536.0,1412.0000000000005,1124.0,100,-100,100,0,0,IDLE,1,602.9999999999973,0.017472300012175812
20260818,v51,0.01,,241,3,114993.0,175308.0,177841.0,2533.0,1412.0000000000005,1121.0,100,-100,100,0,0,IDLE,1,600.9999999999991,0.017478027938279017
20260818,v39,0.0,,241,4,195083.0,175308.0,177053.0,1745.0,1412.0000000000005,333.0,300,100,0,0,0,BT_DIPPING,1,-271.99999999999704,0.0253367720797405
20260818,v39,0.01,,241,4,195082.0,175308.0,177050.0,1742.0,1412.0000000000005,330.0,300,100,0,0,0,BT_DIPPING,1,-271.99999999999704,0.025342587058068244
20260819,v51,0.0,,241,3,106986.0,172884.0,169588.0,-3296.0,-3836.0000000000014,540.0,300,100,0,100,0,BT_DIPPING,1,1976.9999999999982,0.02160016615512428
20260819,v51,0.01,,241,3,106986.0,172884.0,169586.0,-3298.0,-3836.0000000000014,538.0,300,100,0,100,0,BT_DIPPING,1,1975.999999999999,0.021611704705420842
20260819,v39,0.0,,241,3,106986.0,172884.0,169588.0,-3296.0,-3836.0000000000014,540.0,300,100,0,100,0,BT_DIPPING,1,0.0,0.02160016615512428
20260819,v39,0.01,,241,3,106986.0,172884.0,169586.0,-3298.0,-3836.0000000000014,538.0,300,100,0,100,0,BT_DIPPING,1,0.0,0.021611704705420842
20260820,v51,0.0,,241,4,140030.0,169932.0,173686.0,3754.0,1667.999999999995,2086.0,200,0,0,0,0,DONE,2,2086.0000000000014,0.020369021330844395
20260820,v51,0.01,,241,4,140030.0,169932.0,173682.0,3750.0,1667.999999999995,2082.0,200,0,0,0,0,DONE,2,2081.999999999999,0.02036936911300191
20260820,v39,0.0,,241,5,175779.0,169932.0,174041.0,4109.0,1667.999999999995,2441.0,300,100,0,0,0,IDLE,2,1126.9999999999982,0.02032829717141882
20260820,v39,0.01,,241,5,175779.0,169932.0,174037.0,4105.0,1667.999999999995,2437.0,300,100,0,0,0,IDLE,2,1126.9999999999982,0.020328759031217336
20260821,v51,0.0,,241,4,143801.0,171000.0,172437.0,1437.0,1720.0000000000045,-283.0,200,0,0,0,0,IDLE,2,-283.0000000000041,0.01114269141531321
20260821,v51,0.01,,241,4,143799.0,171000.0,172435.0,1435.0,1720.0000000000045,-285.0,200,0,0,0,0,IDLE,2,-285.0000000000023,0.011148491879350297
20260821,v39,0.0,,241,4,143217.0,171000.0,173377.0,2377.0,1720.0000000000045,657.0,200,0,0,0,0,IDLE,2,656.9999999999936,0.013906382097689796
20260821,v39,0.01,,241,4,143216.0,171000.0,173374.0,2374.0,1720.0000000000045,654.0,200,0,0,0,0,IDLE,2,656.9999999999936,0.013906622036647276
20260824,v51,0.0,,241,4,146030.0,174184.0,175702.0,1518.0,1653.9999999999964,-136.0,200,0,0,0,0,IDLE,2,-135.99999999999568,0.02211310550819412
20260824,v51,0.01,,241,4,146030.0,174184.0,175698.0,1514.0,1653.9999999999964,-140.0,200,0,0,0,0,IDLE,2,-140.0000000000034,0.02211913786275954
20260824,v39,0.0,,241,5,183521.0,174184.0,175160.0,976.0,1653.9999999999964,-678.0,300,100,0,100,0,BT_SPIKING,2,-683.9999999999975,0.020076470858402584
20260824,v39,0.01,,241,5,183521.0,174184.0,175156.0,972.0,1653.9999999999964,-682.0,300,100,0,100,0,BT_SPIKING,2,-683.9999999999975,0.020093694024709507
20260825,v51,0.0,,241,4,143438.0,172000.0,179942.0,7942.0,6900.0,1042.0,200,0,0,0,0,DONE,2,1042.0000000000016,0.021221611440835675
20260825,v51,0.01,,241,4,143438.0,172000.0,179938.0,7938.0,6900.0,1038.0,200,0,0,0,0,DONE,2,1037.9999999999995,0.02122207621550587
20260825,v39,0.0,,241,4,143438.0,172000.0,179942.0,7942.0,6900.0,1042.0,200,0,0,0,0,IDLE,2,1042.0000000000016,0.021221611440835675
20260825,v39,0.01,,241,4,143438.0,172000.0,179938.0,7938.0,6900.0,1038.0,200,0,0,0,0,IDLE,2,1042.0000000000016,0.02122207621550587
20260826,v51,0.0,,241,3,121799.0,178600.0,179779.0,1179.0,-996.0000000000036,2175.0,100,-100,100,0,0,IDLE,1,587.0000000000005,0.013087252006455774
20260826,v51,0.01,,241,3,121797.0,178600.0,179777.0,1177.0,-996.0000000000036,2173.0,100,-100,100,0,0,IDLE,1,586.0000000000014,0.013087395696091297
20260826,v39,0.0,,241,4,160460.0,178600.0,178486.0,-114.0,-996.0000000000036,882.0,200,0,0,0,0,BT_DIPPING,2,881.9999999999993,0.013797028417347645
20260826,v39,0.01,,241,4,160458.0,178600.0,178484.0,-116.0,-996.0000000000036,880.0,200,0,0,0,0,BT_DIPPING,2,881.9999999999993,0.013802630124875703
20260827,v51,0.0,,241,4,166966.0,178600.0,181602.0,3002.0,6763.999999999998,-3762.0,200,0,0,0,0,FORCED,2,-3762.0000000000005,0.0016358780324949862
20260827,v51,0.01,,241,4,166964.0,178600.0,181600.0,3000.0,6763.999999999998,-3764.0,200,0,0,0,0,FORCED,2,-3763.9999999999986,0.0016358780324949862
20260827,v39,0.0,,241,3,124183.0,178600.0,181501.0,2901.0,6763.999999999998,-3863.0,100,-100,100,0,0,SOLD,1,0.0,0.0016358780324949862
20260827,v39,0.01,,241,3,124181.0,178600.0,181499.0,2899.0,6763.999999999998,-3865.0,100,-100,100,0,0,SOLD,1,0.0,0.0016358780324949862
20260828,v51,0.0,,241,3,130164.0,186198.0,183744.0,-2454.0,-1725.999999999999,-728.0,300,100,0,100,0,BT_DIPPING,1,586.0000000000014,0.02773748226554651
20260828,v51,0.01,,241,3,130164.0,186198.0,183742.0,-2456.0,-1725.999999999999,-730.0,300,100,0,100,0,BT_DIPPING,1,585.0000000000023,0.02773777704566105
20260828,v39,0.0,,241,4,175245.0,186198.0,185627.0,-571.0,-1725.999999999999,1155.0,200,0,0,0,0,BT_DIPPING,2,1155.0000000000011,0.018660573706615446
20260828,v39,0.01,,241,4,175243.0,186198.0,185625.0,-573.0,-1725.999999999999,1153.0,200,0,0,0,0,BT_DIPPING,2,1155.0000000000011,0.018660771559287692
20260831,v51,0.0,,241,4,165104.0,181000.0,183996.0,2996.0,2713.9999999999986,282.0,200,0,0,0,0,DONE,2,281.9999999999993,0.008882971757824487
20260831,v51,0.01,,241,4,165102.0,181000.0,183994.0,2994.0,2713.9999999999986,280.0,200,0,0,0,0,DONE,2,279.99999999999545,0.008882971757824487
20260831,v39,0.0,,241,4,164620.0,181000.0,184506.0,3506.0,2713.9999999999986,792.0,200,0,0,0,0,IDLE,2,791.9999999999959,0.008362069435138175
20260831,v39,0.01,,241,4,164618.0,181000.0,184504.0,3504.0,2713.9999999999986,790.0,200,0,0,0,0,IDLE,2,791.9999999999959,0.008362160542587094
20260901,v51,0.0,,241,4,161505.0,182476.0,179931.0,-2545.0,-2470.0000000000045,-75.0,200,0,0,0,0,DONE,2,-74.99999999999432,0.0222754713273583
20260901,v51,0.01,,241,4,161505.0,182476.0,179927.0,-2549.0,-2470.0000000000045,-79.0,200,0,0,0,0,DONE,2,-79.00000000000205,0.022286631296259962
20260901,v39,0.0,,241,4,161505.0,182476.0,179931.0,-2545.0,-2470.0000000000045,-75.0,200,0,0,0,0,BT_DIPPING,2,-74.99999999999432,0.0222754713273583
20260901,v39,0.01,,241,4,161505.0,182476.0,179927.0,-2549.0,-2470.0000000000045,-79.0,200,0,0,0,0,BT_DIPPING,2,-74.99999999999432,0.022286631296259962
20260902,v51,0.0,,241,4,159242.0,178518.0,182576.0,4058.0,3042.0000000000073,1016.0,200,0,0,0,0,DONE,2,1016.0000000000025,0.01144412974761555
20260902,v51,0.01,,241,4,159241.0,178518.0,182573.0,4055.0,3042.0000000000073,1013.0,200,0,0,0,0,DONE,2,1013.0000000000052,0.011449733478691937
20260902,v39,0.0,,241,4,159242.0,178518.0,182576.0,4058.0,3042.0000000000073,1016.0,200,0,0,0,0,IDLE,2,1016.0000000000025,0.01144412974761555
20260902,v39,0.01,,241,4,159241.0,178518.0,182573.0,4055.0,3042.0000000000073,1013.0,200,0,0,0,0,IDLE,2,1016.0000000000025,0.011449733478691937
20260903,v51,0.0,,241,3,121152.0,182400.0,176886.0,-5514.0,-3708.000000000004,-1806.0,300,100,0,100,0,BT_DIPPING,1,-700.0,0.0441118421052632
20260903,v51,0.01,,241,3,121153.0,182400.0,176883.0,-5517.0,-3708.000000000004,-1809.0,300,100,0,100,0,BT_DIPPING,1,-701.9999999999982,0.04412828947368419
20260903,v39,0.0,,241,5,200261.0,182400.0,177455.0,-4945.0,-3708.000000000004,-1237.0,300,100,0,100,0,BT_DIPPING,2,-131.00000000000023,0.0441118421052632
20260903,v39,0.01,,241,5,200261.0,182400.0,177451.0,-4949.0,-3708.000000000004,-1241.0,300,100,0,100,0,BT_DIPPING,2,-131.00000000000023,0.04412828947368419
20260904,v51,0.0,,241,3,117385.0,179932.0,173665.0,-6267.0,-4172.000000000003,-2095.0,300,100,0,100,0,BT_DIPPING,1,-675.0,0.04114887846519799
20260904,v51,0.01,,241,3,117386.0,179932.0,173662.0,-6270.0,-4172.000000000003,-2098.0,300,100,0,100,0,BT_DIPPING,1,-676.9999999999982,0.04116555143054046
20260904,v39,0.0,,241,3,117385.0,179932.0,173665.0,-6267.0,-4172.000000000003,-2095.0,300,100,0,100,0,BT_DIPPING,1,-675.0,0.04114887846519799
20260904,v39,0.01,,241,3,117386.0,179932.0,173662.0,-6270.0,-4172.000000000003,-2098.0,300,100,0,100,0,BT_DIPPING,1,-675.0,0.04116555143054046
20260907,v51,0.0,,241,4,156560.0,178000.0,178150.0,150.0,2101.999999999998,-1952.0,200,0,0,0,0,IDLE,2,-1951.9999999999982,0.012969979597784898
20260907,v51,0.01,,241,4,156559.0,178000.0,178147.0,147.0,2101.999999999998,-1955.0,200,0,0,0,0,IDLE,2,-1955.0000000000011,0.012975657330545731
20260907,v39,0.0,,241,5,195017.0,178000.0,179744.0,1744.0,2101.999999999998,-358.0,300,100,0,100,0,BT_SPIKING,2,-601.9999999999982,0.012969979597784898
20260907,v39,0.01,,241,5,195017.0,178000.0,179740.0,1740.0,2101.999999999998,-362.0,300,100,0,100,0,BT_SPIKING,2,-601.9999999999982,0.012975657330545731
20260908,v51,0.0,,241,4,165323.0,180176.0,184155.0,3979.0,3194.0000000000055,785.0,200,0,0,0,0,DONE,2,784.9999999999966,0.01599145395982715
20260908,v51,0.01,,241,4,165321.0,180176.0,184153.0,3977.0,3194.0000000000055,783.0,200,0,0,0,0,DONE,2,782.9999999999984,0.01599162651674968
20260908,v39,0.0,,241,4,165323.0,180176.0,184155.0,3979.0,3194.0000000000055,785.0,200,0,0,0,0,IDLE,2,784.9999999999966,0.01599145395982715
20260908,v39,0.01,,241,4,165321.0,180176.0,184153.0,3977.0,3194.0000000000055,783.0,200,0,0,0,0,IDLE,2,784.9999999999966,0.01599162651674968
20260909,v51,0.0,,241,3,132275.0,186000.0,188072.0,2072.0,2405.9999999999945,-334.0,100,-100,100,0,0,SOLD,1,-166.9999999999959,0.0020799728330078704
20260909,v51,0.01,,241,3,132273.0,186000.0,188070.0,2070.0,2405.9999999999945,-336.0,100,-100,100,0,0,SOLD,1,-167.999999999995,0.002090584939298701
20260909,v39,0.0,,241,3,134387.0,186000.0,188548.0,2548.0,2405.9999999999945,142.0,100,-100,100,0,0,IDLE,1,309.0000000000032,0.008122496310352112
20260909,v39,0.01,,241,3,134385.0,186000.0,188546.0,2546.0,2405.9999999999945,140.0,100,-100,100,0,0,IDLE,1,309.0000000000032,0.008122581937401785
20260910,v51,0.0,,241,4,174509.0,187464.0,187741.0,277.0,-315.9999999999968,593.0,200,0,0,0,0,DONE,2,593.0000000000007,0.0068414627673690775
20260910,v51,0.01,,241,4,174508.0,187464.0,187738.0,274.0,-315.9999999999968,590.0,200,0,0,0,0,DONE,2,590.0000000000034,0.006846770341277009
20260910,v39,0.0,,241,4,174509.0,187464.0,187741.0,277.0,-315.9999999999968,593.0,200,0,0,0,0,IDLE,2,367.0000000000016,0.0068414627673690775
20260910,v39,0.01,,241,4,174508.0,187464.0,187738.0,274.0,-315.9999999999968,590.0,200,0,0,0,0,IDLE,2,367.0000000000016,0.006846770341277009
