code,name,alpha,neg_days,avg_amount
600983.SH,惠而浦,9.080428766336507e-09,10,32244015.864
600615.SH,鑫源智造,8.061841386272531e-09,14,55329253.910500005
600148.SH,长春一东,8.01637184858406e-09,14,35759166.4595
600802.SH,福建水泥,7.803021747409565e-09,13,33228760.865500003
600561.SH,江西长运,7.619362952680587e-09,12,35568245.912
600671.SH,天目药业,7.579454935679063e-09,13,43230320.989999995
600620.SH,天宸股份,7.487034968479226e-09,12,31340777.348999996
600229.SH,城市传媒,7.329377342898504e-09,12,81128715.93299998
600689.SH,上海三毛,7.310944926278953e-09,14,34814417.64350001
600493.SH,凤竹纺织,7.1655466310539555e-09,15,37386808.607999995
600235.SH,民丰特纸,6.979331761076649e-09,13,34730222.992
600853.SH,龙建股份,6.969398363162564e-09,13,31666354.22
600692.SH,亚通股份,6.87374554426189e-09,12,40642071.798
600613.SH,神奇制药,6.813012464908045e-09,14,30249835.8435
600650.SH,锦江在线,6.7783900211771395e-09,12,49183872.787
600796.SH,钱江生化,6.732178639850682e-09,12,31363378.110999994
600846.SH,同济科技,6.691968926148078e-09,14,71944774.6775
600099.SH,林海股份,6.5201868123800555e-09,15,38655217.123500004
600533.SH,栖霞建设,6.466385576979243e-09,13,43054928.904999994
600051.SH,宁波联合,6.34414581096165e-09,14,36845245.767000005
600569.SH,安阳钢铁,6.2744473221350256e-09,13,30896802.5655
600616.SH,金枫酒业,6.248490438548873e-09,13,34766917.471
600405.SH,动力源,6.182680812841336e-09,11,57876000.789
600283.SH,钱江水利,6.180599329599841e-09,15,34775056.2835
600469.SH,风神股份,6.176755358025201e-09,12,38170992.642
600278.SH,东方创业,5.991807994786083e-09,11,38166541.56899999
600327.SH,大东方,5.983426121247003e-09,12,45286894.721
600081.SH,东风科技,5.8444623388371375e-09,14,42969406.9395
600560.SH,金自天正,5.813190173368197e-09,13,49810293.90349999
600679.SH,上海凤凰,5.805920469860482e-09,13,56012124.7155
600883.SH,博闻科技,5.783728815942273e-09,12,40229027.123500004
600824.SH,益民集团,5.768427521955329e-09,13,33146051.949499995
601366.SH,利群股份,5.653325800328091e-09,12,37856770.31
601279.SH,英利汽车,5.617433748783934e-09,13,35388654.62
600117.SH,西宁特钢,5.615367448262672e-09,11,42615086.725
600661.SH,昂立教育,5.607992207503205e-09,14,40660667.839499995
600668.SH,尖峰集团,5.551946029540988e-09,14,41534916.026999995
600847.SH,万里股份,5.460519936582226e-09,11,70504907.0325
601188.SH,龙江交通,5.436315628827184e-09,13,36693552.028
600738.SH,丽尚国潮,5.398917194913398e-09,13,38536971.6735
600359.SH,新农开发,5.369264750872292e-09,14,47766362.298999995
600825.SH,新华传媒,5.287399928887812e-09,12,71687466.26900001
600073.SH,光明肉业,5.193231101958637e-09,12,36899065.58749999
600495.SH,晋西车轴,5.156384386843533e-09,11,51209566.7745
601113.SH,华鼎股份,5.0210896115600835e-09,14,43653339.725
600897.SH,厦门空港,4.994317338525817e-09,13,45656085.93
600939.SH,重庆建工,4.97934562375402e-09,12,54428365.626499996
600508.SH,上海能源,4.9261394991676515e-09,10,201037994.7745
600831.SH,广电网络,4.864867008724846e-09,15,76091836.07299998
600805.SH,悦达投资,4.8287073108610725e-09,12,38344500.184
600858.SH,银座股份,4.813277446798558e-09,13,46372979.50750001
601008.SH,连云港,4.738364413844365e-09,11,47729573.419999994
600419.SH,天润乳业,4.7170603921563256e-09,12,44983134.158999994
600626.SH,申达股份,4.597693926099992e-09,11,53611171.23149999
600356.SH,恒丰纸业,4.531741423975094e-09,13,47140838.9995
600742.SH,富维股份,4.518868162362658e-09,11,41798812.279
600716.SH,凤凰股份,4.495322886229004e-09,9,36554420.1835
600603.SH,广汇物流,4.453876280359702e-09,14,95699491.0655
600604.SH,市北高新,4.4094039207998135e-09,12,71223529.9895
600217.SH,中再资环,4.399760261441676e-09,12,45403735.13649999
600178.SH,东安动力,4.396121719118779e-09,12,110800653.277
600261.SH,阳光照明,4.310327241064216e-09,10,55509665.243499994
600622.SH,光大嘉宝,4.304672943960819e-09,14,97624771.97299999
601022.SH,宁波远洋,4.304554632787472e-09,13,74592427.653
600249.SH,两面针,4.2962749681340606e-09,12,44394587.560499996
600526.SH,菲达环保,4.29425307911016e-09,12,44383724.1495
600612.SH,老凤祥,4.275011846054312e-09,13,44680911.948
600720.SH,中交设计,4.217426054843054e-09,14,57012687.3415
601512.SH,中新集团,4.180021201312266e-09,11,46492834.755
600055.SH,万东医疗,4.177744751078648e-09,15,77207508.98050001
600746.SH,江苏索普,4.166654410955668e-09,12,77096796.641
601089.SH,福元医药,4.159489795032989e-09,10,55442038.4035
600819.SH,耀皮玻璃,4.148633792992655e-09,11,93619001.4005
600975.SH,新五丰,4.1389231131043725e-09,12,49018658.95549999
600279.SH,重庆港,4.135513855906609e-09,11,133239329.92899999
600814.SH,杭州解百,4.1252796081560425e-09,14,46112883.2345
601038.SH,一拖股份,4.077330097075399e-09,15,64904368.20949999
600658.SH,电子城,4.014572692191737e-09,13,64136493.27
600448.SH,华纺股份,3.989080641947182e-09,13,67097081.263
601599.SH,浙文影业,3.987734127858154e-09,11,49220319.341
600643.SH,爱建集团,3.948277345655955e-09,10,59459675.146000005
600530.SH,交大昂立,3.9420711062490684e-09,15,123354634.81399998
601616.SH,广电电气,3.928634903312801e-09,14,76654773.6125
600681.SH,百川能源,3.896017457475965e-09,13,59707558.30500001
600191.SH,华资实业,3.851399477908635e-09,9,73058819.779
600725.SH,云维股份,3.829003828419852e-09,14,67792782.90799999
600594.SH,益佰制药,3.817391436269088e-09,12,62161306.87700001
601158.SH,重庆水务,3.8145934637392566e-09,12,31183889.885999996
601107.SH,四川成渝,3.781822362536428e-09,14,64753304.467499994
600167.SH,联美控股,3.7106891716067127e-09,12,80595032.868
600557.SH,康缘药业,3.7053126041581653e-09,12,57239154.94250001
601003.SH,柳钢股份,3.623820930199914e-09,10,70878767.6635
600724.SH,宁波富达,3.6061092558612213e-09,13,70264900.598
600997.SH,开滦股份,3.5925203145010155e-09,11,77622632.84099999
600429.SH,三元股份,3.5488116155306357e-09,11,64539709.97750001
600721.SH,百花医药,3.5106702046621486e-09,15,107316623.24
600698.SH,湖南天雁,3.507993757720833e-09,12,88204772.359
600830.SH,香溢融通,3.4735291328362614e-09,12,74183249.46700001
600373.SH,中文传媒,3.4622742300291427e-09,14,72312976.08749999
601121.SH,宝地矿业,3.457885727870738e-09,11,66993520.984500006
600990.SH,四创电子,3.4563275867403207e-09,13,71292963.64699998
600212.SH,绿能慧充,3.396892558832561e-09,13,73853472.11599998
601086.SH,国芳集团,3.3855736514773275e-09,10,119087938.1635
600639.SH,浦东金桥,3.376195748977944e-09,11,34092074.909499995
600597.SH,光明乳业,3.372162856533383e-09,11,52958445.47
600284.SH,浦东建设,3.3645393767476153e-09,12,109767107.53099999
600257.SH,大湖股份,3.359403612292402e-09,14,65607377.5535
600992.SH,贵绳股份,3.2967018247243265e-09,12,133289405.63849998
600851.SH,海欣股份,3.288590678179447e-09,7,125196404.567
600335.SH,国机汽车,3.259919866621501e-09,13,55924777.7385
600790.SH,轻纺城,3.233078488948736e-09,14,73219502.5625
601500.SH,通用股份,3.2297697175575744e-09,12,64228391.72600001
600250.SH,南京商旅,3.204312628272589e-09,12,74186283.19500001
600894.SH,广日股份,3.1808803227601264e-09,11,48684746.24549999
600966.SH,博汇纸业,3.166823037876282e-09,14,86979352.897
600262.SH,北方股份,3.1468756674159003e-09,13,68885352.964
600420.SH,国药现代,3.1355821159451507e-09,12,57345671.736
600784.SH,鲁银投资,3.128323810293606e-09,12,117060913.06099999
600075.SH,新疆天业,3.11362990550684e-09,12,109630608.49399999
601163.SH,三角轮胎,3.0975518400203282e-09,14,61027761.276
601515.SH,衢州东峰,3.0973400916801963e-09,11,73952402.84450002
600663.SH,陆家嘴,3.0738557093199604e-09,12,81576620.7775
600713.SH,南京医药,3.0721526449204075e-09,10,44673938.071499996
600880.SH,博瑞传播,3.0652435701290543e-09,11,74907746.9855
600571.SH,信雅达,3.0513284056747605e-09,12,96643168.49850002
600981.SH,苏豪汇鸿,3.033496360840349e-09,14,117648957.96200001
600756.SH,浪潮软件,3.029370342833369e-09,11,101609442.26449999
600368.SH,五洲交通,2.972999091775098e-09,11,60535933.47549999
601019.SH,山东出版,2.969346706378202e-09,11,48968673.0135
600375.SH,汉马科技,2.9638138450518415e-09,13,100428294.09200001
600422.SH,昆药集团,2.9594534351423973e-09,11,82565144.174
600838.SH,上海九百,2.9216019562172215e-09,13,72721260.266
600477.SH,杭萧钢构,2.8629872796213574e-09,12,78966546.15549998
600576.SH,祥源文旅,2.86227962968239e-09,12,113153990.03
600843.SH,上工申贝,2.8599591151471356e-09,12,138514123.838
600138.SH,中青旅,2.8563139721611662e-09,13,70305387.9445
600449.SH,宁夏建材,2.845169011694947e-09,10,98770366.9145
601339.SH,百隆东方,2.807142641785257e-09,10,97093719.79499999
600929.SH,雪天盐业,2.793300034265738e-09,12,94509670.8615
600812.SH,华北制药,2.77335433340424e-09,11,62035407.631500006
603092.SH,德力佳,2.7721787445354123e-09,15,105121557.988
600300.SH,维维股份,2.7514536196485335e-09,12,70681282.044
600173.SH,卧龙新能,2.7497831344875455e-09,11,107007757.1955
600127.SH,金健米业,2.7482350420230148e-09,12,75704323.39999999
600665.SH,天地源,2.7307071886316746e-09,11,117133219.68600002
600199.SH,金种子酒,2.7194435494325766e-09,12,175645762.11000004
600303.SH,曙光股份,2.713503919363577e-09,15,188661217.59800002
603568.SH,伟明环保,2.702074088988472e-09,12,168200736.3895
600798.SH,宁波海运,2.696524321556545e-09,12,150195750.02199998
600135.SH,乐凯胶片,2.621713622984264e-09,10,144161223.41900003
600610.SH,中毅达,2.6179051365678514e-09,13,163230937.11650002
601518.SH,吉林高速,2.6170669453155763e-09,9,71648599.67850001
600927.SH,永安期货,2.5996702846093634e-09,13,89410191.21150002
600067.SH,冠城新材,2.59963719996566e-09,12,155314463.6895
600496.SH,精工钢构,2.5875013760108528e-09,12,130713341.3055
600789.SH,鲁抗医药,2.5825287577328014e-09,10,82278587.14299999
600252.SH,中恒集团,2.5795227982021038e-09,12,85172247.94049999
600035.SH,楚天高速,2.557838769333925e-09,13,38984345.107499994
600501.SH,航天晨光,2.552085752816995e-09,13,123854512.29249999
600587.SH,新华医疗,2.5486780244276784e-09,14,72765805.14850001
600865.SH,百大集团,2.5448603613389277e-09,11,151903334.6035
600691.SH,潞化科技,2.532504759636578e-09,11,92926698.192
600470.SH,六国化工,2.5282148122172093e-09,10,166629090.9095
600826.SH,兰生股份,2.523390937071529e-09,7,87167155.118
600076.SH,康欣新材,2.5230627060190403e-09,9,132011688.73599999
600792.SH,云煤能源,2.5201197154999805e-09,10,166124225.315
600307.SH,酒钢宏兴,2.5120712127819132e-09,12,93250119.94900002
600129.SH,太极集团,2.494032232958064e-09,13,92510925.794
600828.SH,茂业商业,2.4785283049253204e-09,10,207612480.403
600350.SH,山东高速,2.469548313744564e-09,9,122595865.51400003
600468.SH,百利电气,2.450774384087659e-09,13,126840367.81300001
600708.SH,光明地产,2.4289498357516038e-09,10,93894546.4255
600503.SH,华丽家族,2.4201512098440582e-09,14,227269037.262
600269.SH,赣粤高速,2.3980511437237174e-09,13,62780778.56
600618.SH,氯碱化工,2.3828840813746322e-09,10,113562516.983
600655.SH,豫园股份,2.3817200992885853e-09,12,59769624.51049999
600771.SH,广誉远,2.3790248560180626e-09,12,90618203.60300002
600841.SH,动力新科,2.317782645927426e-09,12,126434789.04350002
600785.SH,新华百货,2.3078589218020106e-09,11,112841836.64750001
600007.SH,中国国贸,2.293870301269115e-09,9,84337896.2595
601579.SH,会稽山,2.2829376507104018e-09,11,102752406.14799999
600764.SH,中国海防,2.2774996631655236e-09,14,99589812.7685
600106.SH,重庆路桥,2.257125820228981e-09,14,80999376.45050001
600558.SH,大西洋,2.23992240072506e-09,9,97054810.68099998
600649.SH,城投控股,2.2028229576259445e-09,10,74527290.7405
601598.SH,中国外运,2.2005864992992935e-09,12,91030244.713
600640.SH,国脉文化,2.1641588307506495e-09,12,108164121.5875
603233.SH,大参林,2.1523713030617946e-09,11,101029590.037
601928.SH,凤凰传媒,2.142969468167679e-09,11,63995093.70549999
600185.SH,珠免集团,2.13420247601154e-09,13,103140896.1785
600057.SH,厦门象屿,2.094307558438004e-09,13,113879264.05350001
600017.SH,日照港,2.0928329307137333e-09,12,79579720.74499999
601528.SH,瑞丰银行,2.078572297599301e-09,9,58599293.46049999
600315.SH,上海家化,2.071042785834414e-09,12,99274810.113
601588.SH,北辰实业,2.0582296110161736e-09,13,188914112.01449996
600743.SH,华远控股,2.036893271952555e-09,11,208498215.48849997
600189.SH,泉阳泉,2.036767995464016e-09,10,85906481.80600001
600528.SH,中铁工业,2.0071598107070013e-09,11,92512955.117
603049.SH,中策橡胶,1.9665398501038472e-09,10,102520103.3655
600507.SH,方大特钢,1.9649348285578825e-09,13,140922272.81100002
601011.SH,宝泰隆,1.9563500681772664e-09,10,191880502.8285
600751.SH,海航科技,1.952789716370965e-09,14,123982442.227
600682.SH,南京新百,1.950676146299129e-09,12,125977646.04349999
600956.SH,新天绿能,1.9468295088798015e-09,14,256112124.43900004
601116.SH,三江购物,1.943606126157878e-09,11,178365440.63500002
600567.SH,山鹰国际,1.9366995268751953e-09,12,171892529.89199996
600962.SH,国投中鲁,1.931889060745991e-09,12,163145963.293
601369.SH,陕鼓动力,1.9274778202858305e-09,11,145297395.1915
600787.SH,中储股份,1.916158227357843e-09,10,89756895.8795
600058.SH,五矿发展,1.8988950394240262e-09,11,172081924.1085
601098.SH,中南传媒,1.8956993560877062e-09,13,84390128.17249998
600848.SH,上海临港,1.8884697268903808e-09,9,129701108.59300002
600586.SH,金晶科技,1.8763829854108913e-09,15,228921810.183
601005.SH,重庆钢铁,1.873677325586345e-09,12,92058525.362
601236.SH,红塔证券,1.8594420436010408e-09,10,123518535.373
603529.SH,爱玛科技,1.849511088857096e-09,13,162467806.8925
600433.SH,冠豪高新,1.8222867761035436e-09,14,209634728.6655
600855.SH,航天长峰,1.7967945507635162e-09,14,176110962.2015
600780.SH,通宝能源,1.7762300756588853e-09,9,253100475.173
600502.SH,安徽建工,1.7699577338393116e-09,13,149787246.13549998
601228.SH,广州港,1.7599777360855816e-09,11,68763645.4745
600004.SH,白云机场,1.7530905490093532e-09,11,86698652.71450001
600478.SH,科力远,1.7521158560822275e-09,12,199566828.841
600054.SH,黄山旅游,1.7495946998762075e-09,9,78586614.654
600592.SH,龙溪股份,1.7483780491955674e-09,10,292222756.53
600866.SH,星湖科技,1.7462760965230957e-09,9,98454186.61899999
600325.SH,华发股份,1.7426512446651956e-09,12,141441213.787
600775.SH,南京熊猫,1.7384550274026626e-09,11,173048703.509
600928.SH,西安银行,1.7336372540402046e-09,13,93965027.805
600993.SH,马应龙,1.7313477688152664e-09,12,102117647.689
600273.SH,嘉化能源,1.7254517648005574e-09,14,128436689.8145
600857.SH,宁波中百,1.717671075035941e-09,10,259584148.44899997
600797.SH,浙大网新,1.7034967181974943e-09,12,251701810.96599993
600959.SH,江苏有线,1.6893921743708605e-09,15,145277200.30400002
600740.SH,山西焦化,1.6595785153442613e-09,11,183093514.9335
600299.SH,安迪苏,1.65506716324128e-09,13,148195944.4805
600037.SH,歌华有线,1.648528003403467e-09,11,112786379.71199998
603589.SH,口子窖,1.638289276715711e-09,12,153215982.13300002
601112.SH,振石股份,1.6368079397575746e-09,10,170401890.6925
600211.SH,西藏药业,1.6275796901156857e-09,11,113111445.9095
600835.SH,上海机电,1.6164618275013412e-09,12,197835845.38149998
600295.SH,鄂尔多斯,1.6042606378611824e-09,8,139498584.882
600383.SH,金地集团,1.58799437732844e-09,12,161640582.82399997
600749.SH,西藏旅游,1.5743214661779424e-09,11,165848320.31300002
600408.SH,安泰集团,1.564358758712844e-09,12,305192635.33950007
601966.SH,玲珑轮胎,1.555218442781831e-09,11,131794538.30700001
600267.SH,海正药业,1.5357111704527e-09,13,134656065.68100002
600113.SH,浙江东日,1.5342900704831773e-09,13,240810918.1375
600827.SH,百联股份,1.5301790676688102e-09,9,101873494.9015
600280.SH,中央商场,1.5285390795309826e-09,8,359193041.5425
600739.SH,辽宁成大,1.5098632048205757e-09,13,128836056.42300001
600513.SH,联环药业,1.5075253863712774e-09,12,152848468.49499997
601155.SH,新城控股,1.4814076452343172e-09,14,215098222.8255
600566.SH,济川药业,1.48135557993049e-09,14,147077736.1945
601330.SH,绿色动力,1.4769004990504644e-09,14,248893879.011
603298.SH,杭叉集团,1.4746531557391992e-09,13,157081998.4375
600227.SH,赤天化,1.4626586441237933e-09,13,232540951.009
601139.SH,深圳燃气,1.4618123561645886e-09,14,139360689.0965
600728.SH,佳都科技,1.460714808916517e-09,11,141874660.41000003
600517.SH,国网英大,1.4576631186660688e-09,13,162186164.08049998
600803.SH,新奥股份,1.4208770763111918e-09,12,163000188.7405
600161.SH,天坛生物,1.4154452235261182e-09,14,161638386.78350002
600621.SH,华鑫股份,1.3994393066073145e-09,10,164388764.12150002
600033.SH,福建高速,1.3976589980301877e-09,12,84275569.2405
600750.SH,华润江中,1.3888054577126135e-09,8,119255037.93900001
600582.SH,天地科技,1.3862237373385428e-09,14,162541629.48900002
600480.SH,凌云股份,1.3784460423369609e-09,12,260149814.42000002
600313.SH,农发种业,1.3650859827404067e-09,12,146915461.04650003
600820.SH,隧道股份,1.3644567365085712e-09,12,107496922.841
600095.SH,湘财股份,1.3582204402367608e-09,13,212736521.18600002
600133.SH,东湖高新,1.3577643372880567e-09,13,178242734.6455
600859.SH,王府井,1.3541646613189888e-09,12,184538105.2725
600382.SH,广东明珠,1.3511161513663746e-09,12,298030179.43600005
600222.SH,太龙药业,1.3478919427165922e-09,10,228082967.54300004
600062.SH,华润双鹤,1.344035897606102e-09,11,91141876.2625
600623.SH,华谊集团,1.339718797752422e-09,10,165648489.14850003
600446.SH,金证股份,1.3390320022555833e-09,11,278191681.369
600329.SH,达仁堂,1.3352883735959762e-09,13,142953323.2245
600727.SH,鲁北化工,1.3248479048226592e-09,12,267430492.05900002
600611.SH,大众交通,1.314270658966383e-09,14,462951276.729
600268.SH,国电南自,1.3086086909752255e-09,14,234943846.15449995
600808.SH,马钢股份,1.306618884629263e-09,12,176569686.25550002
600131.SH,国网信通,1.299417130751697e-09,13,208566453.79599997
600207.SH,安彩高科,1.2990836473439571e-09,12,453253690.8655
600130.SH,波导股份,1.2835943850484654e-09,10,185028438.12550002
600395.SH,盘江股份,1.2831260875680018e-09,12,301528983.06949997
600816.SH,建元信托,1.2806391196963815e-09,11,201882534.46350002
601187.SH,厦门银行,1.2758212246812902e-09,9,156427969.90100002
600216.SH,浙江医药,1.2698357607259382e-09,12,175466587.06999996
600132.SH,重庆啤酒,1.2608531244352228e-09,15,259549140.20450002
600490.SH,鹏欣资源,1.249316001564075e-09,11,314632027.6975001
600982.SH,宁波能源,1.2430359345543429e-09,11,421442576.81500006
600380.SH,健康元,1.2362149311230872e-09,11,118260297.88250001
600664.SH,哈药股份,1.2333232869742017e-09,10,135912633.948
600633.SH,浙数文化,1.2274480729043606e-09,11,235820587.72399998
601238.SH,广汽集团,1.218310908288508e-09,12,130484443.74900003
600163.SH,中闽能源,1.201296860502812e-09,12,442863013.867
600210.SH,紫江企业,1.1981149352495342e-09,10,91238278.916
601990.SH,南京证券,1.1931484488940137e-09,14,143667256.2145
600390.SH,五矿资本,1.1927323951959743e-09,11,158516326.472
601000.SH,唐山港,1.1923306951649957e-09,8,181128206.719
600403.SH,大有能源,1.1682155738063372e-09,9,719293957.8395
600320.SH,振华重工,1.1651047623293625e-09,13,187789414.81400004
600967.SH,内蒙一机,1.1591429886398806e-09,10,192548928.23299998
600779.SH,水井坊,1.159067963000953e-09,10,305194988.2375001
600282.SH,南钢股份,1.1500944298983434e-09,11,192954084.658
600635.SH,大众公用,1.1427353412812538e-09,13,382395422.614
600873.SH,梅花生物,1.1388790549138846e-09,14,233960919.477
600758.SH,辽宁能源,1.1323557694697898e-09,14,603577561.8230001
603565.SH,中谷物流,1.132008367061824e-09,7,158735479.282
601059.SH,信达证券,1.1296035951308981e-09,14,202806367.1665
600770.SH,综艺股份,1.1202893741217648e-09,9,233630361.504
600606.SH,绿地控股,1.1146574613130802e-09,13,192161382.7835
600293.SH,三峡新材,1.109435897663542e-09,10,477278984.5845
601136.SH,首创证券,1.1069979493777627e-09,11,185208819.84100002
600535.SH,天士力,1.100944835987353e-09,11,123571585.44649999
600933.SH,爱柯迪,1.0982261274950353e-09,16,233231295.34050003
600072.SH,中船科技,1.0792909892492432e-09,15,284845353.0345
601298.SH,青岛港,1.0724579178234232e-09,11,163325262.32100004
600562.SH,国睿科技,1.0705985806870288e-09,11,196250407.2705
600630.SH,龙头股份,1.0651869116291982e-09,7,212219266.0785
603175.SH,超颖电子,1.0604329740607397e-09,13,436928477.81850004
600339.SH,中油工程,1.0354262743115213e-09,12,250475199.9135
600116.SH,三峡水利,1.0338467238853157e-09,11,229009170.54000002
601865.SH,福莱特,1.0325433981519345e-09,13,210177453.14749998
601222.SH,林洋能源,1.0151854831646566e-09,10,286661444.858
600877.SH,电科芯片,1.0073372189977526e-09,11,309053841.81600004
603338.SH,浙江鼎力,1.0007958051752861e-09,14,240633724.01500002
601106.SH,中国一重,9.984185434948599e-10,10,216149937.304
600388.SH,龙净环保,9.921874821478518e-10,12,273066075.173
601866.SH,中远海发,9.915140638481823e-10,9,180327804.80800003
600032.SH,浙江新能,9.914348890340948e-10,12,645515007.1005001
600737.SH,中粮糖业,9.90343064194297e-10,13,456650521.809
600916.SH,中国黄金,9.73379280952782e-10,13,209412253.63599998
600085.SH,同仁堂,9.70494897684724e-10,13,178928137.8875
600575.SH,淮河能源,9.596394478110514e-10,13,401631225.59749997
601880.SH,辽港股份,9.559712703945633e-10,12,155652783.9115
600435.SH,北方导航,9.4079516906312e-10,10,269774185.3235
601069.SH,西部黄金,9.336715309470322e-10,11,441992681.07650006
600361.SH,创新新材,9.146069613508462e-10,11,346391526.954
600398.SH,海澜之家,9.107538155021462e-10,11,146362712.98999998
600998.SH,九州通,9.077816818046575e-10,9,132412793.47350001
600970.SH,中材国际,9.033605776678067e-10,9,194251003.29549998
600152.SH,维科技术,9.020175000441133e-10,13,410857539.074
600521.SH,华海药业,8.961023771022279e-10,14,267538321.92349997
600754.SH,锦江酒店,8.940495091998087e-10,13,253615088.59900004
600776.SH,东方通信,8.86797147046566e-10,11,468773575.2685
600369.SH,西南证券,8.861334981264389e-10,11,172107906.48950002
601567.SH,三星电气,8.693606221884522e-10,13,367036032.5345
600316.SH,洪都航空,8.691117110485869e-10,16,301869576.74149996
600505.SH,西昌电力,8.614774245205246e-10,12,389584488.8705
601608.SH,中信重工,8.580993587253479e-10,13,287744630.55649996
600968.SH,海油发展,8.572654234743979e-10,11,188246119.97499996
600529.SH,山东药玻,8.555713529968394e-10,11,243651580.236
600593.SH,大连圣亚,8.532139797492917e-10,9,267425961.5605
600100.SH,同方股份,8.50363609205994e-10,12,284545573.9785
600918.SH,中泰证券,8.488043244372492e-10,12,247372389.992
600292.SH,电投水电,8.466759062604105e-10,11,277397488.3825
600377.SH,宁沪高速,8.423027733154856e-10,11,142180453.35
601808.SH,中海油服,8.404425250943421e-10,15,232356505.76799998
600511.SH,国药股份,8.396706440997134e-10,11,116021261.6355
600108.SH,亚盛集团,8.294473948488176e-10,12,438410770.26400006
600198.SH,大唐电信,8.27560919986969e-10,9,476083302.5705
600702.SH,舍得酒业,8.254270159049854e-10,12,383568788.3625001
600872.SH,中炬高新,8.209488150341622e-10,13,234379922.465
600310.SH,广西能源,8.208551023536464e-10,15,863350997.9224999
600901.SH,江苏金租,8.183878668684841e-10,9,225144347.973
601156.SH,东航物流,8.098832074569381e-10,8,167527194.26749998
600332.SH,白云山,8.053665504819534e-10,10,171898283.0455
601717.SH,中创智领,7.960318751166464e-10,12,382066064.1309999
603606.SH,东方电缆,7.91815269758006e-10,13,770974092.6005
603486.SH,科沃斯,7.907327880360308e-10,15,440509150.99349993
600590.SH,泰豪科技,7.872723220142005e-10,14,637819321.386
600619.SH,海立股份,7.853746075465517e-10,15,320461746.51399994
600153.SH,建发股份,7.646604085709577e-10,11,210705319.06950003
600323.SH,瀚蓝环境,7.601287690586915e-10,12,206182442.839
603000.SH,人民网,7.596819163534311e-10,13,298763346.07350004
600583.SH,海油工程,7.532532293136263e-10,10,228854888.50350004
600121.SH,郑州煤电,7.490248783910051e-10,10,660250171.6545
600572.SH,康恩贝,7.447815922426746e-10,10,120883148.1075
600038.SH,中直股份,7.365952223999227e-10,11,215296691.95699996
601101.SH,昊华能源,7.362759895659177e-10,10,696735468.6279999
600685.SH,中船防务,7.361050555555451e-10,14,282466502.15250003
600871.SH,石化油服,7.336173733001732e-10,12,290832931.39699996
603129.SH,春风动力,7.323243323595837e-10,11,408533976.243
600039.SH,四川路桥,7.307038278545448e-10,9,194931088.30949998
601018.SH,宁波港,7.259774601908865e-10,10,211620078.43550003
600151.SH,航天机电,7.218211709221892e-10,13,720193889.4175
601799.SH,星宇股份,7.156649342697499e-10,13,467696991.53950006
600763.SH,通策医疗,7.130630120078463e-10,11,247452056.714
600203.SH,福日电子,7.117610100955658e-10,12,533449708.4355
600515.SH,海南机场,7.103215932860185e-10,11,301794052.066
601611.SH,中国核建,7.056750621688351e-10,12,463583423.495
600499.SH,科达制造,7.016430288748548e-10,12,400093383.031
600996.SH,贵广网络,7.013141667631256e-10,11,457727933.77699995
601133.SH,柏诚股份,7.002319729509136e-10,12,777587181.3695
600783.SH,鲁信创投,6.971203237228788e-10,12,740894652.088
600208.SH,衢州发展,6.933820257922951e-10,13,226011477.32750002
603341.SH,龙旗科技,6.927445176079733e-10,10,468204133.4995
600078.SH,澄星股份,6.911464932591128e-10,11,706475598.0234998
600098.SH,广州发展,6.900810147302839e-10,8,365159636.1084999
600009.SH,上海机场,6.900170596113574e-10,13,342264987.4355
600486.SH,扬农化工,6.866621898396958e-10,11,368877657.5655
600126.SH,杭钢股份,6.857600985770762e-10,13,423362254.6564999
600452.SH,涪陵电力,6.774837567866032e-10,14,705179713.692
600177.SH,雅戈尔,6.653663329069316e-10,10,164273440.83749998
600765.SH,中航重机,6.58363737159444e-10,13,249024686.76099998
600536.SH,中国软件,6.46655289386623e-10,12,618759114.6485001
600348.SH,华阳股份,6.416368603957454e-10,10,427405034.7725
600595.SH,中孚实业,6.334085043433795e-10,13,660160214.654
601128.SH,常熟银行,6.300794661203608e-10,12,296405916.27900004
603077.SH,和邦生物,6.2270351088467e-10,9,381445499.1515
601118.SH,海南橡胶,6.220101948497564e-10,10,438385287.206
601997.SH,贵阳银行,6.180067538964091e-10,14,257614184.896
601607.SH,上海医药,6.1549608402837e-10,11,149592309.1695
603605.SH,珀莱雅,6.116644620292574e-10,14,462254947.43999994
600598.SH,北大荒,6.107837287052345e-10,13,243644528.63599998
600688.SH,上海石化,6.099276311467547e-10,9,543092970.612
603160.SH,汇顶科技,6.095649198920536e-10,13,515248320.7299999
600588.SH,用友网络,6.086911756850125e-10,12,567477165.386
601216.SH,君正集团,6.068496671983945e-10,13,318067456.3945
601198.SH,东兴证券,6.068248531099425e-10,9,298972107.09400004
601577.SH,长沙银行,6.06428645055845e-10,10,189904382.64949998
600061.SH,国投资本,6.057224756696575e-10,9,282707190.88
601399.SH,国机重装,5.981388015500751e-10,11,340016967.785
600769.SH,祥龙电业,5.977216009454799e-10,7,448094082.18100005
601020.SH,华钰矿业,5.96762062139711e-10,12,842961955.3284999
601618.SH,中国中冶,5.82049499268389e-10,11,302727259.2915
600602.SH,云赛智联,5.716211720304785e-10,10,520344274.4595
600986.SH,浙文互联,5.713162881018095e-10,11,544651599.8245001
600704.SH,物产中大,5.660642348286306e-10,11,224044749.931
600343.SH,航天动力,5.640787179310941e-10,12,890099095.1255001
600363.SH,联创光电,5.618052318028095e-10,13,637554875.5695001
601162.SH,天风证券,5.582124286041916e-10,11,411817203.80550003
600170.SH,上海建工,5.562619822006928e-10,11,305730575.26199996
600312.SH,平高电气,5.524376129674705e-10,10,481996855.33599997
600995.SH,南网储能,5.484711746706619e-10,9,618761785.5415
600298.SH,安琪酵母,5.416941060735558e-10,10,328604397.929
600109.SH,国金证券,5.411225466141576e-10,11,391997122.70199996
601555.SH,东吴证券,5.405857417497826e-10,11,330901885.05599993
600023.SH,浙能电力,5.267188940922304e-10,13,587188559.6825
600801.SH,华新建材,5.26423247152838e-10,9,275885795.58149993
600060.SH,海信视像,5.182206719793596e-10,13,506530339.66099995
600546.SH,山煤国际,5.141816708004708e-10,10,543838112.8165
600233.SH,圆通速递,5.088213619120569e-10,15,390988095.0605
600637.SH,东方明珠,5.071682573942332e-10,10,646304690.7625
600642.SH,申能股份,5.05852620261244e-10,10,400605115.282
603345.SH,安井食品,5.057526368347557e-10,12,521610853.76199996
601058.SH,赛轮轮胎,5.001380376736369e-10,10,563114871.8775
601609.SH,金田股份,4.995197334396414e-10,11,1156840946.2645
603596.SH,伯特利,4.958390981692032e-10,13,788409846.067
601099.SH,太平洋,4.931148168514649e-10,11,401820020.6665
600360.SH,华微电子,4.873230373076048e-10,9,1130899240.3259997
601021.SH,春秋航空,4.823023308430678e-10,10,478609658.34849995
601108.SH,财通证券,4.756994835897896e-10,10,406888893.659
601333.SH,广深铁路,4.737395892713586e-10,9,220033641.2295
600862.SH,中航高科,4.716573186711094e-10,11,365862531.472
600436.SH,片仔癀,4.716541033633357e-10,12,479119275.05499995
601665.SH,齐鲁银行,4.684550674272515e-10,11,304187033.1405
601800.SH,中国交建,4.670719339259575e-10,11,349411634.3985
600438.SH,通威股份,4.646283071050818e-10,15,792092973.9625
600196.SH,复星医药,4.616106160848659e-10,14,407142805.4095
600171.SH,上海贝岭,4.5009181900634695e-10,9,681563713.566
601696.SH,中银证券,4.473612936420952e-10,12,805022618.1750001
600733.SH,北汽蓝谷,4.3854375454146426e-10,10,427388434.077
600008.SH,首创环保,4.37016518776939e-10,9,303978550.00100005
600166.SH,福田汽车,4.3039172008231963e-10,11,462680465.34749997
603225.SH,新凤鸣,4.2989216644951975e-10,9,648904304.1415
600516.SH,方大炭素,4.28195715383484e-10,9,734478956.2885
600352.SH,浙江龙盛,4.2786963481628657e-10,12,694654083.8075
600066.SH,宇通客车,4.254283643732022e-10,13,735673295.1
603156.SH,养元饮品,4.233867466839715e-10,9,452505553.38149995
601212.SH,白银有色,4.127886125458877e-10,9,693471012.8765
600025.SH,华能水电,4.063109273020946e-10,10,392325404.0035
600570.SH,恒生电子,4.0175042542509806e-10,15,733432246.4625001
601137.SH,博威合金,3.9601218704864134e-10,11,1014423468.0074999
601001.SH,晋控煤业,3.8397941813656407e-10,9,733951606.8100001
600744.SH,华银电力,3.8252024439046394e-10,11,1294887067.9319997
601319.SH,中国人保,3.7631304984186215e-10,10,569818128.273
600930.SH,华电新能,3.7354487872960734e-10,15,915621408.8474998
600104.SH,上汽集团,3.728189316675871e-10,15,627586468.3375001
603444.SH,吉比特,3.703632107978535e-10,9,499442781.5055
600985.SH,淮北矿业,3.630228986525149e-10,8,654045190.332
603087.SH,甘李药业,3.5984144365835156e-10,11,349536964.3905
601360.SH,三六零,3.5981551616530566e-10,14,801195229.6560001
600589.SH,大位科技,3.5961303513949045e-10,14,1332699403.3389995
600048.SH,保利发展,3.588346546695416e-10,16,696867196.6235
600741.SH,华域汽车,3.5732181177527834e-10,8,355092915.0945
601666.SH,平煤股份,3.5649774465113187e-10,8,581904429.929
603379.SH,三美股份,3.5422574629390605e-10,9,904813919.859
600596.SH,新安股份,3.3396788330914757e-10,11,1248505267.48
600600.SH,青岛啤酒,3.304176573731128e-10,12,424310715.73249996
600977.SH,中国电影,3.2387340560028756e-10,10,569076172.9520001
600338.SH,西藏珠峰,3.204056630681377e-10,12,1191151134.2660003
600115.SH,中国东航,3.172790978915496e-10,12,1039887691.5465
600345.SH,长江通信,3.1510569454171543e-10,8,1130727005.9559999
600885.SH,宏发股份,3.1469086633415077e-10,10,695713711.85
601390.SH,中国中铁,3.123649745224293e-10,13,579859095.875
600141.SH,兴发集团,3.0697835853363164e-10,9,1546995224.299
600458.SH,时代新材,3.03195799592525e-10,8,828435727.6804999
600219.SH,南山铝业,3.0102071183521074e-10,11,1260094765.2470002
600906.SH,财达证券,3.0061176027112203e-10,8,720234843.4635
601016.SH,节能风电,2.967557373315378e-10,11,1636499703.0349998
600585.SH,海螺水泥,2.930171283013704e-10,13,522817143.43299997
601615.SH,明阳智能,2.927145276698627e-10,13,1778227382.5540001
601233.SH,桐昆股份,2.905559768276813e-10,10,1115977692.6945002
600760.SH,中航沈飞,2.8823694180265744e-10,12,805791570.2745001
603290.SH,斯达半导,2.8734093670317583e-10,9,1546963909.8370001
600699.SH,均胜电子,2.818938056964611e-10,13,1397792426.2595
600483.SH,福能股份,2.795679859828495e-10,11,482244829.34800005
600958.SH,东方证券,2.775917087438637e-10,11,617993092.6324999
600143.SH,金发科技,2.7370330178782575e-10,13,1230055934.0275002
601117.SH,中国化学,2.656652484478575e-10,10,915737106.5600001
601229.SH,上海银行,2.634581181539887e-10,11,429421295.68050003
600895.SH,张江高科,2.612370013015202e-10,16,1381180964.609
600711.SH,盛屯矿业,2.5988233814227153e-10,11,1351501864.7525
600026.SH,中远海能,2.591195305751594e-10,13,1515692493.3125
600027.SH,华电国际,2.5778239128918834e-10,10,1012628618.4235001
601698.SH,中国卫通,2.575422708969637e-10,13,1555478111.4085002
600563.SH,法拉电子,2.5677312814336997e-10,11,1979163498.641
603179.SH,新泉股份,2.532983298366574e-10,12,1702241980.978
600988.SH,赤峰黄金,2.520976726946619e-10,10,1682377217.804
600886.SH,国投电力,2.4949667934974553e-10,10,607892211.197
600426.SH,华鲁恒升,2.4947081820133257e-10,13,972910537.334
601699.SH,潞安环能,2.469321562683418e-10,9,899836089.6795
601633.SH,长城汽车,2.4412021680809994e-10,11,336291931.0705
600641.SH,先导基电,2.4180974148938956e-10,9,1836670651.6465
603119.SH,浙江荣泰,2.4049457131296854e-10,10,1844345643.605
600660.SH,福耀玻璃,2.403207439389031e-10,13,615045107.4979999
600884.SH,杉杉股份,2.379850094656568e-10,9,1057771852.9230001
600482.SH,中国动力,2.3245573260222485e-10,12,1612463683.9155
600188.SH,兖矿能源,2.315516745281411e-10,12,1664270068.5425
603308.SH,应流股份,2.3037774105816154e-10,10,1676808777.6155
603288.SH,海天味业,2.2044479966275443e-10,11,695613030.9539999
600578.SH,京能电力,2.1968958071235485e-10,10,2872626681.724
600497.SH,驰宏锌锗,2.1337672612718502e-10,9,1910883269.5289998
600397.SH,江钨装备,2.121537700715661e-10,6,1132115938.8185
601168.SH,西部矿业,2.1017730184003547e-10,11,1922374190.1644998
600256.SH,广汇能源,2.0827172914312068e-10,10,255111202.667
600547.SH,山东黄金,1.9827207306455194e-10,11,1565407656.4925
600021.SH,上海电力,1.9659640810555785e-10,11,2364801944.6300006
600863.SH,华能蒙电,1.9398327120556952e-10,10,2644948578.6899996
600893.SH,航发动力,1.921111436521405e-10,13,1394106480.5359998
600707.SH,彩虹股份,1.910411595841983e-10,6,2831451006.2400002
600726.SH,华电能源,1.9015746508958645e-10,10,2602752218.8940005
601126.SH,四方股份,1.88708588504002e-10,12,2521800959.8975
600015.SH,华夏银行,1.8433823571908434e-10,8,487244608.9179999
601958.SH,金钼股份,1.799479617506057e-10,9,2950071010.427
600114.SH,东睦股份,1.7500297617270898e-10,8,1537949291.547
600673.SH,东阳光,1.732481256181995e-10,14,2956595247.47
600580.SH,卧龙电驱,1.710721752682028e-10,13,2519072374.019
600809.SH,山西汾酒,1.7058013840830104e-10,13,1179784486.6250002
600096.SH,云天化,1.6765823346450438e-10,14,1406125635.7929997
601377.SH,兴业证券,1.6583460744147205e-10,9,694046822.2804999
600938.SH,中国海油,1.6441326252525373e-10,13,1693020804.339
601066.SH,中信建投,1.576571996273692e-10,10,1387895648.0744998
600226.SH,亨通股份,1.5479747988024892e-10,6,1869587323.6895
600905.SH,三峡能源,1.514295378344175e-10,11,992054016.99
600941.SH,中国移动,1.498984168925438e-10,12,870656522.3875
600392.SH,盛和资源,1.4649402940372266e-10,6,3101527213.096
601169.SH,北京银行,1.4648211878963193e-10,11,623371170.6685
601179.SH,中国西电,1.4425681718306615e-10,11,2630163142.0825
600909.SH,华安证券,1.4098693204921144e-10,6,1800056952.793
600050.SH,中国联通,1.3801245480000112e-10,11,720414874.8694999
600362.SH,江西铜业,1.373365267563057e-10,10,3376850019.149
600011.SH,华能国际,1.369635553033673e-10,8,2390296319.6099997
603501.SH,豪威集团,1.3457692470880838e-10,12,3203725173.961
601100.SH,恒立液压,1.3425983210043156e-10,7,1245207301.7545
600157.SH,永泰能源,1.3239592486480743e-10,9,1436957824.381
601012.SH,隆基绿能,1.2818797928511825e-10,16,2123757213.426
603256.SH,宏和科技,1.2805802593823552e-10,8,3893092777.5959992
600690.SH,海尔智家,1.272719151055578e-10,14,991609775.3634999
601658.SH,邮储银行,1.265625131897966e-10,8,817249350.3419999
601857.SH,中国石油,1.2419810141063223e-10,12,2000256725.7844996
600172.SH,黄河旋风,1.2361263584600515e-10,8,3439423454.3425
601600.SH,中国铝业,1.2141587153472688e-10,12,3851700806.5385003
601628.SH,中国人寿,1.2095467098726087e-10,12,1543648284.219
600016.SH,民生银行,1.2032250997281493e-10,11,716392741.0665
601933.SH,永辉超市,1.1893611577892296e-10,8,5199426165.5435
600396.SH,华电辽能,1.1733183123269395e-10,9,4992065017.278
600879.SH,航天电子,1.1290179515184861e-10,11,3081037965.1005
600000.SH,浦发银行,1.12538994474198e-10,10,811952917.031
600309.SH,万华化学,1.1225113449079723e-10,14,2555466225.337499
600887.SH,伊利股份,1.0839348434784786e-10,12,1465026414.8355
600031.SH,三一重工,1.0664181890030167e-10,8,2081092857.7810001
600330.SH,天通股份,1.0511796354798177e-10,11,5095544533.432001
601088.SH,中国神华,1.0169980753748095e-10,12,2193118067.003
600118.SH,中国卫星,9.847265184701119e-11,15,3632632128.011
601601.SH,中国太保,9.823888464274059e-11,12,1571120377.025
600460.SH,士兰微,9.680157130177186e-11,8,4768184171.2895
601668.SH,中国建筑,9.261930693778867e-11,11,847344407.636
600406.SH,国电南瑞,9.100453710893146e-11,10,761267857.4059999
600601.SH,方正科技,8.813326511123089e-11,9,3640612071.9920006
600487.SH,亨通光电,8.682725030301814e-11,7,2585281326.473
600372.SH,中航机载,8.495397455060534e-11,7,888229913.4814999
600378.SH,昊华科技,8.487444066199603e-11,5,4039439929.451
600160.SH,巨化股份,8.409873780393892e-11,8,4233976899.6380005
600028.SH,中国石化,8.340525243970475e-11,12,1477946053.3019996
600919.SH,江苏银行,7.393516133315195e-11,7,1162859726.4149997
601888.SH,中国中免,7.379282646489898e-11,12,2867653490.9469995
600498.SH,烽火通信,7.053101033563908e-11,10,4838977052.686501
600703.SH,三安光电,6.958707460360913e-11,8,5705448571.29
601288.SH,农业银行,6.88081162793235e-11,12,2170198955.5950003
601985.SH,中国核电,6.705337357084186e-11,9,1365674430.6334999
601328.SH,交通银行,6.342175045589683e-11,9,1296364477.563
600276.SH,恒瑞医药,6.116276751119545e-11,13,3851755178.6010003
600667.SH,太极实业,5.963464447540567e-11,8,5596223695.0605
601991.SH,大唐发电,5.926240271471354e-11,8,7029590280.422501
600999.SH,招商证券,5.793787450327629e-11,6,1595668263.2059999
600869.SH,远东股份,5.6742075788362543e-11,8,4130192119.4309998
601688.SH,华泰证券,4.9022527154631005e-11,8,2338774365.059
600549.SH,厦门钨业,4.872435392965165e-11,7,6983800460.9515
601166.SH,兴业银行,4.858518225891484e-11,11,1965762252.207
601398.SH,工商银行,4.607721419244394e-11,9,2426447670.2409997
600111.SH,北方稀土,4.5383338771811886e-11,8,5546751461.4895
600176.SH,中国巨石,4.3069398424273164e-11,6,6952302640.514
601869.SH,长飞光纤,4.234982436070976e-11,9,6907919542.3550005
601211.SH,国泰海通,3.889358763040879e-11,7,2448064769.3884997
601899.SH,紫金矿业,3.658752998909167e-11,13,9514623493.072998
600105.SH,永鼎股份,3.574941181433894e-11,8,8306940324.073999
600519.SH,贵州茅台,2.7250547457454934e-11,14,5671790211.2630005
601318.SH,中国平安,2.7138429269870613e-11,11,4449872054.9939995
600584.SH,长电科技,2.6252753549415527e-11,12,18800942673.4925
600900.SH,长江电力,2.2610006523321424e-11,10,3392425016.4040003
600030.SH,中信证券,2.1881764300818127e-11,9,4825471584.392
600522.SH,中天科技,2.1527769967266658e-11,6,16573903092.9535
600036.SH,招商银行,1.872890252129294e-11,11,3325892718.2939997
600183.SH,生益科技,1.464354111624187e-11,5,13899822224.585499
