date,S1_MA_Cross,S2_Bollinger,S3_Vol_Break,S4_TrendTrail,S5_MACD,S6_Composite,S7_FundFlow,Buy_Hold
2025-06-25,1000000.0,1000000.0,1000000.0,1000000.0,1000000.0,1000000.0,1000000.0,1000000.0
2025-06-26,1000000.0,1000000.0,1000000.0,1000000.0,1000000.0,1000000.0,1000000.0,1009670.1688359207
2025-06-27,1000000.0,1000000.0,1000000.0,1000000.0,1000000.0,1000000.0,1000000.0,1032669.489310543
2025-06-30,1000000.0,1000000.0,1000000.0,1000000.0,1000000.0,1000000.0,1000000.0,1057236.9452720715
2025-07-01,1000000.0,1000000.0,1000000.0,1000000.0,1000000.0,1000000.0,1000000.0,1039726.0990016204
2025-07-02,1000000.0,1000000.0,1000000.0,1000000.0,1000000.0,1000000.0,1000000.0,1014897.2871256076
2025-07-03,1000000.0,1000000.0,1000000.0,1000000.0,1000000.0,1000000.0,1000000.0,1022476.6086456536
2025-07-04,1000000.0,1000000.0,1000000.0,1000000.0,1000000.0,1000000.0,1000000.0,990068.4752495949
2025-07-07,1000000.0,1000000.0,1000000.0,1000000.0,1000000.0,1000000.0,1000000.0,975432.5440384715
2025-07-08,1000000.0,1000000.0,1000000.0,1000000.0,1000000.0,1000000.0,1000000.0,1021692.5409022006
2025-07-09,1000000.0,1000000.0,1000000.0,1000000.0,1000000.0,1000000.0,1000000.0,1003397.6268882965
2025-07-10,1000000.0,1000000.0,1000000.0,1000000.0,1000000.0,1000000.0,1000000.0,1013329.1516387016
2025-07-11,1000000.0,1000000.0,1000000.0,1000000.0,1000000.0,1000000.0,1000000.0,1002090.8473158748
2025-07-14,1000000.0,1000000.0,1000000.0,1000000.0,1000000.0,1000000.0,1000000.0,1021431.1849877163
2025-07-15,1000000.0,1000000.0,1000000.0,1000000.0,1000000.0,1000000.0,1000000.0,1022999.3204746223
2025-07-16,1000000.0,1000000.0,1000000.0,1000000.0,1000000.0,1000000.0,1000000.0,1022737.964560138
2025-07-17,1000000.0,1000000.0,999715.0,999715.0,999715.0,1000000.0,1000000.0,1125712.1948669697
2025-07-18,1000000.0,1000000.0,980531.956491456,980531.956491456,980531.956491456,1000000.0,1000000.0,1102974.230306832
2025-07-21,1000000.0,1000000.0,969286.7240898958,969286.7240898958,969286.7240898958,1000000.0,1000000.0,1089645.0786681303
2025-07-22,1000000.0,1000000.0,957600.5021823922,957600.5021823922,957600.5021823922,1000000.0,1000000.0,1075793.21520046
2025-07-23,1000000.0,1000000.0,955395.5546526745,955395.5546526745,955395.5546526745,1000000.0,1000000.0,1073179.6560556164
2025-07-24,1000000.0,1000000.0,939299.4376857354,939299.4376857354,939032.6478544297,1000000.0,1000000.0,1054100.6742982594
2025-07-25,1000000.0,1000000.0,932905.0898495541,932905.0898495541,939032.6478544297,1000000.0,1000000.0,1046521.3527782133
2025-07-28,1000000.0,1000000.0,934889.5426263,934624.0757635122,939032.6478544297,1000000.0,1000000.0,1048873.5560085725
2025-07-29,1000000.0,1000000.0,1018677.548755572,934357.7079019196,938765.0235497911,1000000.0,1000000.0,1148188.8035126235
2025-07-30,1000000.0,1000000.0,1116136.2295690933,1023661.8403835444,1028490.3988778946,1000000.0,1000000.0,1263708.1177147038
2025-07-31,1000000.0,1000000.0,1165306.5594817977,1068717.997721559,1073759.083715377,1000000.0,1000000.0,1321990.4866447127
2025-08-01,1000000.0,1000000.0,1162660.6224461365,1066293.4511383474,1071323.100674795,1000000.0,1000000.0,1318854.2156709007
2025-08-04,1000000.0,1000000.0,1186694.5505200592,1088316.415935852,1093449.946626748,1000000.0,1000000.0,1347342.0103496942
2025-08-05,1000000.0,1000000.0,1300910.8325594352,1192976.0101111503,1198603.2145452043,1000000.0,1000000.0,1482724.3740525849
2025-08-06,1000000.0,1000000.0,1214476.889394502,1113774.1550595732,1119027.7685528588,1000000.0,1000000.0,1380272.8555747217
2025-08-07,1000000.0,1000000.0,1230352.5116084693,1128321.4345588423,1133643.6667963509,1000000.0,1000000.0,1399090.4814175945
2025-08-08,1000000.0,1000000.0,1272687.5041790488,1167114.179890227,1172619.3954456628,1000000.0,1000000.0,1449270.8169985886
2025-08-11,1000000.0,1000000.0,1254606.9344353639,1150546.4449049481,1155973.5113350193,1000000.0,1000000.0,1427839.6320108725
2025-08-12,1000000.0,1000000.0,1277758.8834973995,1171761.2275080495,1177288.362940112,1000000.0,1000000.0,1455282.0030317286
2025-08-13,1000000.0,1000000.0,1305982.2118777859,1197623.0577289723,1203272.1820396532,1000000.0,1000000.0,1488735.5600857248
2025-08-14,1000000.0,1000000.0,1207200.5625464336,1107106.6519557415,1112328.8151912584,1000000.0,1000000.0,1371648.1103967382
2025-08-15,1000000.0,1000000.0,1218004.8054420503,1117006.8838371886,1122275.7459403016,1000000.0,1000000.0,1384454.5502064712
2025-08-18,1000000.0,1000000.0,1264970.187825037,1160042.5856891936,1165178.8760668766,1000000.0,1000000.0,1440123.3599916366
2025-08-19,1000000.0,1000000.0,1350081.1624721396,1238032.1674491647,1164846.8000871975,1000000.0,1000000.0,1541006.7429825936
2025-08-20,1000000.0,1000000.0,1401897.429420505,1285512.8713703905,1208951.1632747937,1000000.0,1000000.0,1602425.3828864146
2025-08-21,1000000.0,1000000.0,1287460.6526281573,1180651.2316464917,1111546.2079796342,1000000.0,1000000.0,1466781.6632690397
2025-08-22,1000000.0,1000000.0,1344568.7936478453,1232981.0287341406,1160154.846556602,1000000.0,1000000.0,1534472.8451204852
2025-08-25,1000000.0,1000000.0,1474660.6979011884,1352187.902408708,1270884.9498786523,1000000.0,1000000.0,1688672.8346662482
2025-08-26,1000000.0,1000000.0,1617056.2093703563,1482668.917695209,1392087.4934809916,1000000.0,1000000.0,1857456.4842402383
2025-08-27,1000000.0,1000000.0,1712750.9321601037,1570356.685788026,1473539.806772127,1000000.0,1000000.0,1970884.951126444
2025-08-28,1000000.0,1000000.0,1879003.975900817,1722699.0294331512,1615049.125254883,1000000.0,1000000.0,2167947.31064764
2025-08-29,1000000.0,1000000.0,2062014.6208673846,1890396.8347719493,1770821.9824706488,1000000.0,1000000.0,2384872.719669646
2025-09-01,1000000.0,1000000.0,2078110.7378343237,1905146.1598198195,1784522.4867799873,1000000.0,1000000.0,2403951.7014270034
2025-09-02,1000000.0,1000000.0,1875255.5651002969,1719264.2551069348,1611858.5968540781,1000000.0,1000000.0,2163504.260101406
2025-09-03,1000000.0,1000000.0,2057825.2205609211,1886557.9693485308,1767256.0977873965,1000000.0,1000000.0,2379906.9572944436
2025-09-04,1000000.0,1000000.0,1946254.8755572063,1784322.9217564445,1672290.9583281463,1000000.0,1000000.0,2247660.864565365
2025-09-05,1000000.0,1000000.0,2031145.3554513368,1862110.4579678145,1744547.0426993147,1000000.0,1000000.0,2348282.891641838
2025-09-08,1000000.0,1000000.0,1901494.4407039373,1743307.6753904494,1634192.295659712,1000000.0,1000000.0,2194605.613925043
2025-09-09,1000000.0,1000000.0,2006008.9536125553,1839077.265427305,1723151.7345997998,1000000.0,1000000.0,2318488.3173906226
2025-09-10,1000000.0,1000000.0,1981754.530785661,1816852.255081199,1702507.1390651804,1000000.0,1000000.0,2289739.1667973446
2025-09-11,1000000.0,1000000.0,2106113.571461738,1930805.9444921413,1808357.6107154116,1000000.0,1000000.0,2437143.902566515
2025-09-12,1000000.0,1000000.0,2019018.1440378898,1850997.9527947614,1733721.9551916665,1000000.0,1000000.0,2333908.316345199
2025-09-15,1000000.0,1000000.0,1967201.8770895244,1803517.2488735355,1733721.9551916665,1000000.0,1000000.0,2272489.676441378
2025-09-16,1000000.0,1000000.0,2159032.312174963,1979296.8761563725,1733721.9551916665,1000000.0,1000000.0,2499869.3220427576
2025-09-17,1000000.0,1000000.0,2247891.697622585,2060721.23224256,1733227.8444344369,1000000.0,1000000.0,2605195.755579949
2025-09-18,1000000.0,1000000.0,2467724.966335438,2262160.6441977187,1897915.055653822,1000000.0,1000000.0,2865767.6023208406
2025-09-19,1000000.0,1000000.0,2709607.710345468,2483804.6110129734,2079120.5428229945,1000000.0,1000000.0,3152475.040510167
2025-09-22,1000000.0,1000000.0,2591863.5122585436,2375912.28806006,1990912.9492511274,1000000.0,1000000.0,3012910.9821755267
2025-09-23,1000000.0,1000000.0,2635741.968099925,2416119.352231651,2023784.318391205,1000000.0,1000000.0,3064920.809157911
2025-09-24,1000000.0,1000000.0,2482057.125278603,2275293.6048567807,1908651.9350211837,1000000.0,1000000.0,2882755.736762323
2025-09-25,1000000.0,1000000.0,2433107.2901188703,2230439.4930673675,1871981.3624126548,1000000.0,1000000.0,2824734.7237467985
2025-09-26,1000000.0,1000000.0,2321095.955609212,2127800.354378079,1787558.105860884,1000000.0,1000000.0,2691965.9191887514
2025-09-29,1000000.0,1000000.0,2377322.117617013,2179321.969271324,1787558.105860884,1000000.0,1000000.0,2758611.677382259
2025-09-30,1000000.0,1000000.0,2273469.0889673103,2083547.2876866437,1787558.105860884,1000000.0,1000000.0,2635513.041660133
2025-10-09,1000000.0,1000000.0,2210407.5896173846,2083547.2876866437,1787558.105860884,1000000.0,1000000.0,2560765.25011761
2025-10-10,1000000.0,1000000.0,2061573.6313614412,2083547.2876866437,1787558.105860884,1000000.0,1000000.0,2384350.0078406776
2025-10-13,1000000.0,1000000.0,2003583.511329866,2083547.2876866437,1787558.105860884,1000000.0,1000000.0,2315613.402331295
2025-10-14,1000000.0,1000000.0,1928174.3058135214,2083547.2876866437,1787558.105860884,1000000.0,1000000.0,2226229.6795776486
2025-10-15,1000000.0,1000000.0,1946475.3703101783,2083547.2876866437,1787558.105860884,1000000.0,1000000.0,2247922.2204798493
2025-10-16,1000000.0,1000000.0,1938758.0539561661,2083547.2876866437,1787558.105860884,1000000.0,1000000.0,2238774.7634728975
2025-10-17,1000000.0,1000000.0,1871286.659546805,2083547.2876866437,1787558.105860884,1000000.0,1000000.0,2158799.8536406877
2025-10-20,1000000.0,1000000.0,1865333.3012165674,2083547.2876866437,1787558.105860884,1000000.0,1000000.0,2151743.2439496107
2025-10-21,1000000.0,1000000.0,1989912.8366456165,2083547.2876866437,1787558.105860884,1000000.0,1000000.0,2299409.3356332653
2025-10-22,1000000.0,1000000.0,2069511.4424684248,2083547.2876866437,1787558.105860884,1000000.0,1000000.0,2393758.8207621137
2025-10-23,1000000.0,1000000.0,1934789.1484026744,2083547.2876866437,1787558.105860884,1000000.0,1000000.0,2234070.357012179
2025-10-24,1000000.0,1000000.0,2032027.334463224,2083547.2876866437,1787558.105860884,1000000.0,1000000.0,2349328.315299775
2025-10-27,1000000.0,1000000.0,2108980.003250371,2083547.2876866437,1787558.105860884,1000000.0,1000000.0,2440541.5294548115
2025-10-28,1000000.0,1000000.0,2062455.610373328,2083547.2876866437,1787558.105860884,1000000.0,1000000.0,2385395.4314986146
2025-10-29,1000000.0,1000000.0,2056502.2520430903,2083547.2876866437,1787558.105860884,1000000.0,1000000.0,2378338.8218075377
2025-10-30,1000000.0,1000000.0,2001378.5638001484,2083547.2876866437,1787558.105860884,1000000.0,1000000.0,2312999.843186451
2025-10-31,1000000.0,1000000.0,1921779.95797734,2083547.2876866437,1787558.105860884,1000000.0,1000000.0,2218650.358057603
2025-11-03,1000000.0,1000000.0,1925528.3687778602,2083547.2876866437,1787558.105860884,1000000.0,1000000.0,2223093.408603837
2025-11-04,1000000.0,1000000.0,1870845.6700408615,2083547.2876866437,1787558.105860884,1000000.0,1000000.0,2158277.141811719
2025-11-05,1000000.0,1000000.0,1830495.130247028,2083547.2876866437,1787558.105860884,1000000.0,1000000.0,2110449.009461084
2025-11-06,1000000.0,1000000.0,1884516.3447251113,2083547.2876866437,1787558.105860884,1000000.0,1000000.0,2174481.2085097483
2025-11-07,1000000.0,1000000.0,1852103.6160382614,2083547.2876866437,1787558.105860884,1000000.0,1000000.0,2136061.88908055
2025-11-10,1000000.0,999715.0,1812855.5500092867,2083547.2876866437,1787558.105860884,1000000.0,1000000.0,2089540.5363023365
2025-11-11,1000000.0,993062.8373983739,1800507.8438428675,2083547.2876866437,1787558.105860884,1000000.0,1000000.0,2074904.6050912132
2025-11-12,1000000.0,979520.9349593496,1775371.442004086,2083547.2876866437,1787558.105860884,1000000.0,1000000.0,2045110.0308399978
2025-11-13,1000000.0,980708.8211382113,1777576.3895338036,2083547.2876866437,1787558.105860884,1000000.0,1000000.0,2047723.5899848414
2025-11-14,1000000.0,993656.7804878048,1801610.3176077264,2083547.2876866437,1787558.105860884,1000000.0,1000000.0,2076211.384663635
2025-11-17,1000000.0,1013375.6910569104,1838212.4466010397,2083547.2876866437,1787558.105860884,1000000.0,1000000.0,2119596.466468036
2025-11-18,1000000.0,1014563.5772357723,1840417.3941307575,2083547.2876866437,1787558.105860884,1000000.0,1000000.0,2122210.0256128795
2025-11-19,1000000.0,1044023.1544715448,1895100.0928677563,2083547.2876866437,1787558.105860884,1000000.0,1000000.0,2187026.292404997
2025-11-20,1000000.0,981421.5528455283,1778899.3580516342,2083547.2876866437,1787558.105860884,1000000.0,1000000.0,2049291.7254717473
2025-11-21,1000000.0,915256.2926829269,1656083.7806463595,2083547.2876866437,1787558.105860884,1000000.0,1000000.0,1903716.4811039674
2025-11-24,1000000.0,924759.3821138211,1673723.360884101,2083547.2876866437,1787558.105860884,1000000.0,1000000.0,1924624.9542627148
2025-11-25,1000000.0,1012187.8048780487,1836007.4990713221,2083547.2876866437,1787558.105860884,1000000.0,1000000.0,2116982.907323193
2025-11-26,1000000.0,1067305.7235772358,1938317.0644502228,2083547.2876866437,1787048.6518007137,999715.0,1000000.0,2238252.0516439285
2025-11-27,1000000.0,1087024.6341463414,1974919.193443536,2083547.2876866437,1819955.3944350285,1018123.7680990191,1000000.0,2281637.1334483298
2025-11-28,999714.9999999999,1084100.9611674796,1970068.3088781573,2083547.2876866437,1815594.259869035,1015684.0518449323,1000000.0,2275887.3033296745
2025-12-01,983246.5841754706,1084100.9611674796,1936773.60117942,2083547.2876866437,1785661.0180751702,998938.7266464268,1000000.0,2236422.5602425383
2025-12-02,956417.2444878272,1084100.9611674796,1882531.8919483654,2083547.2876866437,1736895.6042917878,971658.2630780009,1000000.0,2172129.0052793897
2025-12-03,955435.6832797426,1084100.9611674796,1880547.4391716192,2083547.2876866437,1735111.5037875178,970660.1973376926,1000000.0,2169776.8020490305
2025-12-04,951291.313734497,1084100.9611674796,1872168.6385586923,2083547.2876866437,1727578.6349917108,966446.1419897244,1000000.0,2159845.277298625
2025-12-05,962088.4870234266,1084100.9611674796,1893997.6191028971,2083547.2876866437,1747203.7405386816,977424.8651331153,1000000.0,2185719.5128325755
2025-12-08,1013129.6698438218,1084100.9611674796,1997189.1634936847,2083547.2876866437,1839976.9667607264,1029324.2836291452,1000000.0,2308034.0808112486
2025-12-09,1025889.9655489206,1084100.9611674796,2022987.0495913818,2083547.2876866437,1863170.2733162376,1042299.1382531527,1000000.0,2338612.7228059173
2025-12-10,1123500.7745751033,1084100.9611674796,2220329.8535011145,2083547.2876866437,2040589.1567964295,1141551.2313171416,1000000.0,2572526.266269406
2025-12-11,1154474.4838079924,1084100.9611674796,2282950.3633450964,2083547.2876866437,2096887.4393756187,1173045.7502335357,1000000.0,2646751.3459829595
2025-12-12,1203007.2324299493,1084100.9611674796,2381070.5284175333,2083547.2876866437,2185101.2976423064,1222394.5562821112,1000000.0,2763054.727928493
2025-12-15,1087728.3216582453,1084100.9611674796,2148007.574526374,2083547.2876866437,1975568.605085253,1105177.2798925736,1000000.0,2486801.5263185403
2025-12-16,1023926.8431327514,1084100.9611674796,2019018.1440378898,2083547.2876866437,1859602.0723076973,1040303.0067725361,1000000.0,2333908.316345199
2025-12-17,1121319.5274460267,1084100.9611674796,2215919.958441679,2083547.2876866437,2036624.4890091626,1139333.30744979,1000000.0,2567299.1479797186
2025-12-18,1228418.761483693,1084100.9611674796,2432445.805859955,2083547.2876866437,2231289.677363965,1248233.3693367585,1000000.0,2823950.6560033453
2025-12-19,1309670.2170418005,1084100.9611674796,2596714.3968239226,2082953.4767096534,2378973.552439656,1330851.0333956096,1000000.0,3018660.8122941824
2025-12-22,1435637.2387459807,1084100.9611674796,2851385.8365063146,2280831.0879421853,2607933.117154317,1458936.1367351704,1000000.0,3320526.8935236004
2025-12-23,1424949.1278135045,1084100.9611674796,2829777.350715081,2264041.4724436672,2588506.2449967093,1448068.309785147,1000000.0,3294914.0139041347
2025-12-24,1473263.751722554,1084100.9611674796,2927456.5262815747,2339937.3874012535,2676323.6364846705,1497195.3234469874,1000000.0,3410694.6840206995
2025-12-25,1413279.4556729444,1084100.9611674796,2806184.4121471024,2245709.953481,2567295.2723348318,1436202.4170948155,1000000.0,3266948.93105431
2025-12-26,1379033.87574644,1084100.9611674796,2736949.059713967,2191914.6548428917,2505049.9880747423,1401381.0123773937,1000000.0,3184883.1739062252
2025-12-29,1366927.9541800641,1084100.9611674796,2712474.1421341007,2172897.8454517135,2483046.081855411,1389071.5349135918,1000000.0,3155872.667398463
2025-12-30,1351113.912494258,1084100.9611674796,2680502.4029531945,2148056.067418192,2454302.240397726,1372991.5868752918,1000000.0,3117976.059798233
2025-12-31,1319049.5796968304,1084100.9611674796,2615676.9455794943,2097089.167965677,2396021.6239249036,1340388.1060252218,1000000.0,3041137.4209398357
2026-01-05,1306289.2839917317,1084100.9611674796,2589879.0594817977,2097089.167965677,2372143.282245769,1327413.2514012144,1000000.0,3010558.7789451675
2026-01-06,1292438.3647220945,1084100.9611674796,2561876.2258543833,2097089.167965677,2372143.282245769,1313329.434843531,1000000.0,2977366.5778056555
2026-01-07,1334318.3096003674,1084100.9611674796,2646546.2109955424,2097089.167965677,2372143.282245769,1355913.5730966837,1000000.0,3077727.2489676443
2026-01-08,1267463.0850941662,1084100.9611674796,2511382.927423848,2097089.167965677,2372143.282245769,1287934.206562354,1000000.0,2917516.073388741
2026-01-09,1271825.5793523197,1084100.9611674796,2520202.717542719,2097089.167965677,2372143.282245769,1292370.0542970574,1000000.0,2927970.3099681144
2026-01-12,1254559.4378277445,1084100.9611674796,2486026.030832095,2097089.167965677,2372143.282245769,1275181.1443250817,1000000.0,2887460.143223041
2026-01-13,1254559.4378277445,1084100.9611674796,2413703.751857355,2097089.167965677,2372143.282245769,1238807.1929005138,1000000.0,2801735.403272176
2026-01-14,1254559.4378277445,1084100.9611674796,2413703.751857355,2097089.167965677,2372143.282245769,1238807.1929005138,1000000.0,2801735.403272176
2026-01-15,1254559.4378277445,1084100.9611674796,2439501.637955052,2097089.167965677,2372143.282245769,1251782.0475245214,1000000.0,2832314.0452668443
2026-01-16,1254559.4378277445,1084100.9611674796,2572459.973997028,2097089.167965677,2372143.282245769,1318652.4521251752,1000000.0,2989911.6617009044
2026-01-19,1254559.4378277445,1084100.9611674796,2648089.6742663444,2097089.167965677,2372143.282245769,1356689.8464502569,999715.0,3079556.7403690345
2026-01-20,1254559.4378277445,1084100.9611674796,2660657.8751857355,2097089.167965677,2372143.282245769,1363010.9294722092,1004309.2251548843,3094454.027494642
2026-01-21,1254559.4378277445,1084100.9611674796,2567388.594678677,2097089.167965677,2372143.282245769,1316101.8396777206,970215.2384791649,2983900.4756677644
2026-01-22,1254559.4378277445,1084100.9611674796,2478308.714478083,2097089.167965677,2372143.282245769,1271299.7775572161,937652.660188407,2878312.686216089
2026-01-23,1254559.4378277445,1084100.9611674796,2532329.928956166,2097089.167965677,2372143.282245769,1298469.3449322747,957399.7683102775,2942344.8852647534
2026-01-26,1254201.8883879636,1084100.9611674796,2780607.0208023773,2097089.167965677,2372143.282245769,1423338.4586641756,1048155.8652295681,3236631.6449741255
2026-01-27,1280756.0551315888,1084100.9611674796,2841463.572622585,2096491.497552807,2371467.2214103295,1453945.808033629,1070401.587032165,3308765.877371805
2026-01-28,1364459.4068234512,1084100.9611674796,3033294.007708024,2233357.550006554,2526284.618712802,1550425.4962634284,1140523.9709751338,3536145.522973185
2026-01-29,1366960.8862992998,1084100.9611674796,3039026.8712852895,2237447.799849999,2530911.3455287376,1553308.7972909855,1142619.5824492914,3542940.7767497776
2026-01-30,1497422.6620397195,1084100.9611674796,3338017.7563150073,2450770.0609158394,2772212.9440829353,1703684.0354974312,1251913.7808707461,3897339.396790549
2026-02-02,1592382.6713729012,1084100.9611674796,3555646.0774981426,2606042.2376650902,2947850.612057119,1813138.5783512378,1331466.4164474243,4155297.6843865975
2026-02-03,1652321.9680442002,1084100.9611674796,3693014.308599554,2704050.9166061063,3058714.1046081996,1882226.9068192432,1381680.491385895,4318122.419110345
2026-02-04,1732080.6790241469,1084100.9611674796,3875804.4588131495,2834466.959691343,3206235.5096240034,1974159.8511209714,1448498.2572349994,4534786.472217866
2026-02-05,1619033.0488655975,1084100.9611674796,3616723.124071322,2649619.1302279495,2997143.0477499748,1843856.8239140587,1353792.7386913348,4227693.272698761
2026-02-06,1744203.2334071065,1084100.9611674796,3903586.7976875925,2854288.939701886,3228657.3395781545,1988132.7714852872,1458653.912840533,4567717.317442894
2026-02-09,1912379.6227833997,1084100.9611674796,4289011.625882243,3129279.583022747,3539715.7424341557,2181979.317491826,1599543.4842569805,5024567.455961528
2026-02-10,2097392.893247136,1084100.9611674796,4713023.035846953,3431800.754136029,3881915.575782033,2395232.6973376926,1754538.1329033354,5527154.879514923
2026-02-11,2162623.781117346,1084100.9611674796,4862518.478361812,3538461.884668949,4002566.3750591325,2470420.316440915,1809185.2321140626,5704354.18953531
2026-02-12,2246711.9758054926,1084100.9611674796,5055230.892459137,3675957.20632938,4158095.576487133,2567343.5894441847,1879630.0178222863,5932779.258794626
2026-02-13,2115769.146319717,1084100.9611674796,4755137.533664561,3461848.358755185,3915904.222776024,2416413.8702709014,1769932.8171942628,5577073.859181433
2026-02-24,2321082.8848374574,1084100.9611674796,5225673.336506315,3797563.4805210424,4295651.723745536,2653066.346917328,1941934.1589578206,6134807.380691025
2026-02-25,2261624.641911514,1084100.9611674796,5089407.579169762,3700341.388088381,4185677.9863513666,2584532.499416161,1892123.0862259187,5973289.4255397
2026-02-26,2335225.86495091,1084100.9611674796,5258086.065193164,3820689.1238666754,4321810.525358712,2669368.0873423633,1953782.423830943,6173226.700120224
2026-02-27,2288178.8086551395,1084100.9611674796,5150264.13098997,3743760.9633495696,4234792.47101284,2615139.848785614,1914368.8080285157,6045423.657937379
2026-03-02,2395068.950873138,1084100.9611674796,5395233.801541604,3918540.4855060205,4432496.066878411,2738345.519617001,2003915.8983280999,6335790.078929486
2026-03-03,2333301.6499694884,1084100.9611674796,5253676.1701337285,3817542.777833256,4318251.504731069,2667150.1634750115,1952170.4150046678,6167999.581830537
2026-03-04,2258930.7409375235,1084100.9611674796,5083233.726086552,3695936.5036415937,4180695.3574726665,2581427.406001868,1889314.313986973,5965971.459934139
2026-03-05,2211691.26314361,1084100.9611674796,4974970.802377414,3618693.708521146,4092128.9867929444,2526977.375058384,1889314.313986973,5837645.705922325
2026-03-06,2113941.1420873664,1084100.9611674796,4750948.133358098,3457853.128561949,4092128.9867929444,2414306.842596917,1889314.313986973,5572108.096806231
2026-03-09,2101529.955457194,1084100.9611674796,4722504.310224739,3457853.128561949,4092128.9867929444,2400001.2336524986,1889314.313986973,5538393.18383775
2026-03-10,2305400.532738867,1084100.9611674796,5189732.691771916,3457853.128561949,4092128.9867929444,2634990.267398412,1889314.313986973,6092206.366630076
2026-03-11,2468092.9094181075,1084100.9611674796,5562589.319047176,3457853.128561949,4092128.9867929444,2822515.7303829985,1889314.313986973,6534159.218023104
2026-03-12,2419891.3241334837,1084100.9611674796,5452121.447808321,3457853.128561949,4092128.9867929444,2766956.7375058383,1889314.313986973,6403219.904866447
2026-03-13,2390065.9919214407,1084100.9611674796,5383768.074387073,3457853.128561949,4092128.9867929444,2732578.917561887,1888775.8594074866,6322199.5713763
2026-03-16,2304438.4252481563,1084100.9611674796,5187527.744242199,3457853.128561949,4092128.9867929444,2633881.305464736,1822759.4878531152,6089592.807485233
2026-03-17,2139052.147594925,1084100.9611674796,4808497.263883729,3457853.128561949,4092128.9867929444,2443250.749065857,1694771.2266212965,5640321.990486644
2026-03-18,2207554.200933553,1084100.9611674796,4965489.527999628,3457853.128561949,4092128.9867929444,2522208.8387435777,1694771.2266212965,5826407.401599498
2026-03-19,2139583.4329723706,1084100.9611674796,4811143.200919391,3457853.128561949,4092128.9867929444,2444581.503386268,1694771.2266212965,5643458.261460457
2026-03-20,2139583.4329723706,1084100.9611674796,4832090.202451708,3457853.128561949,4092128.9867929444,2455116.6417561886,1694771.2266212965,5668287.07333647
2026-03-23,2139583.4329723706,1084100.9611674796,4726693.710531203,3457853.128561949,4092128.9867929444,2402108.261326483,1694771.2266212965,5543358.946212953
2026-03-24,2139583.4329723706,1084100.9611674796,5194363.081584323,3457853.128561949,4092128.9867929444,2637319.087459131,1694288.2168217094,6097694.840834248
2026-03-25,2139583.4329723706,1084100.9611674796,5708777.340267458,3457853.128561949,4092128.9867929444,2896039.9065857073,1855236.2836109458,6707438.189326224
2026-03-26,2138973.6516939737,1084100.9611674796,5978662.917904902,3457853.128561949,4092128.9867929444,3031776.847267632,1939677.1039067132,7027337.828655062
2026-03-27,2179631.6787046995,1084100.9611674796,6097289.095003714,3456867.6404203093,4090962.7300317087,3091438.9992993926,1976792.4317818135,7167947.310647639
2026-03-30,2386927.158426672,1084100.9611674796,6702106.202405274,3785313.0346116107,4479655.039443884,3395627.257706679,2166025.4138662005,7884846.584078197
2026-03-31,2445873.7403381346,1084100.9611674796,6874092.109723253,3878709.8291683793,4590183.658234077,3482126.2885333956,2219835.7405252685,8088704.197375987
2026-04-01,2434613.4317422267,1084100.9611674796,6841238.39153046,3860868.6466184324,4569069.857978001,3465602.7557216254,2209556.588381421,8049762.166117819
2026-04-02,2619690.584436034,1084100.9611674796,7381230.041558321,4154110.6336306445,4916101.380307719,3737187.5332788415,2378507.2165712365,8689822.80068998
2026-04-03,2770911.2388012055,1084100.9611674796,7822440.042254828,4393709.333512815,5199649.79851179,3959090.8162073796,2516551.4007312288,9212795.985573154
2026-04-07,2805674.607620786,1084100.9611674796,7923867.628621842,4448789.494405269,5264833.342926519,4010103.065156469,2548285.6959404224,9333019.706235953
2026-04-08,2843460.8780768504,1084100.9611674796,8034115.005107726,4508659.2345057605,5335685.021638179,4065551.161840262,2582779.49508085,9463697.663478125
2026-04-09,3117109.0487196743,1084100.9611674796,8832526.505618498,4942235.892313527,5848792.878868032,4467106.278024288,2832583.588455829,10410067.429825937
2026-04-10,3011836.4992290763,1084100.9611674796,8525377.314728824,4775438.796393555,5651400.101977343,4312627.880663241,2736483.8640505965,10045998.640949244
2026-04-13,2896966.2370426385,1084100.9611674796,8190225.290211738,4593434.786488058,5436010.998693893,4144065.666744512,2631622.714663696,9648737.65093304
2026-04-14,2861598.2878957624,1084100.9611674796,8087033.74582095,4537396.709753997,5369693.8274197765,4092166.248248482,2599336.5186682553,9526423.082954368
2026-04-15,2817086.0612985175,1084100.9611674796,7957162.336320579,4466870.155915617,5286230.54989744,4026848.390354974,2557960.634002247,9372484.449323088
2026-04-16,2891978.449342438,1084100.9611674796,8175672.636515601,4585531.980794793,5426658.577103952,4136746.517982251,2557960.634002247,9631488.160577074
2026-04-17,2872102.871082548,1084100.9611674796,8117682.516484026,4552726.153149612,5387835.158858189,4107580.819126576,2557960.634002247,9562751.555067692
2026-04-20,3016521.9967656285,1084100.9611674796,8539047.989413075,4552726.153149612,5387835.158858189,4319503.444652032,2557960.634002247,10062202.707647273
2026-04-21,2990676.1877736803,1084100.9611674796,8463638.78389673,4552726.153149612,5387835.158858189,4281576.946520317,2557960.634002247,9972818.984893627
2026-04-22,3220567.8572283797,1084100.9611674796,9134383.822436849,4552726.153149612,5386299.625837915,4618923.166744512,2557960.634002247,10767863.676755005
2026-04-23,3016673.141847453,1084100.9611674796,8539488.978919018,4552726.153149612,5049782.13109035,4319725.237038767,2557960.634002247,10062725.419476243
2026-04-24,2889257.8378696013,1084100.9611674796,8167734.825408618,4552726.153149612,5049782.13109035,4132754.2550210184,2557960.634002247,9622079.347655637
2026-04-27,2959842.591081531,1084100.9611674796,8373676.924684249,4552726.153149612,5049782.13109035,4236331.299626343,2557960.634002247,9866185.771784015
2026-04-28,2929538.002175767,1084100.9611674796,8285258.5287425695,4552726.153149612,5049782.13109035,4191861.926085941,2557960.634002247,9761382.050075794
2026-04-29,2907092.957524864,1084100.9611674796,8219771.587109954,4552726.153149612,5049782.13109035,4158925.756655768,2557960.634002247,9683759.343473943
2026-04-30,2780689.0408620397,1084100.9611674796,7853309.307670875,4552726.153149612,5049782.13109035,3974616.2832788415,2557960.634002247,9249385.813600961
2026-05-06,2780689.0408620397,1084100.9611674796,8010963.056045691,4552726.153149612,5049782.13109035,4053907.061536665,2557960.634002247,9436255.292457268
2026-05-07,2780689.0408620397,1084100.9611674796,8631655.785661217,4552726.153149612,5049782.13109035,4366079.8458664175,2557960.634002247,10171972.191730699
2026-05-08,2780689.0408620397,1084100.9611674796,8808713.072297547,4552726.153149612,5049782.13109035,4455129.489140589,2557960.634002247,10381840.991061628
2026-05-11,2779896.5444853944,1084100.9611674796,8876625.456212852,4552726.153149612,5049782.13109035,4489285.516697804,2557960.634002247,10462338.612722807
2026-05-12,2853453.5686185197,1084100.9611674796,9122477.105776373,4552726.153149612,5049782.13109035,4612934.772302662,2557231.6152215567,10753750.45737285
2026-05-13,2823766.8772643437,1084100.9611674796,9023254.466939077,4552726.153149612,5049782.13109035,4563031.485287248,2530662.808713399,10636140.295854894
2026-05-14,2808857.561162024,1084100.9611674796,8973422.652767457,4552726.153149612,5049782.13109035,4537968.945586175,2517319.36366708,10577073.859181434
2026-05-15,2609297.0248367274,1084100.9611674796,8306426.025027859,4552726.153149612,5049782.13109035,4202507.96064923,2338054.696166889,9786472.21786629
2026-05-18,2774420.9991911794,1084100.9611674796,8858324.391716195,4552726.153149612,5049782.13109035,4480081.132648296,2338054.696166889,10440646.071820606
2026-05-19,2763997.672004602,1084100.9611674796,8823486.220746655,4552726.153149612,5049782.13109035,4462559.534096217,2338054.696166889,10399351.83733208
2026-05-20,2764327.5241307593,1084100.9611674796,8824588.694511514,4552726.153149612,5049782.13109035,4463114.015063055,2338054.696166889,10400658.6169045
2026-05-21,2618203.032242981,1084100.9611674796,8336192.816679048,4552726.153149612,5049782.13109035,4217478.946753854,2338054.696166889,9821755.266321676
2026-05-22,2703040.9990906934,1084100.9611674796,8619749.069000743,4552726.153149612,5049782.13109035,4360091.451424568,2337388.3505784813,10157858.972348545
2026-05-25,2685690.7772548078,1084100.9611674796,8561758.948969167,4552726.153149612,5049782.13109035,4330925.752568892,2321701.041907272,10089122.366839161
2026-05-26,2539175.8789875517,1084100.9611674796,8074465.544901559,4552726.153149612,5049782.13109035,4085845.16522653,2321701.041907272,9511525.79582876
2026-05-27,2539175.8789875517,1084100.9611674796,8122312.906296433,4552726.153149612,5049782.13109035,4109909.639187296,2321701.041907272,9568240.029271862
2026-05-28,2539175.8789875517,1084100.9611674796,8220433.07136887,4552726.153149612,5049782.13109035,4159258.4452358712,2321701.041907272,9684543.411217395
2026-05-29,2539175.8789875517,1084100.9611674796,8931749.144455794,4552726.153149612,5049782.13109035,4517009.565039701,2321701.041907272,10527677.591343893
2026-06-01,2539175.8789875517,1084100.9611674796,8243144.030924962,4552726.153149612,5049782.13109035,4170680.7531527323,2321701.041907272,9711463.070409283
2026-06-02,2539175.8789875517,1084100.9611674796,9062502.532968052,4552726.153149612,5049782.13109035,4582771.007706679,2321039.3571103285,10682661.648633108
2026-06-03,2538452.21386204,1084100.9611674796,9861796.012490712,4551428.626195964,5048342.94318299,4984769.708664176,2516590.5474924603,11630076.838638859
2026-06-04,2597521.582335597,1084100.9611674796,10102135.29322994,4657339.6270545665,5165817.059049077,5105646.559434843,2575390.7674970184,11914954.785426794
2026-06-05,2520460.442914131,1084100.9611674796,9788591.754504085,4519169.495659216,5012561.836332035,4947952.172466137,2498680.755711255,11543306.675030056
2026-06-08,2513036.1277940604,1084100.9611674796,9758383.973346952,4505857.746010016,4997796.741035105,4932759.393974778,2491290.26934371,11507500.914745701
2026-06-09,2751643.8611785285,1084100.9611674796,10729222.370681647,4933679.889845269,5472327.504483162,5421035.333372256,2728810.7910685446,12658251.00622027
2026-06-10,2580180.1163617084,1084100.9611674796,10031576.972278973,4626246.489187822,5131329.245216832,5070159.777557216,2558128.317587423,11831320.892791804
2026-06-11,2525012.5777322766,1084100.9611674796,9807113.313753713,4527331.444349237,5021614.887462999,4957267.4527090145,2503212.148812524,11565260.57184674
2026-06-12,2492443.1369500677,1084100.9611674796,9674595.96721768,4468934.644793255,4956842.462109312,4890618.840495096,2470084.6982586714,11408185.66724165
2026-06-15,2567228.208962461,1084100.9611674796,9978878.72631872,4603023.801843596,5105571.159260873,5043655.587342364,2470084.6982586714,11768856.829230046
2026-06-16,2642013.280974854,1084100.9611674796,10283161.485419761,4735760.115898565,5254299.856412434,5196692.334189631,2470084.6982586714,12129527.99121844
2026-06-17,2622504.13175423,1084100.9611674796,10203783.374349924,4735760.115898565,5215501.065851157,5156769.7045773,2470084.6982586714,12035439.862004077
2026-06-18,2682386.3814453124,1084100.9611674796,10447430.076383729,4735760.115898565,5334591.797990631,5279309.998248482,2469380.724119668,12324238.147509279
2026-06-22,2937956.23623549,1084100.9611674796,11487283.331398588,4735760.115898565,5842855.954343355,5802296.446170014,2703993.2471415945,13556792.64021745
2026-06-23,3219050.5612559845,1084100.9611674796,12630989.61506315,4734410.424265535,6401881.861680416,6377515.001167679,2962037.17354421,14912445.768647745
2026-06-24,3270099.501716618,1084100.9611674796,12838695.672362555,4808663.996388625,6503405.36364909,6481979.215319944,3008899.980305587,15158643.040091997
2026-06-25,3243003.4611324174,1084100.9611674796,12728448.29587667,4769251.272331783,6449518.154536206,6426531.118636151,2984025.879052202,15027965.082849825
2026-06-26,3068706.0123913023,1084100.9611674796,12019273.226841101,4515725.771818222,6102884.370940849,6069856.800869921,2824021.2328117033,14191626.156499922
